Iteration	Posterior	Likelihood	Prior	matrix_probs[1]	matrix_probs[2]	matrix_probs[3]	matrix_probs[4]	neo_beta	rate_log_sd	tree_length	two_beta
0	-1833.242	-2113.755	280.5131	0.489479	0.424361	0.00975266	0.076407	1.322678	1.116418	4.422387	1.669054
6	-1819.336	-2098.951	279.6149	0.691709	0.186534	0.013782	0.107975	1.460186	1.202855	4.550612	2.277897
12	-1828.1	-2108.801	280.7014	0.381143	0.534769	0.0075941	0.0764936	0.9706236	1.216667	4.562883	1.432935
18	-1810.455	-2091.22	280.7649	0.56715	0.353592	0.0150434	0.0642141	1.285686	1.174534	4.053598	2.155627
24	-1808.128	-2088.354	280.2257	0.651422	0.292928	0.0172787	0.0383714	1.285686	1.30496	4.130007	2.554252
30	-1811.806	-2091.748	279.9424	0.582579	0.261971	0.0167151	0.138735	1.77899	1.041546	4.202005	2.551207
36	-1796.827	-2078.198	281.3711	0.511924	0.319948	0.0462183	0.121909	1.654475	1.202598	3.807582	1.489322
42	-1821.126	-2101.358	280.2312	0.539606	0.301904	0.0756729	0.0828166	1.683471	1.275425	4.401691	1.489322
48	-1824.739	-2107.428	282.6891	0.651789	0.209313	0.0524647	0.0864332	2.638745	1.478997	2.387329	1.563143
54	-1802.898	-2085.237	282.3388	0.580282	0.27866	0.0474498	0.0936082	1.210851	1.567696	3.106749	1.79876
60	-1808.672	-2089.865	281.1935	0.540496	0.259555	0.124037	0.0759127	1.298378	1.324743	3.946963	1.633385
66	-1810.325	-2091.236	280.9108	0.426332	0.406491	0.0756392	0.0915384	1.298378	1.432923	4.26762	1.194584
72	-1807.244	-2086.28	279.0363	0.414391	0.32829	0.0504562	0.206863	1.46147	1.203745	5.121196	1.687367
78	-1817.573	-2099.157	281.5835	0.404191	0.354175	0.0398628	0.201771	1.121262	1.143302	4.055299	1.365118
84	-1817.87	-2099.948	282.0777	0.429764	0.319411	0.140711	0.110115	0.735131	1.31563	3.795402	1.57145
90	-1820.842	-2103.163	282.3218	0.641808	0.168319	0.136186	0.0536872	1.368336	1.495192	2.986992	1.986432
96	-1813.02	-2093.895	280.8752	0.676676	0.150787	0.12388	0.0486564	2.140927	1.396017	3.004765	3.372819
102	-1805.719	-2088.748	283.0284	0.590278	0.192721	0.155805	0.0611954	1.554751	1.396017	2.389686	2.26318
108	-1813.431	-2097.804	284.3731	0.50981	0.298566	0.142961	0.0486627	1.045319	1.735876	2.151911	1.218204
114	-1798.503	-2083.173	284.6707	0.463329	0.374666	0.131895	0.0301097	1.045319	1.439379	2.237612	1.078892
120	-1799.958	-2083.555	283.5972	0.520995	0.271571	0.148311	0.0591235	1.753	1.671516	2.270086	1.247049
126	-1802.442	-2085.749	283.3073	0.324702	0.618911	0.0310054	0.0253813	1.215627	1.604199	2.847673	1.136172
132	-1797.084	-2079.482	282.3981	0.68952	0.186326	0.0215756	0.102579	1.215627	1.288274	3.402991	1.455219
138	-1790.292	-2072.157	281.8654	0.586318	0.254803	0.0424042	0.116475	1.565753	1.528617	3.061138	2.158963
144	-1796.674	-2077.607	280.9325	0.674982	0.155285	0.0552463	0.114487	1.316432	1.278327	4.003602	1.87244
150	-1800.028	-2077.71	277.6819	0.681286	0.147395	0.0557623	0.115557	1.953127	1.137453	5.07402	3.331149
156	-1796.118	-2078.23	282.1119	0.701916	0.152657	0.0224069	0.12302	1.440079	1.298119	3.368231	1.609482
162	-1801.2	-2081.932	280.7326	0.685731	0.106718	0.0211606	0.186391	1.708091	1.171236	3.820305	2.2649
168	-1805.071	-2087.194	282.1234	0.668516	0.106492	0.0229388	0.202054	1.327999	1.099695	3.370776	1.964765
174	-1812.547	-2095.169	282.6228	0.766973	0.0645242	0.0339542	0.134548	1.132293	1.271711	3.02932	2.082254
180	-1802.774	-2081.833	279.0589	0.717368	0.0597862	0.098178	0.124668	2.050586	1.117301	4.680767	2.186059
186	-1816.726	-2097.854	281.1274	0.717368	0.0597862	0.098178	0.124668	2.713858	1.318491	3.115094	2.186059
192	-1804.582	-2085.014	280.4321	0.644682	0.116655	0.0489667	0.189696	1.110248	1.254777	4.278741	2.186059
198	-1814.972	-2096.972	281.9997	0.658258	0.146915	0.0695184	0.125308	1.174736	1.113173	3.641841	1.694905
204	-1799.02	-2077.878	278.8582	0.587123	0.305931	0.087668	0.0192785	1.471016	1.319207	5.196067	1.58972
210	-1799.563	-2081.481	281.9178	0.507933	0.213954	0.225405	0.0527085	1.132444	1.345329	3.578591	1.693907
216	-1790.697	-2071.618	280.9208	0.549421	0.144941	0.243816	0.0618219	1.239805	1.338358	4.258281	1.363006
222	-1803.918	-2083.396	279.4779	0.389736	0.542306	0.0321513	0.0358065	1.092372	1.032303	5.182434	1.638307
228	-1804.673	-2085.33	280.6571	0.385091	0.535843	0.0317681	0.0472981	0.8927464	1.099648	4.811217	1.209673
234	-1808.012	-2087.554	279.5423	0.509133	0.422151	0.0487601	0.0199557	1.259233	1.115543	5.131816	1.388425
240	-1820.636	-2101.819	281.1831	0.471065	0.192217	0.116823	0.219895	1.325047	1.190284	3.731105	2.285235
246	-1827.277	-2109.094	281.817	0.524131	0.240924	0.145285	0.0896601	0.9360326	1.326601	3.810854	1.588069
252	-1825.991	-2105.432	279.4411	0.464377	0.283091	0.111387	0.141146	1.452177	1.246196	4.939935	1.55215
258	-1816.753	-2098.661	281.9081	0.622482	0.111863	0.173935	0.0917201	1.485614	1.582376	3.426382	1.356534
264	-1807.194	-2090.359	283.1647	0.540978	0.257664	0.131837	0.0695209	1.099011	1.516231	2.992494	1.243939
270	-1818.395	-2099.716	281.3205	0.498263	0.259647	0.205139	0.0369513	1.655706	1.200108	3.789663	1.586766
276	-1822.796	-2104.152	281.3558	0.588473	0.291573	0.0636733	0.0562806	1.046283	1.26987	4.07731	1.519842
282	-1809.821	-2092.048	282.227	0.520314	0.338833	0.0279443	0.112909	1.126499	1.289882	3.45814	1.643507
288	-1823.802	-2106.483	282.6812	0.674745	0.158501	0.0362382	0.130516	1.381113	1.396353	2.986248	1.643507
294	-1825.802	-2107.348	281.5457	0.561128	0.200299	0.0948762	0.143697	1.110691	1.400748	3.923917	1.387934
300	-1826.323	-2108.578	282.2552	0.578823	0.220032	0.0134784	0.187666	1.065534	1.282801	3.231675	2.194414
306	-1808.605	-2091.547	282.9418	0.620377	0.16965	0.0295835	0.180389	1.061998	1.312096	2.790604	2.226711
312	-1806.118	-2089.28	283.1615	0.648381	0.102632	0.163027	0.0859605	0.9587037	1.376359	2.694855	2.192422
318	-1820.66	-2102.62	281.9599	0.578143	0.196247	0.148961	0.0766486	0.9346137	1.267768	3.524583	2.114399
324	-1828.884	-2107.387	278.5028	0.837864	0.0389888	0.0163968	0.106751	1.163434	1.238478	5.026847	3.045697
330	-1808.992	-2089.039	280.0475	0.788187	0.0366771	0.074714	0.100421	1.164842	1.055804	4.549451	2.257869
336	-1816.292	-2096.907	280.6156	0.75922	0.00706224	0.110223	0.123495	0.9761244	1.074357	4.331004	2.238097
342	-1801.498	-2082.303	280.8056	0.806487	0.0271989	0.0815612	0.0847528	1.483036	1.208569	3.925638	2.118233
348	-1798.677	-2078.006	279.3292	0.80587	0.0271781	0.0822634	0.084688	1.595302	1.26559	4.405303	2.833186
354	-1802.828	-2083.277	280.4496	0.776622	0.100061	0.0470944	0.0762226	1.107321	1.252372	3.949529	3.057056
360	-1804.383	-2085.816	281.4334	0.627498	0.128701	0.110028	0.133773	1.580407	1.34375	3.627875	1.690845
366	-1820.98	-2102.62	281.6399	0.613986	0.128037	0.124894	0.133083	1.435245	1.585088	3.131658	2.39178
372	-1800.21	-2081.315	281.1049	0.601808	0.124088	0.153193	0.120912	1.733572	1.28787	3.515681	2.288577
378	-1798.992	-2079.401	280.409	0.632705	0.120465	0.14872	0.0981096	2.13478	1.251108	3.715082	2.407686
384	-1807.09	-2086.84	279.7499	0.371448	0.403357	0.199208	0.0259875	2.23868	1.488681	4.511615	1.108227
390	-1807.388	-2087.705	280.3167	0.35144	0.531259	0.0954068	0.0218949	1.538421	1.203327	4.57176	1.271732
396	-1803.058	-2085.977	282.9191	0.375603	0.530834	0.0808561	0.0127075	1.031005	1.277834	3.281291	1.31475
402	-1798.059	-2080.587	282.5279	0.564817	0.384477	0.0379177	0.0127883	1.278133	1.360438	3.434128	1.114783
408	-1806.093	-2089.057	282.9634	0.547249	0.206989	0.223681	0.0220808	1.278133	1.180256	3.113077	1.427234
414	-1805.743	-2087.412	281.6696	0.548161	0.207334	0.224054	0.0204518	1.356322	1.394433	3.162647	2.662354
420	-1813.324	-2093.787	280.4628	0.546046	0.271863	0.0977399	0.0843509	1.629318	1.204666	4.00406	2.237221
426	-1807.46	-2085.876	278.4165	0.766063	0.0286463	0.137122	0.0681683	1.87936	1.071819	5.264784	1.87393
432	-1803.407	-2083.893	280.4859	0.445376	0.391357	0.108589	0.0546782	1.829032	1.116482	4.175175	1.71335
438	-1805.121	-2085.222	280.1018	0.462403	0.371318	0.0872156	0.0790636	0.9527116	1.238506	4.804233	1.625425
444	-1808.327	-2089.25	280.9228	0.507259	0.220574	0.154938	0.117229	1.075906	1.229163	4.471979	1.237783
450	-1802.994	-2082.466	279.4714	0.802402	0.0943885	0.0457018	0.057508	2.221183	1.224159	4.432231	1.915509
456	-1807.7	-2089.762	282.0619	0.655339	0.260367	0.0373256	0.046968	1.094929	1.339753	3.315888	2.145654
462	-1801.93	-2084.127	282.1965	0.686218	0.171959	0.0390844	0.102739	1.094929	1.339753	3.37933	1.824137
468	-1814.405	-2094.987	280.5822	0.619637	0.23383	0.0482033	0.0983299	0.9267807	1.130515	4.520378	1.824137
474	-1811.977	-2093.903	281.9262	0.595003	0.224535	0.0376372	0.142825	1.424655	1.240414	3.663868	1.32252
480	-1821.102	-2101.906	280.8035	0.557766	0.210482	0.0978647	0.133887	1.122307	1.00414	4.689213	1.144901
486	-1821.622	-2100.37	278.7486	0.745331	0.0965577	0.00890777	0.149204	1.122307	1.150881	5.406933	1.856171
492	-1804.167	-2084.826	280.6591	0.687962	0.168781	0.00553771	0.137719	1.242631	1.12267	4.293573	1.855814
498	-1820.376	-2102.307	281.9317	0.447521	0.45929	0.0036023	0.0895868	0.7841667	1.185329	4.230323	0.9892577
504	-1835.742	-2115.964	280.2222	0.547077	0.377486	0.00272144	0.0727161	0.9496347	1.112733	4.793697	1.658545
510	-1801.776	-2084.15	282.3736	0.652301	0.240368	0.0183244	0.0890075	1.441484	1.366724	2.887106	2.229337
516	-1802.916	-2083.076	280.1597	0.740659	0.103039	0.00731988	0.148983	1.817965	1.223492	3.829054	2.902919
522	-1803.123	-2083.453	280.3305	0.572993	0.263993	0.00308791	0.159926	1.107952	1.015124	4.772239	1.505028
528	-1809.513	-2086.769	277.2569	0.616415	0.2027	0.0680604	0.112825	1.107952	1.033166	5.947028	2.770736
534	-1811.95	-2092.129	280.1789	0.747922	0.00302646	0.069548	0.179504	1.45017	0.9587747	4.493472	1.989414
540	-1842.471	-2121.599	279.1277	0.49621	0.375506	0.0162023	0.112081	1.410669	1.028	5.158614	1.763327
546	-1817.708	-2096.011	278.3037	0.58004	0.336075	0.00685001	0.0770352	1.519168	1.101117	4.692714	4.191934
552	-1798.608	-2077.356	278.7475	0.695358	0.0857807	0.0388279	0.180033	2.774251	1.16037	4.418468	2.539129
558	-1808.39	-2087.688	279.2974	0.614073	0.203921	0.034289	0.147718	2.08855	1.112942	4.559482	2.122603
564	-1799.475	-2080.584	281.1089	0.682394	0.155331	0.039355	0.122919	1.689811	1.239589	3.632312	2.119234
570	-1816.6	-2098.479	281.8794	0.545283	0.156583	0.140824	0.157309	1.206601	1.214756	3.550093	1.879159
576	-1812.204	-2094.191	281.9865	0.567495	0.122228	0.14656	0.163717	1.242033	1.352741	3.378781	1.898435
582	-1814.826	-2095.824	280.9978	0.645318	0.150657	0.03154	0.172484	0.9655755	1.143799	4.274829	1.782478
588	-1822.707	-2104.031	281.3234	0.39884	0.452467	0.00270228	0.14599	1.394624	1.032801	4.222316	1.174089
594	-1823.81	-2103.769	279.9594	0.722421	0.0628282	0.0665547	0.148196	1.505387	1.087598	4.363236	2.370548
600	-1812.191	-2091.404	279.2128	0.693706	0.150969	0.0130205	0.142305	1.325799	1.179282	4.936891	2.074998
606	-1828.604	-2110.686	282.0819	0.536074	0.2717	0.173887	0.0183399	0.9206199	1.086944	4.043041	1.127568
612	-1819.417	-2101.2	281.7827	0.561749	0.10091	0.244935	0.0924061	0.9538747	1.208309	3.761466	1.860143
618	-1788.484	-2068.903	280.4193	0.73234	0.0687931	0.0803099	0.118558	1.907399	1.401926	3.550929	2.859137
624	-1802.787	-2083.036	280.2492	0.801093	0.0912902	0.0604946	0.0471225	2.550359	1.309637	3.400897	2.961294
630	-1809.781	-2091.37	281.5885	0.502734	0.197247	0.176856	0.123164	1.508803	1.436553	3.625971	1.472809
636	-1812.82	-2093.489	280.669	0.81214	0.0898495	0.0338764	0.064134	1.763134	1.414527	3.625971	2.427789
642	-1800.895	-2079.87	278.9759	0.651571	0.217701	0.0451851	0.0855432	1.41067	1.301603	4.945157	2.107168
648	-1790.568	-2070.569	280.0017	0.666656	0.194892	0.0531004	0.0853514	1.888017	1.380847	4.257833	1.748182
654	-1800.539	-2081.756	281.2167	0.570884	0.374064	0.0238529	0.0311999	1.603337	1.380847	3.843048	1.439919
660	-1796.549	-2075.781	279.2325	0.524169	0.387033	0.0246799	0.0641185	1.603337	1.340361	4.795154	1.852875
666	-1816.775	-2096.254	279.4794	0.66608	0.223254	0.0264121	0.0842538	0.9309626	1.260475	5.064021	1.817612
672	-1817.115	-2097.905	280.7903	0.576688	0.193292	0.0219057	0.208114	1.564331	1.133694	4.113787	1.716185
678	-1806.856	-2089.161	282.3043	0.779411	0.0326867	0.0546615	0.133241	1.079049	1.182176	3.199734	2.325358
684	-1807.603	-2088.768	281.1643	0.795738	0.0746704	0.0558065	0.0737847	1.589686	1.395116	3.517174	2.216501
690	-1794.817	-2078.323	283.5061	0.863274	0.0289777	0.0778164	0.0299319	1.526487	1.626525	2.060912	2.022209
696	-1793.522	-2077.544	284.0221	0.609006	0.173246	0.0896303	0.128118	1.311787	1.849913	1.731712	1.935743
702	-1800.107	-2084.28	284.1729	0.594052	0.263315	0.0601018	0.0825319	1.455127	1.912045	1.584816	1.762158
708	-1807.747	-2088.877	281.1305	0.546689	0.242321	0.173901	0.0370886	1.420124	1.596639	3.988463	1.192139
714	-1822.576	-2103.801	281.225	0.495309	0.28082	0.20153	0.0223411	1.112421	1.441832	3.988463	1.578461
720	-1813.032	-2093.871	280.8391	0.54072	0.259889	0.18421	0.0151801	1.274792	1.281416	4.27327	1.452982
726	-1809.498	-2089.768	280.27	0.520345	0.240557	0.221073	0.0180246	1.679447	1.273416	4.467743	1.319486
732	-1812.65	-2093.378	280.7276	0.617623	0.0560312	0.301744	0.0246019	1.383345	1.466627	4.076043	1.659101
738	-1800.234	-2081.534	281.3001	0.729104	0.0661448	0.175709	0.0290425	1.383345	1.509255	3.332644	2.574204
744	-1812.911	-2094.42	281.5085	0.660314	0.109887	0.217282	0.0125166	1.922311	1.598687	3.246811	1.748162
750	-1804.782	-2086.4	281.6184	0.660314	0.109887	0.217282	0.0125166	1.745345	1.300319	3.247876	2.176957
756	-1805.192	-2086.759	281.5672	0.597348	0.0805494	0.308739	0.0133642	1.481007	1.515928	2.911609	3.136879
762	-1810.611	-2092.475	281.8643	0.60464	0.149081	0.229966	0.0163125	1.437441	1.355948	3.132632	2.393532
768	-1808.315	-2091.332	283.0176	0.566009	0.209526	0.214334	0.0101315	2.208727	1.424477	2.356884	1.641497
774	-1814.048	-2096.432	282.3838	0.788733	0.072807	0.122471	0.0159888	1.037984	1.389232	2.963828	2.546017
780	-1796.799	-2079.829	283.0297	0.679849	0.141726	0.15933	0.0190948	1.284352	1.389232	2.555947	2.233613
786	-1785.523	-2067.321	281.798	0.72724	0.0740606	0.178123	0.020577	1.31754	1.585833	3.018994	2.594643
792	-1797.907	-2078.721	280.8142	0.718394	0.0451896	0.21609	0.0203267	0.969694	1.097959	4.272449	2.082538
798	-1808.403	-2088.096	279.6926	0.533149	0.172832	0.204127	0.0898916	1.616488	1.124687	4.561139	2.067116
804	-1813.35	-2094.613	281.2632	0.739256	0.128903	0.0415312	0.0903094	1.530999	1.357622	3.281264	2.803978
810	-1819.157	-2102.186	283.0291	0.613918	0.206072	0.0370207	0.142989	1.28915	1.566306	2.36536	2.410636
816	-1824.358	-2107.252	282.8941	0.724723	0.0207683	0.17059	0.083919	1.659361	1.726434	2.1423	2.410636
822	-1815.431	-2099.312	283.8819	0.679106	0.107373	0.159852	0.053669	1.402247	1.653735	2.1423	1.500117
828	-1805.526	-2087.837	282.3109	0.737883	0.172804	0.0304878	0.0588246	2.655845	1.748495	2.097633	2.274932
834	-1790.321	-2072.438	282.1172	0.755061	0.0380481	0.0102731	0.196618	1.834987	1.416297	2.795017	2.274932
840	-1800.515	-2081.496	280.9811	0.792343	0.0623419	0.00887033	0.136445	1.834987	1.189794	3.603359	2.274932
846	-1799.745	-2080.816	281.0714	0.707517	0.16315	0.00749588	0.121837	1.40639	1.242998	3.35166	3.302144
852	-1795.05	-2076.481	281.4307	0.79832	0.0418433	0.00141526	0.158422	1.622012	1.095187	3.637676	1.943756
858	-1805.154	-2087.095	281.9408	0.751535	0.0670244	0.00187632	0.179565	1.451563	1.171098	3.019956	2.831864
864	-1810.904	-2093.094	282.1902	0.752164	0.0654504	0.00703806	0.175348	1.323168	1.418182	3.082904	2.106648
870	-1805.042	-2085.887	280.8453	0.692422	0.233008	0.00468251	0.0698883	1.323168	1.330765	3.897528	2.158273
876	-1811.211	-2091.274	280.0633	0.608946	0.265832	0.0127317	0.11249	2.129358	1.242965	3.944442	2.347746
882	-1814.497	-2096.091	281.5937	0.636748	0.205016	0.0133129	0.144923	1.414561	1.319634	3.452824	2.088216
888	-1811.024	-2092.47	281.4457	0.771602	0.0430955	0.0507295	0.134573	1.036164	1.252129	3.509323	2.787657
894	-1810.552	-2092.19	281.638	0.761398	0.0231373	0.0606372	0.154827	2.110498	1.381569	2.774401	2.787657
900	-1794.243	-2075.959	281.7159	0.770876	0.0121643	0.060205	0.156755	2.110498	1.345713	2.725316	2.849241
906	-1796.003	-2077.314	281.3113	0.750183	0.0523464	0.0488897	0.148581	2.045864	1.351654	2.988274	2.869454
912	-1807.464	-2088.299	280.8346	0.761038	0.0239699	0.035884	0.179108	1.664401	1.255439	3.295331	3.481539
918	-1810.416	-2091.683	281.2668	0.751977	0.0355909	0.0354567	0.176976	1.949168	1.260447	3.412927	2.110026
924	-1799.356	-2080.49	281.1336	0.753717	0.0356733	0.033225	0.177385	1.72	1.420221	3.259795	2.718414
930	-1804.574	-2087.327	282.7533	0.652171	0.143742	0.0658528	0.138234	1.72	1.594248	1.970136	3.184469
936	-1793.852	-2075.602	281.7502	0.72977	0.0418605	0.0736883	0.154682	1.688879	1.300938	3.015799	2.621928
942	-1804.342	-2085.669	281.3271	0.69989	0.0939223	0.00969349	0.196494	2.422797	1.321297	3.217224	1.93772
948	-1805.061	-2087.469	282.4071	0.731297	0.106408	0.0016324	0.160663	1.274899	1.366649	3.198916	1.696696
954	-1809.937	-2092.838	282.9006	0.60902	0.241322	0.00567361	0.143984	1.061967	1.266362	3.035912	1.800358
960	-1810.959	-2089.499	278.54	0.680758	0.0332996	0.00630538	0.279637	1.121146	1.071301	5.350541	2.393429
966	-1808.43	-2090.725	282.2953	0.774224	0.0480347	0.00717109	0.17057	1.117905	1.03697	3.348468	2.134218
972	-1822.369	-2105.15	282.7808	0.592117	0.130437	0.146996	0.13045	1.652736	1.662292	2.534914	1.816935
978	-1803.803	-2086.946	283.1423	0.53309	0.219052	0.130412	0.117446	1.15776	1.372798	2.886862	1.564405
984	-1799.284	-2080.868	281.5842	0.78097	0.0503273	0.0406843	0.128018	2.099189	1.521663	2.669266	2.939871
990	-1814.478	-2094.334	279.8561	0.844741	0.0544368	0.0440064	0.0568155	2.099189	1.215575	3.702322	3.451606
996	-1801.119	-2083.097	281.9782	0.673188	0.111733	0.0903243	0.124754	1.456213	1.344753	3.024241	2.486113
1002	-1802.595	-2082.763	280.1677	0.782813	0.0742536	0.0600262	0.0829072	1.535127	1.225049	3.885903	3.109292
1008	-1806.2	-2086.93	280.7295	0.691562	0.120878	0.10553	0.0820292	1.197893	1.201985	4.167636	2.005259
1014	-1794.543	-2072.123	277.5798	0.742729	0.0558348	0.113338	0.0880982	1.825231	1.070416	5.483698	2.551031
1020	-1803.994	-2083.889	279.8957	0.738972	0.0851538	0.0415152	0.134359	1.225982	1.161742	4.351242	2.769749
1026	-1808.869	-2090.464	281.5956	0.793006	0.050451	0.0123596	0.144183	1.698855	1.29221	3.001234	2.907584
1032	-1809.108	-2090.871	281.763	0.680979	0.164378	0.0313836	0.123259	1.48698	1.174581	3.511824	1.839518
1038	-1798.985	-2081.395	282.4104	0.681525	0.171633	0.0459256	0.100916	0.8627655	1.270348	3.499966	1.678113
1044	-1807.14	-2087.796	280.6562	0.653004	0.225393	0.0447335	0.0768694	1.760191	1.262146	4.005642	1.758419
1050	-1806.605	-2088.688	282.0828	0.580916	0.339054	0.0342896	0.0457412	1.082902	1.416619	3.357618	1.934439
1056	-1808.946	-2090.11	281.1645	0.550636	0.279477	0.0390805	0.130807	1.057616	1.076266	4.461162	1.182867
1062	-1810.568	-2091.912	281.3441	0.619003	0.253469	0.109988	0.0175396	1.274795	1.295851	4.115619	1.187392
1068	-1805.384	-2087.165	281.7812	0.577095	0.118053	0.270845	0.0340062	1.025477	1.245972	3.922249	1.39447
1074	-1811.796	-2091.196	279.4004	0.633102	0.0206096	0.321173	0.0251145	1.078952	1.029125	5.157377	1.810227
1080	-1813.36	-2093.078	279.7188	0.529517	0.370285	0.092931	0.00726684	1.330419	1.196388	4.674499	1.998285
1086	-1806.879	-2086.793	279.9142	0.501322	0.450505	0.0393314	0.00884116	1.354498	1.23467	4.674499	1.672788
1092	-1818.694	-2100.472	281.7774	0.524095	0.371943	0.0411181	0.0628443	0.9863671	1.244625	3.796115	1.704508
1098	-1806.487	-2087.994	281.5069	0.648169	0.223256	0.0508524	0.0777221	1.799174	1.182497	3.61231	1.613152
1104	-1805.396	-2083.423	278.0268	0.584933	0.17561	0.168776	0.0706804	1.799174	1.142311	5.590817	1.613152
1110	-1798.755	-2078.94	280.1846	0.615869	0.196622	0.121471	0.066038	1.252717	1.088359	4.451756	2.147649
1116	-1790.593	-2069.547	278.954	0.782364	0.0565195	0.0471233	0.113994	1.626313	1.149767	4.795505	2.475185
1122	-1796.034	-2076.419	280.3854	0.776948	0.0579259	0.0482958	0.11683	1.279875	1.060045	4.383469	2.043399
1128	-1807.044	-2088.574	281.5293	0.607477	0.184362	0.0355582	0.172603	1.243715	1.225876	3.820252	1.675085
1134	-1805.77	-2088.994	283.2242	0.704848	0.100611	0.0660986	0.128443	1.228058	1.493166	2.610321	1.788394
1140	-1800.424	-2084.88	284.4555	0.704848	0.100611	0.0660986	0.128443	1.071402	1.695073	1.643302	2.032909
1146	-1826.053	-2109.142	283.0894	0.669285	0.119826	0.0507185	0.160171	1.593888	1.729449	1.859564	2.843096
1152	-1814.352	-2098.165	283.8124	0.764921	0.0138052	0.0251078	0.196166	1.038651	1.680121	1.877467	2.540058
1158	-1810.185	-2093.001	282.8161	0.812842	0.021214	0.0760062	0.0899376	1.507409	1.682693	2.029731	3.076313
1164	-1806.966	-2087.619	280.6527	0.728568	0.10777	0.0830495	0.080613	1.53176	1.28009	3.906524	2.21942
1170	-1804.045	-2084.905	280.8606	0.640982	0.0818674	0.182283	0.094867	1.624734	1.333064	3.704603	2.235561
1176	-1801.69	-2084.01	282.3201	0.457224	0.154875	0.159583	0.228319	1.208192	1.258402	3.467245	1.461106
1182	-1806.422	-2088.698	282.2757	0.469291	0.147467	0.147349	0.235892	1.524637	1.430282	3.225266	1.461106
1188	-1803.772	-2085.263	281.4908	0.595489	0.21729	0.0122105	0.17501	1.319795	1.159336	3.686494	2.015859
1194	-1806.668	-2086.203	279.5347	0.653554	0.238478	0.058359	0.0496085	1.844401	0.9063126	4.97624	1.387289
1200	-1832.27	-2114.1	281.83	0.513614	0.204795	0.0166602	0.264932	1.181161	1.276702	3.819125	1.337563
1206	-1820.156	-2102.541	282.385	0.519215	0.343347	0.00971222	0.127726	3.170829	1.502016	2.377017	1.5306
1212	-1823.912	-2106.2	282.2886	0.445428	0.439515	0.0144975	0.10056	1.652261	1.487561	3.271493	1.180103
1218	-1816.67	-2098.581	281.9109	0.424034	0.409441	0.109085	0.0574405	1.652261	1.274613	3.742845	0.9583658
1224	-1817.079	-2098.932	281.8528	0.475594	0.331696	0.128285	0.0644249	1.140261	1.521299	3.665241	1.38007
1230	-1795.183	-2078.329	283.1459	0.486752	0.292144	0.108896	0.112208	1.905705	1.426148	2.601228	1.301787
1236	-1809.432	-2091.764	282.3323	0.494743	0.29694	0.110684	0.0976321	1.546901	1.430157	3.229586	1.367485
1242	-1814.885	-2097.281	282.3956	0.532512	0.319609	0.0785874	0.0692916	1.626648	1.59322	3.154188	1.187119
1248	-1817.128	-2099.673	282.5448	0.53453	0.339571	0.0482813	0.0776174	1.332302	1.574393	3.147127	1.335066
1254	-1794.566	-2075.659	281.0931	0.519686	0.279576	0.139339	0.0613981	1.332302	1.519757	3.749927	1.90536
1260	-1799.078	-2079.664	280.5858	0.429982	0.356554	0.148173	0.0652905	0.8322934	1.225462	4.823111	1.195612
1266	-1795.198	-2075.659	280.461	0.409242	0.399119	0.129498	0.0621412	1.230866	1.221528	4.80838	0.9509634
1272	-1788.126	-2068.989	280.8632	0.416122	0.405828	0.114864	0.0631858	1.161266	1.225401	4.59897	0.9846848
1278	-1796.259	-2077.736	281.4765	0.572758	0.0908753	0.260144	0.0762225	1.720723	1.287343	3.534941	1.761658
1284	-1789.654	-2070.68	281.0257	0.493286	0.300704	0.0785313	0.127479	1.353349	1.148883	4.019352	1.840718
1290	-1791.022	-2072.574	281.5518	0.624636	0.258144	0.0472292	0.0699903	1.409302	1.209355	4.019352	1.110148
1296	-1805.834	-2088.141	282.3076	0.532203	0.263863	0.0462897	0.157645	1.433034	1.22109	3.51481	1.200637
1302	-1806.104	-2086.726	280.622	0.666129	0.14756	0.0422895	0.144021	1.218732	1.063588	4.529535	1.490665
1308	-1790.009	-2069.088	279.0794	0.679958	0.191153	0.0431674	0.0857215	1.44061	0.9869937	5.292874	1.545244
1314	-1799.674	-2077.738	278.064	0.621082	0.174602	0.0779523	0.126364	1.632105	1.03367	5.773522	1.465056
1320	-1804.611	-2081.394	276.783	0.643218	0.180825	0.0841424	0.0918153	1.731641	1.066033	5.90543	2.715762
1326	-1789.223	-2070.914	281.6908	0.576859	0.244801	0.0959968	0.0823431	1.293817	1.404711	3.600894	1.666454
1332	-1800.208	-2080.754	280.5456	0.650684	0.189931	0.0954986	0.0638866	2.492355	1.303697	3.660631	1.930643
1338	-1811.771	-2093.385	281.6134	0.505905	0.285378	0.14349	0.0652271	1.788467	1.379097	3.660631	1.187985
1344	-1798.392	-2081.409	283.017	0.445754	0.347951	0.13917	0.0671241	1.294915	1.563437	3.160979	0.870962
1350	-1811.115	-2091.694	280.5792	0.488318	0.415943	0.0233368	0.0724027	1.294915	1.212503	4.650843	1.064578
1356	-1805.085	-2084.48	279.3943	0.587551	0.119353	0.0891015	0.203994	1.262146	1.214607	4.825339	2.132092
1362	-1804.858	-2082.234	277.3764	0.797651	0.0243994	0.143786	0.0341636	2.186172	1.199815	5.342023	2.643638
1368	-1802.961	-2083.463	280.5018	0.708704	0.0502337	0.210708	0.030354	1.375611	1.191509	4.272187	1.86194
1374	-1808.139	-2089.761	281.6216	0.706796	0.073506	0.195559	0.0241393	1.583893	1.517732	3.225843	2.10715
1380	-1799.331	-2078.789	279.4584	0.671136	0.151913	0.160584	0.0163664	2.777028	1.280177	4.368391	1.543929
1386	-1810.772	-2090.17	279.3984	0.612179	0.216934	0.146478	0.0244088	1.756464	1.382758	4.749442	1.543929
1392	-1810.331	-2090.537	280.2059	0.628105	0.227488	0.0888046	0.0556026	1.736208	1.241241	4.201395	1.946131
1398	-1821.477	-2103.68	282.2027	0.574826	0.236905	0.137383	0.0508861	1.54646	1.49318	3.31074	1.289822
1404	-1815.484	-2099.696	284.2124	0.587661	0.288617	0.0673958	0.0563266	1.238453	1.874045	2.026886	1.247451
1410	-1807.388	-2091.721	284.3331	0.500677	0.290378	0.189036	0.019909	1.772523	1.884269	1.514273	1.40382
1416	-1811.711	-2096.072	284.3605	0.489631	0.289295	0.186999	0.034075	1.664687	1.733254	1.775036	1.237198
1422	-1799.616	-2083.824	284.208	0.587725	0.12825	0.0918392	0.192186	1.05069	1.693333	2.108794	1.517194
1428	-1804.958	-2088.905	283.9463	0.666068	0.145346	0.0835323	0.105054	1.085899	1.488001	2.424687	1.448317
1434	-1815.842	-2097.063	281.2214	0.807946	0.107232	0.0589417	0.0258798	1.802835	1.556179	3.140079	2.581602
1440	-1811.565	-2092.869	281.3038	0.67193	0.17854	0.0705639	0.078966	2.399976	1.371018	3.233188	1.888336
1446	-1806.519	-2088.641	282.1211	0.778857	0.0732805	0.0697771	0.0780855	1.574035	1.571052	2.406663	3.366286
1452	-1814.232	-2096.229	281.9969	0.744363	0.0117076	0.041795	0.202134	1.598422	1.354491	2.805998	2.814322
1458	-1808.764	-2093.431	284.6667	0.628744	0.13814	0.0206668	0.212449	0.8704988	1.537463	1.751939	2.02694
1464	-1807.977	-2091.224	283.2478	0.693429	0.136172	0.0060123	0.164387	2.310502	1.539684	2.205825	1.429239
1470	-1815.329	-2098.066	282.7364	0.465329	0.388418	0.0132411	0.133012	1.877017	1.6728	2.203154	2.328464
1476	-1813.765	-2095.454	281.6897	0.512617	0.331325	0.0396135	0.116445	1.189498	1.475205	3.599053	1.704344
1482	-1801.953	-2085.636	283.6833	0.552251	0.259671	0.0423699	0.145708	2.717733	1.975455	1.114119	1.86252
1488	-1829.208	-2113.998	284.7902	0.509128	0.287038	0.0468353	0.156999	1.248833	2.013931	1.230532	1.666367
1494	-1810.677	-2093.757	283.0805	0.542784	0.191333	0.026915	0.238968	3.101471	1.872081	1.230532	2.323788
1500	-1830.238	-2114.134	283.8959	0.747871	0.0381001	0.042962	0.171067	2.073818	1.73764	1.277242	2.233486
1506	-1823.239	-2106.326	283.0874	0.832478	0.0318598	0.0738612	0.0618006	2.073818	1.788718	1.451413	3.064802
1512	-1831.134	-2115.128	283.994	0.637497	0.047836	0.221876	0.0927907	1.802944	1.649472	1.678113	1.790736
1518	-1816.828	-2100.654	283.8264	0.645312	0.0368915	0.241486	0.0763098	1.139429	1.562734	2.187662	1.891675
1524	-1825.583	-2109.245	283.6618	0.728472	0.0530813	0.173103	0.0453433	1.139429	1.586485	1.965691	2.563539
1530	-1817.267	-2100.42	283.1529	0.645553	0.0470392	0.237367	0.0700407	1.15153	1.586485	2.775495	1.523386
1536	-1810.425	-2093.912	283.4878	0.793014	0.0442894	0.076657	0.0860398	1.181335	1.472172	2.346558	2.079267
1542	-1817.565	-2101.646	284.081	0.782837	0.0565543	0.0756732	0.0849357	1.189726	1.791038	1.811289	1.934712
1548	-1826.675	-2110.501	283.8259	0.7062	0.0978202	0.0889416	0.107038	1.486517	1.710826	1.904438	1.844703
1554	-1819.524	-2102.574	283.0499	0.547688	0.237999	0.0700427	0.144271	1.12278	1.54463	2.470483	2.397163
1560	-1817.866	-2100.419	282.5525	0.3866	0.42438	0.061316	0.127704	1.336579	1.718483	2.539655	2.416161
1566	-1809.389	-2092.596	283.2076	0.644417	0.254533	0.0191734	0.0818773	1.336579	1.462473	2.608437	1.726475
1572	-1807.421	-2089.774	282.3538	0.600419	0.23966	0.0833211	0.0765994	1.083553	1.487398	3.382674	1.462504
1578	-1826.85	-2108.866	282.0165	0.746947	0.158059	0.026301	0.0686933	1.083553	1.409709	3.633956	1.444278
1584	-1811.641	-2094.02	282.3786	0.695915	0.0215772	0.200746	0.0817618	1.335841	1.467469	3.243013	1.456654
1590	-1817.9	-2099.908	282.0072	0.739108	0.152134	0.0122772	0.096481	1.196507	1.39074	2.987852	2.830764
1596	-1828.275	-2112.118	283.8423	0.542824	0.371294	0.0142963	0.071586	0.8024624	1.398684	2.6049	1.674877
1602	-1809.803	-2091.533	281.7298	0.672796	0.0800326	0.171744	0.0754275	1.182279	1.26777	3.434755	2.311535
1608	-1815.793	-2097.492	281.6989	0.737717	0.0319039	0.183403	0.046976	1.42133	1.183793	3.558685	1.880295
1614	-1821.602	-2103.454	281.852	0.622085	0.0780627	0.171997	0.127855	1.101182	1.268231	3.478883	2.141912
1620	-1814.605	-2096.856	282.251	0.490589	0.387882	0.0186845	0.102845	1.165276	1.426773	2.752995	3.058178
1626	-1788.518	-2071.044	282.5256	0.542964	0.319503	0.0166392	0.120894	1.218319	1.537592	2.868707	2.104382
1632	-1788.319	-2070.648	282.3286	0.596044	0.350738	0.0182659	0.0349521	1.606832	1.388308	2.868707	2.107298
1638	-1796.471	-2080.322	283.8508	0.539938	0.338572	0.0202153	0.101275	0.9534284	1.515763	2.324886	1.881945
1644	-1797.722	-2081.221	283.4983	0.564358	0.264043	0.0153442	0.156255	1.45237	1.531603	2.334596	1.694314
1650	-1801.873	-2085.302	283.4286	0.608343	0.206685	0.01654	0.168433	1.400778	1.67335	2.334596	1.661949
1656	-1813.329	-2095.598	282.2686	0.456381	0.398091	0.0130129	0.132515	1.29535	1.540792	3.215979	1.59602
1662	-1798.045	-2080.078	282.0334	0.79841	0.044547	0.0751475	0.0818954	1.225158	1.534626	2.718734	3.245945
1668	-1798.909	-2080.117	281.208	0.766006	0.101548	0.0476548	0.0847913	1.906323	1.736821	2.718734	3.325758
1674	-1813.487	-2094.501	281.0137	0.851397	0.0833569	0.0483783	0.0168679	3.022199	1.618465	2.657911	2.751708
1680	-1819.243	-2101.059	281.8154	0.606872	0.145767	0.161506	0.0858558	2.178301	1.555788	3.191921	1.325367
1686	-1816.237	-2098.272	282.0345	0.485963	0.101957	0.386265	0.0258159	1.943168	1.362973	3.191921	1.491959
1692	-1806.428	-2090.397	283.9694	0.653954	0.131029	0.186663	0.0283534	0.9923354	1.585765	2.657007	1.018739
1698	-1812.434	-2095.351	282.9171	0.619983	0.143892	0.204988	0.0311369	1.167051	1.577821	2.978167	1.402642
1704	-1812.895	-2092.411	279.5158	0.757272	0.100648	0.120674	0.0214057	1.650267	1.297597	4.557589	2.043062
1710	-1817.188	-2097.831	280.6436	0.661566	0.0978632	0.117335	0.123235	1.792687	1.215553	3.933109	1.963832
1716	-1828.352	-2110.308	281.9555	0.78856	0.0561507	0.133066	0.0222238	1.829605	1.364935	3.062792	1.963832
1722	-1835.638	-2117.435	281.7976	0.513896	0.312174	0.152862	0.0210675	1.767397	1.2654	3.771014	0.9387625
1728	-1849.955	-2130.708	280.7537	0.577438	0.371003	0.0425538	0.00900515	1.767397	1.219346	3.549865	2.794168
1734	-1829.4	-2110.525	281.1254	0.589077	0.363341	0.0387629	0.00881917	1.561866	1.030169	3.953672	1.779671
1740	-1819.776	-2100.86	281.0838	0.685327	0.274852	0.0326972	0.0071235	1.007843	1.044992	3.929848	2.583048
1746	-1821.341	-2099.8	278.4585	0.648235	0.305882	0.0363886	0.00949455	3.307583	1.016267	4.629566	2.162751
1752	-1791.814	-2071.447	279.6325	0.520014	0.281225	0.188378	0.0103827	1.278347	0.9471235	4.629566	2.66657
1758	-1804.91	-2084.429	279.5194	0.599433	0.252477	0.128767	0.0193226	1.22505	1.255601	4.997235	1.569644
1764	-1817.754	-2098.608	280.8536	0.329532	0.464792	0.0963443	0.109332	1.089558	1.171588	4.466697	1.372043
1770	-1813.351	-2095.114	281.7631	0.588837	0.247444	0.146566	0.0171522	1.185662	1.260012	3.846865	1.372043
1776	-1801.617	-2081.76	280.1426	0.641732	0.227618	0.0848792	0.0457712	1.718341	1.096574	4.106546	2.492856
1782	-1812.512	-2095.577	283.0652	0.653115	0.280133	0.0305882	0.0361642	1.108627	1.525699	2.559507	2.217106
1788	-1824.486	-2106.058	281.5719	0.583702	0.198504	0.0958292	0.121965	1.908632	1.422421	3.341994	1.700969
1794	-1801.089	-2084.024	282.9343	0.611909	0.131244	0.0755123	0.181335	1.3628	1.475424	2.60514	2.038827
1800	-1813.839	-2093.045	279.2056	0.558682	0.339735	0.0495721	0.0520107	2.291809	1.149343	3.901277	3.892566
1806	-1798.47	-2081.429	282.9585	0.616775	0.179158	0.152187	0.0518801	1.268012	1.382918	2.635817	2.182602
1812	-1806.891	-2089.186	282.2948	0.712567	0.0888228	0.148324	0.050286	2.440175	1.428035	2.277284	2.572246
1818	-1801.677	-2082.402	280.725	0.602677	0.19815	0.103611	0.0955618	1.665313	1.178481	4.062974	1.747649
1824	-1802.472	-2081.07	278.5982	0.626197	0.205883	0.0390566	0.128863	1.852204	1.036833	4.844715	2.78197
1830	-1810.727	-2089.724	278.9964	0.66874	0.17963	0.0816523	0.069978	1.310741	1.108028	4.599128	3.51422
1836	-1799.403	-2081.68	282.2769	0.693964	0.174584	0.0793587	0.0520934	1.421118	1.212127	3.148676	2.000241
1842	-1804.633	-2087.334	282.7003	0.652998	0.192064	0.0873042	0.067634	1.127365	1.422	2.931888	2.000241
1848	-1808.833	-2090.133	281.3003	0.69339	0.0286362	0.205321	0.0726525	1.376327	1.342756	3.496119	2.41442
1854	-1805.582	-2088.452	282.8699	0.667369	0.0650892	0.197616	0.069926	0.9787891	1.317289	3.178277	1.584213
1860	-1805.136	-2087.969	282.8323	0.57382	0.0339327	0.32489	0.0673575	1.358909	1.437565	2.756494	1.902873
1866	-1813.604	-2096.045	282.4409	0.675037	0.0817232	0.161641	0.0815984	1.333561	1.409342	3.024048	1.902873
1872	-1822.743	-2105.68	282.938	0.482509	0.145591	0.2558	0.1161	1.07961	1.401858	2.464199	2.871426
1878	-1819.512	-2099.815	280.3029	0.698351	0.0336617	0.184326	0.0836604	1.070709	1.280513	4.13463	2.777554
1884	-1831.024	-2112.877	281.8538	0.69778	0.0263784	0.188362	0.0874803	1.070709	1.13121	3.427052	2.507668
1890	-1828.376	-2107.48	279.1038	0.736365	0.0614085	0.0614789	0.140747	1.089228	1.140258	5.105566	2.166912
1896	-1816.222	-2095.415	279.1929	0.789995	0.0450589	0.0139478	0.150998	0.8764877	1.113149	4.993746	2.688259
1902	-1823.767	-2103.148	279.3813	0.597706	0.169361	0.0176694	0.215264	1.095912	1.284858	4.993746	1.863532
1908	-1824.576	-2105.243	280.6669	0.599614	0.169901	0.014534	0.215951	0.9104303	1.195187	4.331002	2.0918
1914	-1805.275	-2086.803	281.5286	0.465314	0.40342	0.067355	0.0639112	0.1645534	1.140654	4.588152	1.212013
1920	-1811.549	-2093.899	282.35	0.411833	0.357052	0.17455	0.0565655	0.1645534	1.309913	3.983662	1.295087
1926	-1814.753	-2097.359	282.6065	0.475969	0.384859	0.0818309	0.0573406	0.1957717	1.438735	3.725364	1.413497
1932	-1806.802	-2088.812	282.0103	0.354777	0.502577	0.0999055	0.0427404	0.1946453	1.277445	4.232006	1.270513
1938	-1807.836	-2088.944	281.1072	0.626969	0.31887	0.0211225	0.0330392	0.2032726	1.248324	4.247288	2.428932
1944	-1812.597	-2093.85	281.2531	0.627061	0.271166	0.068729	0.0330441	0.2032726	1.223743	4.155931	2.487978
1950	-1808.419	-2090.456	282.0376	0.583597	0.31952	0.0649644	0.0319183	0.148926	1.191559	4.155931	1.399441
1956	-1830.9	-2114.333	283.4325	0.363575	0.539216	0.0324655	0.0647433	0.150799	1.215371	3.444527	1.203938
1962	-1813.966	-2093.716	279.7498	0.422958	0.40995	0.0645201	0.102572	2.414802	1.329114	4.575611	1.030451
1968	-1817.934	-2099.878	281.9441	0.362526	0.346847	0.146064	0.144562	2.131866	1.268996	3.505477	0.9688118
1974	-1801.346	-2082.377	281.0319	0.281204	0.590632	0.037442	0.0907226	0.7857573	1.339066	4.621992	1.039048
1980	-1812.075	-2090.992	278.9177	0.554837	0.271232	0.0436621	0.130269	1.47484	1.278771	5.258664	1.431996
1986	-1812.23	-2094.092	281.8615	0.500798	0.295513	0.0617586	0.141931	0.8743943	1.243888	4.157541	1.035225
1992	-1809.562	-2090.232	280.6698	0.622257	0.0960812	0.0721906	0.209471	0.786929	1.134953	4.652423	1.59939
1998	-1809.507	-2090.187	280.6804	0.652556	0.0520678	0.0757057	0.219671	1.204065	1.159451	4.220889	1.994673
2004	-1792.756	-2073.672	280.9161	0.467533	0.32084	0.0542405	0.157387	1.097754	1.278106	4.464833	1.183626
2010	-1804.405	-2085.298	280.8928	0.400509	0.449113	0.0155539	0.134824	1.333227	1.146896	4.365048	1.302067
2016	-1813.183	-2096.92	283.7365	0.526674	0.340283	0.0398448	0.0931987	1.146989	1.550861	2.360619	1.671486
2022	-1813.754	-2097.085	283.3306	0.536009	0.346314	0.049594	0.0680836	0.7735969	1.500847	3.004212	1.420858
2028	-1814.574	-2095.839	281.2655	0.516177	0.392135	0.0541763	0.0375123	0.8962789	1.181645	4.208898	1.636455
2034	-1824.031	-2110.904	286.873	0.320972	0.496407	0.170964	0.0116576	0.7027268	1.853436	1.143517	0.1972398
2040	-1822.743	-2109.771	287.0289	0.513356	0.41185	0.0686857	0.00610799	0.6170837	1.869568	1.06731	0.1950128
2046	-1832.125	-2118.137	286.012	0.280134	0.587473	0.129061	0.00333308	1.752739	1.795924	1.103196	0.2351466
2052	-1809.057	-2095.542	286.4848	0.397002	0.447187	0.101586	0.0542249	0.9989823	1.842676	1.217988	0.1906509
2058	-1808.599	-2094.286	285.6877	0.218811	0.67634	0.0465923	0.0582571	1.170139	1.577679	1.899469	0.2256668
2064	-1822.329	-2103.919	281.5903	0.66431	0.0604254	0.125936	0.149329	1.070135	1.116059	3.90104	1.766505
2070	-1811.55	-2090.47	278.92	0.700093	0.0606069	0.132719	0.106581	1.668248	1.055054	4.836338	2.506485
2076	-1801.509	-2083.919	282.4095	0.636419	0.121478	0.145627	0.0964753	1.20517	1.25858	3.325437	1.643586
2082	-1790.9	-2073.906	283.0063	0.636419	0.121478	0.145627	0.0964753	1.20517	1.386701	2.593149	2.290027
2088	-1797.51	-2081.559	284.0489	0.537509	0.261994	0.124162	0.0763352	1.253164	1.493689	2.410129	1.180238
2094	-1807.587	-2089.573	281.9868	0.489237	0.37352	0.0892646	0.0479783	1.253164	1.412299	3.603529	1.35204
2100	-1816.031	-2100.077	284.0455	0.474615	0.421149	0.0677964	0.0364395	0.8660699	1.663789	2.618809	1.055504
2106	-1811.674	-2096.319	284.6448	0.480675	0.415249	0.0564145	0.0476607	1.176931	1.586728	2.298525	0.7422415
2112	-1815.416	-2099.828	284.4122	0.493369	0.449501	0.0305753	0.0265548	1.176931	1.537796	2.310073	0.9975362
2118	-1829.859	-2112.88	283.0216	0.473756	0.431631	0.0273012	0.0673121	2.643544	1.724374	2.183387	1.266667
2124	-1820.294	-2102.915	282.6209	0.650556	0.265334	0.0378299	0.0462805	2.143511	1.73878	2.647536	1.258144
2130	-1833.39	-2115.63	282.2403	0.613919	0.180141	0.171562	0.0343784	1.666121	1.420585	3.231704	1.365553
2136	-1858.16	-2139.022	280.8625	0.466117	0.299164	0.130258	0.104461	1.680129	1.316692	4.37189	0.8420165
2142	-1828.17	-2104.817	276.6471	0.77667	0.1011	0.0374514	0.0847784	6.180558	1.055053	4.505835	3.231351
2148	-1844.797	-2122.552	277.7551	0.872018	0.0578843	0.0215588	0.0485394	3.844991	1.104332	4.28546	3.691509
2154	-1814.963	-2096.701	281.7376	0.705629	0.147639	0.00482521	0.141906	1.562524	1.466896	3.290001	1.899709
2160	-1805.678	-2086.428	280.7497	0.68438	0.200537	0.00916492	0.105918	1.562524	1.186302	3.884728	2.231463
2166	-1810.134	-2090.535	280.4013	0.671726	0.0652854	0.0990884	0.163901	1.706906	1.227947	3.885633	2.501488
2172	-1823.311	-2103.76	280.449	0.733539	0.0347441	0.178218	0.0534987	1.936967	1.354997	3.769105	2.277007
2178	-1822.025	-2103.153	281.1288	0.688656	0.149708	0.134151	0.0274851	1.55268	1.171663	3.393071	2.9868
2184	-1821.092	-2103.123	282.0313	0.646677	0.140582	0.125973	0.0867679	1.421983	1.220424	3.392427	1.7724
2190	-1814.719	-2095.285	280.5662	0.669458	0.0744231	0.224483	0.0316364	1.148876	1.174375	4.49181	1.582388
2196	-1813.476	-2094.693	281.2171	0.581094	0.106529	0.28326	0.0291169	1.395659	1.070782	3.911934	1.887727
2202	-1812.975	-2094.232	281.2565	0.624134	0.123959	0.241826	0.0100807	0.9821056	1.276656	4.005607	1.865329
2208	-1819.89	-2101.046	281.1554	0.675044	0.0256615	0.280343	0.0189513	1.375593	1.182341	4.005607	1.643108
2214	-1825.783	-2107.808	282.0254	0.718498	0.0249032	0.226651	0.0299478	1.375593	1.168089	3.246231	2.235342
2220	-1819.078	-2099.192	280.1143	0.720463	0.0640335	0.190352	0.0251515	1.62583	1.546242	4.020219	2.211214
2226	-1818.854	-2098.198	279.3435	0.741638	0.0365253	0.195946	0.0258907	1.62583	1.207564	4.389424	2.908674
2232	-1825.594	-2106.787	281.1926	0.726699	0.0333581	0.226246	0.0136969	1.615205	1.284001	3.606229	2.089737
2238	-1828.493	-2108.493	280.0003	0.593685	0.253832	0.119257	0.0332257	1.956396	1.364799	4.239455	1.745027
2244	-1821.944	-2105.37	283.4263	0.512605	0.334405	0.10297	0.0500195	1.39248	1.353436	2.82469	1.144412
2250	-1816.358	-2098.364	282.0064	0.512605	0.334405	0.10297	0.0500195	1.423728	1.48879	3.510736	1.252594
2256	-1823.116	-2105.614	282.4975	0.546038	0.331387	0.0611823	0.0613925	1.476223	1.290614	3.119316	1.623194
2262	-1820.101	-2103.464	283.3627	0.808003	0.0832461	0.0809194	0.0278314	1.911859	1.721982	1.913483	1.963902
2268	-1810.723	-2093.408	282.6849	0.62824	0.1143	0.127292	0.130168	1.651171	1.612024	2.641379	1.786198
2274	-1821.02	-2103.642	282.6222	0.809342	0.0825201	0.0561233	0.0520146	1.519386	1.583808	2.618905	2.098437
2280	-1820.061	-2102.338	282.2768	0.810395	0.025559	0.068163	0.0958832	2.2642	1.457631	2.56335	2.076316
2286	-1825.973	-2108.904	282.9309	0.712237	0.0279292	0.111121	0.148713	1.66094	1.576639	2.371554	2.064491
2292	-1841.915	-2125.735	283.8207	0.780937	0.097713	0.0894625	0.0318877	1.388586	1.651528	2.286262	1.333456
2298	-1820.475	-2101.403	280.9287	0.610593	0.181636	0.178318	0.0294526	1.425596	1.489559	3.960975	1.587008
2304	-1807.78	-2090.798	283.0186	0.656179	0.133144	0.192799	0.0178777	1.546771	1.397034	2.874669	1.301661
2310	-1816.86	-2100.829	283.9692	0.786724	0.068286	0.12721	0.0177804	1.36728	1.535643	2.203799	1.462378
2316	-1805.096	-2087.91	282.8134	0.756684	0.0656786	0.169193	0.00844352	1.470393	1.400706	2.677209	2.016813
2322	-1814.097	-2097.61	283.5128	0.470551	0.253721	0.24845	0.0272775	1.470393	1.582568	2.731123	0.9116738
2328	-1819.525	-2102.918	283.3928	0.540332	0.245718	0.176805	0.0371448	1.470393	1.672361	2.691482	1.005543
2334	-1812.914	-2095.55	282.6363	0.567678	0.130089	0.183032	0.119202	1.256359	1.622493	3.19106	1.179814
2340	-1822.581	-2104.93	282.3492	0.525751	0.317909	0.154475	0.00186526	0.9034552	1.240966	3.681891	1.369481
2346	-1813.989	-2095.856	281.8663	0.45491	0.366252	0.177966	0.000871515	0.8953672	1.173834	4.135894	1.118772
2352	-1805.035	-2085.425	280.3909	0.613057	0.319804	0.065482	0.00165702	1.208718	1.141099	4.566618	1.60468
2358	-1806.946	-2084.189	277.2426	0.592969	0.321428	0.0839353	0.00166774	1.673739	1.130737	5.990932	1.817586
2364	-1801.909	-2081.665	279.7563	0.585487	0.32999	0.0828762	0.0016467	0.9969708	1.059632	4.984793	1.817586
2370	-1812.92	-2091.893	278.9735	0.682977	0.218513	0.0959832	0.00252622	1.284202	0.9445764	4.855725	3.075564
2376	-1807.139	-2090.052	282.9127	0.69178	0.0810921	0.217476	0.00965198	1.18699	1.38428	2.837909	1.900059
2382	-1819.421	-2101.147	281.7258	0.80115	0.0163717	0.163248	0.0192306	1.339997	1.22259	3.553859	1.900059
2388	-1827.524	-2108.58	281.056	0.674378	0.0266361	0.260252	0.038734	1.277925	1.236311	3.817388	2.248917
2394	-1832.421	-2111.658	279.2369	0.383451	0.333396	0.241733	0.0414201	2.71656	1.223351	4.643165	1.347654
2400	-1813.637	-2093.201	279.5639	0.859263	0.0176377	0.00962257	0.113476	1.819566	1.070847	4.411262	2.471476
2406	-1808.525	-2087.914	279.389	0.747451	0.00812647	0.0261448	0.218278	1.499566	1.024064	4.765529	2.259106
2412	-1818.988	-2098.666	279.6784	0.663038	0.00437416	0.196284	0.136304	2.058899	1.046126	4.339805	2.259106
2418	-1813.136	-2092.562	279.4262	0.786255	0.00596005	0.173339	0.0344458	1.634497	1.064378	4.537363	2.576912
2424	-1814.823	-2092.594	277.7713	0.865826	0.0115213	0.0653393	0.0573131	2.257337	0.8221155	5.315985	2.61182
2430	-1804.131	-2083.011	278.8795	0.855348	0.0139521	0.0534968	0.0772027	2.137014	1.084486	4.703973	2.338711
2436	-1793.105	-2073.348	280.2429	0.724406	0.0909507	0.0281804	0.156463	1.593453	0.9838591	4.506013	1.690696
2442	-1788.776	-2069.964	281.1874	0.521508	0.302973	0.0101242	0.165395	1.116675	1.067774	4.332433	1.351699
2448	-1809.727	-2092.161	282.434	0.392848	0.243267	0.0584027	0.305482	0.8339952	1.448014	3.133193	2.274164
2454	-1821.382	-2104.359	282.9771	0.455704	0.149004	0.348741	0.0465504	1.23912	1.642112	2.782812	1.553166
2460	-1821.528	-2104.918	283.3901	0.588037	0.288376	0.0815303	0.0420562	1.024217	1.382556	2.788934	1.60469
2466	-1796.639	-2079.936	283.2964	0.595291	0.200191	0.124176	0.0803422	1.093426	1.408184	2.788934	1.60469
2472	-1796.152	-2078.815	282.6628	0.569648	0.262628	0.118827	0.0488963	1.192257	1.113614	3.288998	1.602379
2478	-1802.848	-2085.444	282.5956	0.554781	0.255774	0.15892	0.0305255	1.22084	1.497684	3.118878	1.535469
2484	-1795.585	-2078.004	282.4185	0.66827	0.14037	0.14504	0.0463195	1.234638	1.239199	3.436148	1.403355
2490	-1820.684	-2100.774	280.09	0.674056	0.136759	0.0630284	0.126156	1.561161	1.17322	4.409893	1.893986
2496	-1813.388	-2094.781	281.3923	0.664408	0.153017	0.0414199	0.141154	1.561161	1.278319	3.575687	1.960999
2502	-1807.067	-2088.497	281.4301	0.765416	0.0932284	0.0281695	0.113186	0.9349393	1.143457	3.827835	2.296274
2508	-1813.217	-2097.157	283.9396	0.430132	0.440403	0.0415366	0.0879284	0.9092251	1.345847	2.54635	1.601516
2514	-1821.216	-2105.758	284.5417	0.430132	0.440403	0.0415366	0.0879284	0.3579534	1.536706	2.661847	1.127153
2520	-1812.01	-2096.646	284.6367	0.373276	0.49774	0.0251326	0.103851	0.9304172	1.618891	2.34317	0.884578
2526	-1808.858	-2092.509	283.651	0.482407	0.422296	0.0315405	0.0637571	1.153105	1.525296	2.581459	1.382957
2532	-1805.274	-2088.001	282.7273	0.658548	0.190801	0.0954608	0.0551901	0.9990138	1.401266	3.138479	1.711678
2538	-1808.43	-2091.274	282.8438	0.588946	0.247954	0.103349	0.0597507	1.329485	1.374552	3.138479	1.245681
2544	-1806.088	-2089.55	283.4617	0.409656	0.377658	0.12168	0.0910062	1.393621	1.393395	2.958884	0.8461602
2550	-1800.4	-2080.037	279.6368	0.465326	0.346404	0.0885941	0.0996757	1.393621	1.15255	4.856244	1.671788
2556	-1795.342	-2077.424	282.0827	0.446958	0.332731	0.12457	0.0957412	1.136248	1.358888	3.756173	1.141582
2562	-1813.354	-2093.611	280.257	0.564751	0.261862	0.0980381	0.0753492	1.874213	0.9585253	4.72279	1.023133
2568	-1815.89	-2095.743	279.8522	0.57035	0.264131	0.0932292	0.07229	1.415722	1.011995	5.008949	1.249444
2574	-1815.053	-2095.559	280.5064	0.600805	0.254968	0.0765873	0.0676397	1.400032	1.013684	4.573428	1.401459
2580	-1818.394	-2098.85	280.4569	0.671052	0.210101	0.0631101	0.055737	1.495046	1.155971	4.282084	1.808372
2586	-1796.629	-2078.061	281.4328	0.614838	0.132591	0.0811938	0.171378	1.650675	1.238355	3.723882	1.548538
2592	-1788.935	-2070.041	281.1059	0.687141	0.076314	0.045014	0.191531	1.323921	1.29029	3.509264	2.833555
2598	-1807.195	-2084.418	277.2231	0.825804	0.091714	0.0232642	0.0592174	2.151983	1.061355	5.365937	3.087011
2604	-1801.516	-2080.781	279.2649	0.592726	0.182069	0.0331573	0.192047	2.365225	1.157975	4.222494	2.692962
2610	-1806.15	-2085.77	279.6197	0.70508	0.122501	0.0394424	0.132977	1.329463	1.192243	4.222494	3.410772
2616	-1802.541	-2083.205	280.6632	0.620366	0.140015	0.0876314	0.151988	1.498864	1.288339	3.842472	2.393316
2622	-1816.828	-2097.276	280.4479	0.603761	0.146139	0.0914644	0.158636	1.938071	1.16082	3.842472	2.37353
2628	-1815.463	-2095.121	279.6583	0.686962	0.130121	0.0668948	0.116022	1.638247	1.187268	4.226998	2.879656
2634	-1815.944	-2095.255	279.3111	0.688759	0.121921	0.0738381	0.115483	1.591333	1.160007	4.319121	3.306302
2640	-1799.82	-2081.296	281.4762	0.528397	0.308816	0.0741912	0.0885953	1.374225	1.272223	3.945938	1.292928
2646	-1820.517	-2103.623	283.1062	0.552005	0.293357	0.0704773	0.0841603	0.9849934	1.449442	2.941512	1.609768
2652	-1801.972	-2084.678	282.7057	0.466523	0.402623	0.0768801	0.0539736	1.315063	1.585382	2.910488	1.609768
2658	-1804.947	-2085.841	280.8938	0.595825	0.261653	0.107445	0.0350759	1.797831	1.299861	4.007017	1.393928
2664	-1794.168	-2075.58	281.4123	0.72185	0.101357	0.130172	0.0466208	1.238898	1.471801	3.453843	2.351389
2670	-1802.921	-2085.405	282.4831	0.633926	0.190546	0.114316	0.0612122	1.71726	1.436411	2.750812	1.973212
2676	-1806.998	-2090.146	283.148	0.55172	0.316663	0.0676119	0.0640046	1.273846	1.430352	2.559569	2.01975
2682	-1810.935	-2092.754	281.8188	0.600114	0.321793	0.0348467	0.0432455	1.273846	1.41587	3.199034	2.424528
2688	-1801.927	-2083.276	281.3485	0.494258	0.376509	0.0240873	0.105145	1.431881	1.416562	3.863494	1.376798
2694	-1810.419	-2089.024	278.6044	0.495441	0.355546	0.014346	0.134667	1.422783	1.204903	5.521471	1.382304
2700	-1806.538	-2087.214	280.6759	0.517218	0.30844	0.0361678	0.138174	1.766588	1.353712	3.931016	1.77591
2706	-1806.723	-2089.084	282.361	0.546138	0.229136	0.0762812	0.148445	0.9652321	1.4612	3.472827	1.442509
2712	-1810.477	-2093.325	282.8488	0.701245	0.150829	0.0502122	0.0977144	1.321473	1.166004	3.052286	1.651109
2718	-1814.713	-2095.987	281.2738	0.522302	0.250335	0.0771761	0.150187	1.706189	1.350962	3.624578	1.757461
2724	-1812.958	-2094.668	281.7099	0.634437	0.21947	0.0560156	0.0900766	1.123686	1.209307	3.979761	1.296316
2730	-1814.548	-2096.994	282.4463	0.669251	0.23646	0.0650257	0.029263	1.518677	1.492994	3.032765	1.572027
2736	-1797.085	-2078.931	281.8453	0.773711	0.0789247	0.0296056	0.117759	1.524058	1.525097	3.071071	2.218345
2742	-1815.526	-2097.501	281.9751	0.768592	0.0784025	0.0294098	0.123595	1.524058	1.562458	3.118167	1.886394
2748	-1804.041	-2087.559	283.5175	0.848937	0.0227871	0.0121555	0.116121	1.422775	1.681753	2.15114	1.872419
2754	-1802.731	-2086.907	284.1762	0.847899	0.0227593	0.0719347	0.0574066	1.350757	1.907986	1.524631	1.987507
2760	-1805.857	-2090.195	284.3388	0.590755	0.182772	0.0501189	0.176355	1.211838	1.71377	1.800064	1.699964
2766	-1819.905	-2104.609	284.7041	0.604152	0.144999	0.0704943	0.180354	1.051722	1.701798	1.852634	1.377026
2772	-1808.298	-2092.281	283.9821	0.674514	0.102298	0.104887	0.118301	1.225792	1.843925	1.875192	1.830082
2778	-1808.023	-2091.919	283.8962	0.575657	0.12177	0.161753	0.14082	1.6632	1.639639	1.810865	1.830082
2784	-1800.846	-2083.996	283.1503	0.658487	0.0626772	0.235066	0.0437697	1.100619	1.639639	2.343447	2.437448
2790	-1812.413	-2094.691	282.2773	0.748596	0.00875112	0.151475	0.0911778	2.082745	1.638406	2.579046	1.974324
2796	-1801.208	-2084.371	283.1625	0.720194	0.0351484	0.217326	0.0273312	0.9417699	1.307818	2.997618	1.652795
2802	-1806.522	-2089.761	283.2393	0.577023	0.193273	0.174123	0.0555815	0.9774279	1.60337	2.888437	1.387973
2808	-1793.73	-2077.225	283.4948	0.66857	0.183381	0.0580611	0.089988	1.037744	1.475501	2.362982	2.221566
2814	-1793.357	-2077.06	283.7031	0.665514	0.182543	0.0623662	0.0895767	1.085225	1.415495	2.241588	2.214715
2820	-1799.299	-2083.238	283.9389	0.582475	0.256166	0.0433329	0.118027	1.36732	1.464587	2.209895	1.569486
2826	-1805.859	-2089.9	284.0411	0.458965	0.416214	0.0449249	0.0798961	1.183111	1.506801	2.504506	1.086813
2832	-1809.117	-2091.351	282.2336	0.398278	0.361179	0.150495	0.0900484	1.440689	1.389366	3.276083	1.542003
2838	-1808	-2089.248	281.2474	0.686668	0.135649	0.029664	0.148019	1.13304	1.134476	4.236427	1.381957
2844	-1806.466	-2087.603	281.1365	0.771178	0.115303	0.0232455	0.0902736	1.368487	1.342204	3.296653	3.237021
2850	-1811.342	-2091.186	279.8438	0.723491	0.179828	0.0218081	0.074873	1.122399	1.266449	4.548728	2.307991
2856	-1802.969	-2084.425	281.4559	0.54394	0.200674	0.133569	0.121817	1.051811	1.110466	4.209722	1.31725
2862	-1801.495	-2083.047	281.5526	0.637738	0.0612882	0.246244	0.0547298	0.9817255	1.134451	4.209722	1.261832
2868	-1799.775	-2078.944	279.1694	0.592516	0.159154	0.195402	0.0529276	1.420437	1.327876	4.818233	2.106405
2874	-1800.501	-2079.818	279.3164	0.6031	0.214506	0.0996331	0.0827607	1.500733	1.195314	4.818233	1.99245
2880	-1811.438	-2091.535	280.0967	0.651112	0.0687178	0.19082	0.0893492	1.500733	1.195314	4.380448	1.99245
2886	-1811.651	-2092.944	281.2927	0.683902	0.0721784	0.20043	0.0434894	1.038944	1.249263	3.899784	2.021954
2892	-1797.942	-2078.866	280.924	0.612879	0.131032	0.217115	0.038973	1.792514	1.173509	3.999182	1.524574
2898	-1811.193	-2091.742	280.5489	0.632236	0.135171	0.223972	0.00862081	1.613379	1.129625	3.922065	2.448153
2904	-1810.506	-2091.29	280.7834	0.5994	0.116911	0.270564	0.013125	1.629648	1.251371	3.877119	2.036227
2910	-1807.928	-2089.323	281.3946	0.669576	0.244175	0.0816803	0.00456852	1.065396	1.280519	3.901478	1.810699
2916	-1816.098	-2096.939	280.8417	0.498719	0.364272	0.130061	0.00694872	1.326304	1.123244	4.46046	1.207118
2922	-1814.209	-2095.425	281.2167	0.614358	0.244168	0.134299	0.00717518	1.666676	1.215254	4.029061	1.207118
2928	-1807.237	-2089.834	282.5973	0.661843	0.26304	0.067387	0.00772977	1.666676	1.457674	3.194306	1.015402
2934	-1807.278	-2088.918	281.6403	0.643462	0.263633	0.0675388	0.0253664	2.888085	1.528501	2.926438	1.525508
2940	-1813.222	-2096.108	282.8863	0.643019	0.0939548	0.208234	0.0547914	1.454236	1.570962	2.355942	2.418184
2946	-1806.676	-2090.19	283.5137	0.713747	0.113803	0.136527	0.0359234	1.660952	1.664479	2.01331	1.908015
2952	-1809.411	-2094.114	284.7028	0.682353	0.108797	0.136909	0.0719409	1.232913	1.977376	1.71	1.115846
2958	-1821.479	-2105.641	284.1628	0.472937	0.19126	0.240925	0.094878	1.232913	1.826653	1.791613	1.768771
2964	-1804.269	-2087.19	282.9211	0.60587	0.228714	0.112199	0.0532169	2.381726	1.546415	2.459055	1.288128
2970	-1806.866	-2089.955	283.0894	0.603646	0.231546	0.111787	0.0530215	1.472261	1.544096	2.864956	1.154399
2976	-1814.947	-2097.419	282.472	0.654687	0.227491	0.0290339	0.088788	1.79356	1.480329	2.818331	1.711899
2982	-1804.492	-2086.382	281.8895	0.494224	0.306145	0.0756953	0.123936	2.120453	1.407292	2.970089	1.909318
2988	-1798.304	-2079.335	281.0316	0.517957	0.043223	0.392798	0.0460226	1.442741	1.137674	3.844878	2.146803
2994	-1791.13	-2069.735	278.6056	0.643161	0.201951	0.0666419	0.0882459	1.290752	1.021521	5.420326	1.972609
3000	-1800.229	-2081.716	281.4867	0.703952	0.187633	0.026426	0.081989	1.351245	1.198007	3.655911	2.002218
3006	-1801.615	-2081.506	279.891	0.56468	0.275664	0.0417815	0.117875	2.366594	1.43709	3.432503	3.484533
3012	-1805.894	-2087.316	281.4215	0.576531	0.281449	0.0216713	0.120349	1.32493	1.327744	3.432503	2.487181
3018	-1812.632	-2094.933	282.301	0.60688	0.238749	0.0522806	0.10209	1.136162	1.467345	3.128478	2.023248
3024	-1804.698	-2089.289	284.591	0.251293	0.656682	0.0504714	0.0415532	0.6374427	1.36854	2.62874	1.029366
3030	-1807.116	-2089.168	282.0522	0.415523	0.515268	0.0446419	0.0245674	0.8837239	1.173045	3.787795	1.602334
3036	-1783.841	-2065.064	281.2236	0.477582	0.445929	0.0552276	0.0212614	0.9894997	1.223489	4.364052	1.218414
3042	-1807.167	-2087.788	280.621	0.61047	0.308439	0.0607065	0.0203842	1.524874	1.329202	4.364052	1.218414
3048	-1814.55	-2095.53	280.9809	0.446726	0.379526	0.148666	0.0250821	1.141395	1.200517	4.303765	1.465282
3054	-1806.465	-2086.671	280.2064	0.533374	0.404116	0.0255006	0.0370098	1.523982	1.115539	4.59245	1.465282
3060	-1799.971	-2079.124	279.1527	0.477944	0.46026	0.0196444	0.0421515	1.72052	1.129221	5.033376	1.565621
3066	-1812.103	-2091.522	279.4194	0.595519	0.316274	0.0419667	0.0462405	1.568003	1.106408	5.08728	1.32071
3072	-1798.623	-2077.729	279.1065	0.591216	0.313229	0.0415627	0.0539915	2.235932	1.036106	5.013522	1.32071
3078	-1796.288	-2078.494	282.2062	0.707549	0.103709	0.149289	0.0394535	1.465232	1.321317	3.219595	1.746994
3084	-1812.911	-2095.413	282.5018	0.463106	0.239152	0.222557	0.0751858	1.757412	1.423499	2.680339	2.076272
3090	-1798.973	-2081.474	282.5001	0.61907	0.224935	0.113127	0.0428676	1.346701	1.389556	3.008276	1.870605
3096	-1797.652	-2079.09	281.438	0.616308	0.223931	0.117084	0.0426763	2.177952	1.407057	3.417082	1.488003
3102	-1792.443	-2075.224	282.781	0.644314	0.124421	0.205147	0.026118	1.338047	1.41499	2.667071	2.225568
3108	-1799.435	-2081.059	281.6241	0.760552	0.0923212	0.127747	0.0193798	1.505737	1.409166	2.981184	2.989644
3114	-1797.64	-2079.115	281.4752	0.759843	0.0922351	0.103642	0.0442805	1.426397	1.376621	3.329861	2.459661
3120	-1807.466	-2091.316	283.8502	0.762578	0.107961	0.0776315	0.0518301	1.216053	1.474568	2.207472	1.841459
3126	-1809.679	-2093.486	283.8065	0.679023	0.123466	0.0447418	0.152769	1.572279	1.541774	1.983647	1.841459
3132	-1805.584	-2089.121	283.5374	0.625946	0.110002	0.0598153	0.204237	1.713117	1.804855	1.823211	2.005769
3138	-1816.917	-2099.938	283.0207	0.629507	0.0104761	0.14943	0.210588	1.331457	1.617737	1.977151	3.239377
3144	-1807.92	-2089.922	282.0019	0.805111	0.0274956	0.0692707	0.0981227	1.67835	1.622079	2.678652	2.608946
3150	-1801.719	-2084.606	282.8867	0.824776	0.0221569	0.0733485	0.0797189	1.347203	1.588315	2.451204	2.311053
3156	-1783.937	-2066.987	283.0492	0.822348	0.0235429	0.0219662	0.132143	1.433171	1.617705	2.263625	2.350059
3162	-1800.061	-2084.101	284.0397	0.692555	0.130687	0.0654721	0.111287	1.532488	1.733675	1.73712	1.802108
3168	-1798.702	-2082.029	283.3267	0.694019	0.136173	0.0567652	0.113043	1.532488	1.66075	2.32918	1.672036
3174	-1805.364	-2088.942	283.5777	0.621748	0.129412	0.168455	0.0803848	1.450352	1.530502	2.32918	1.611946
3180	-1799.486	-2081.935	282.449	0.644941	0.130797	0.170257	0.0540051	1.329626	1.370392	2.97796	2.050019
3186	-1822.551	-2104.792	282.2408	0.716553	0.0531435	0.12373	0.106573	1.926756	1.429964	2.861121	1.846454
3192	-1802.765	-2085.733	282.9677	0.786642	0.0559198	0.031769	0.125669	1.276539	1.430384	2.620892	2.126775
3198	-1816.725	-2099.011	282.2859	0.835682	0.0272841	0.00795613	0.129078	2.3083	1.404136	2.334701	2.62336
3204	-1824.977	-2108.239	283.2621	0.783531	0.0184306	0.128282	0.069756	1.18957	1.644992	1.95391	3.063004
3210	-1812.993	-2096.061	283.0673	0.760957	0.0467109	0.124586	0.0677463	1.232758	1.328163	2.606597	2.219046
3216	-1819.972	-2102.124	282.1521	0.783961	0.0170823	0.128352	0.070604	1.220865	1.41266	2.920107	2.707771
3222	-1817.403	-2096.933	279.5309	0.79247	0.0140714	0.164764	0.0286951	1.276402	1.063028	4.559975	2.843597
3228	-1824.778	-2103.749	278.9712	0.843449	0.00858562	0.118739	0.0292262	1.570156	1.378754	4.659544	2.541431
3234	-1798.562	-2080.03	281.4675	0.862833	0.0172012	0.0861643	0.033801	1.239307	1.321597	3.56681	2.209875
3240	-1803.936	-2084.987	281.0512	0.618907	0.0706138	0.2453	0.0651789	1.7844	1.37041	3.56681	2.069282
3246	-1796.519	-2077.228	280.7091	0.787925	0.0237666	0.142475	0.0458334	1.4167	1.280568	3.56681	3.210065
3252	-1806.933	-2087.883	280.9506	0.828264	0.0249834	0.0988836	0.0478694	3.385173	1.385658	2.734268	2.692524
3258	-1795.853	-2077.29	281.4368	0.754813	0.0374336	0.0989697	0.108784	2.637857	1.470853	2.617821	2.796067
3264	-1804.812	-2086.266	281.4546	0.72473	0.0506675	0.115785	0.108817	2.637857	1.472661	2.617821	2.764634
3270	-1803.251	-2085.563	282.3117	0.733006	0.0619671	0.141607	0.0634191	1.509229	1.457477	2.937997	1.993832
3276	-1793.931	-2075.559	281.6283	0.711972	0.0731346	0.167127	0.0477658	1.259651	1.218414	3.227451	2.978451
3282	-1805.332	-2088.456	283.1234	0.646793	0.0635364	0.259098	0.0305727	1.318073	1.5026	2.222234	2.663373
3288	-1796.897	-2079.892	282.9956	0.757192	0.0436774	0.178114	0.0210168	1.466781	1.486847	2.175022	2.796117
3294	-1799.621	-2081.741	282.12	0.741518	0.0779022	0.143094	0.0374852	1.227044	1.443173	3.141684	2.155014
3300	-1793.452	-2075.964	282.5121	0.733767	0.0875413	0.141598	0.0370934	1.353195	1.247233	3.079338	1.877997
3306	-1795.836	-2076.418	280.5824	0.616861	0.0476737	0.119038	0.216427	1.688928	1.127832	3.978513	2.171116
3312	-1806.203	-2086.961	280.758	0.726435	0.0232387	0.100405	0.149922	2.23738	1.251336	3.357357	2.698623
3318	-1801.947	-2081.887	279.9403	0.867915	0.0122168	0.00981939	0.110049	2.143488	1.277882	3.855764	2.698623
3324	-1809.247	-2087.205	277.9582	0.854548	0.00434054	0.00695798	0.134154	4.739002	1.083589	4.402142	2.331701
3330	-1806.172	-2085.14	278.9681	0.863933	0.00408819	0.00562524	0.126354	2.187093	1.146947	4.400009	2.883179
3336	-1815.134	-2094.656	279.5225	0.704888	0.169217	0.00458967	0.121305	1.174332	1.224636	4.400009	3.224547
3342	-1801.045	-2080.938	279.8937	0.604635	0.259537	0.00488246	0.130946	1.306661	1.135071	4.441851	2.451721
3348	-1810.645	-2090.384	279.7396	0.728959	0.0879053	0.0723078	0.110828	1.306661	1.210824	3.926718	4.184284
3354	-1819.436	-2098.884	279.4483	0.82305	0.0704169	0.0283669	0.078166	1.944822	1.38315	4.136084	2.767968
3360	-1797.677	-2078.177	280.5002	0.77751	0.140076	0.0267973	0.0556169	1.460472	1.055482	4.266439	1.956584
3366	-1805.147	-2085.499	280.3526	0.711952	0.0823657	0.0973911	0.108291	0.9641208	1.26374	4.495684	1.956584
3372	-1803.091	-2083.551	280.459	0.752561	0.0460881	0.0486439	0.152707	0.9641208	1.12432	4.142697	2.926603
3378	-1799.713	-2080.134	280.4217	0.843419	0.0132294	0.0229869	0.120365	1.287972	1.124867	3.985607	2.926603
3384	-1822.79	-2102.015	279.2258	0.745523	0.0807566	0.0278567	0.145864	1.49737	1.07063	4.331175	3.735889
3390	-1831.415	-2110.481	279.0658	0.820847	0.0266901	0.025938	0.126525	2.199334	1.113799	4.331175	2.96305
3396	-1818.135	-2096.894	278.759	0.752845	0.024479	0.0307838	0.191892	2.267514	1.058841	4.630555	2.613656
3402	-1807.561	-2086.351	278.7893	0.781689	0.0178994	0.101908	0.0985038	1.908808	1.219314	4.657468	2.652174
3408	-1792.29	-2072.722	280.4318	0.702311	0.029188	0.107874	0.160628	1.73051	1.23344	3.755881	2.765137
3414	-1792.109	-2073.84	281.7313	0.781217	0.0161519	0.0839396	0.118692	1.441731	1.237117	3.24163	2.488847
3420	-1804.306	-2085.317	281.011	0.800698	0.0170343	0.057092	0.125176	1.441731	1.122537	3.687744	2.597415
3426	-1817.31	-2096.401	279.0912	0.855454	0.0640565	0.0741361	0.00635307	1.631296	1.286291	3.48176	6.757946
3432	-1806.882	-2088.052	281.1698	0.784346	0.0654519	0.106111	0.0440913	1.947498	1.269389	3.041274	3.222057
3438	-1811.708	-2093.922	282.214	0.676387	0.189087	0.0635233	0.0710023	1.451834	1.319228	2.882264	2.530365
3444	-1804.038	-2086.228	282.1904	0.580059	0.240347	0.0508008	0.128793	1.963261	1.407495	2.644366	2.394278
3450	-1815.236	-2095.231	279.9952	0.56789	0.261563	0.0303851	0.140162	2.122032	1.214491	4.141863	2.008034
3456	-1804.716	-2083.07	278.3542	0.535554	0.35232	0.0284202	0.0837058	2.425327	1.193207	4.951877	2.018679
3462	-1812.708	-2093.499	280.7914	0.712108	0.241717	0.0194983	0.0266772	1.504579	1.273441	3.834885	2.241979
3468	-1829.4	-2110.175	280.7747	0.330482	0.467222	0.0731822	0.129114	1.003708	1.062299	3.939219	3.031682
3474	-1838.095	-2118.242	280.1474	0.643878	0.0650562	0.229419	0.0616464	1.222339	1.15037	4.410559	2.255051
3480	-1823.576	-2104.083	280.5069	0.734481	0.0831599	0.0606755	0.121684	1.093688	1.337533	3.596	3.943081
3486	-1827.785	-2107.36	279.575	0.766357	0.104324	0.0596857	0.0696333	1.422984	1.30618	4.371571	2.708242
3492	-1816.41	-2098.073	281.6629	0.581064	0.319902	0.0314772	0.0675567	1.552572	1.504187	3.229996	2.095865
3498	-1828.137	-2110.49	282.3527	0.498585	0.363603	0.0728658	0.064946	2.044682	1.570062	2.701614	1.746492
3504	-1820.767	-2102.819	282.0519	0.629965	0.165956	0.12202	0.0820596	2.184424	1.458886	2.788426	1.961711
3510	-1822.508	-2105.804	283.2963	0.64769	0.170625	0.125453	0.056231	1.600781	1.611389	2.171242	2.013645
3516	-1825.392	-2108.005	282.6125	0.685856	0.0972858	0.157313	0.0595445	1.708634	1.546149	2.521482	2.162185
3522	-1821.244	-2101.465	280.2208	0.598451	0.164816	0.19494	0.0417935	0.9873046	1.147322	4.703135	1.770535
3528	-1811.019	-2091.975	280.9559	0.542635	0.226689	0.176758	0.0539174	0.9907407	1.01837	4.637565	1.202781
3534	-1822.845	-2104.91	282.0648	0.636981	0.249153	0.0634012	0.0504642	1.111891	1.089725	3.727385	1.539847
3540	-1818.68	-2100.389	281.7098	0.69692	0.176323	0.0910437	0.0357131	0.9486733	1.068748	3.799929	2.059086
3546	-1813.574	-2094.013	280.4395	0.673842	0.221242	0.0470667	0.0578497	0.8356178	1.227138	4.737245	1.523407
3552	-1816.882	-2097.6	280.7178	0.642043	0.171255	0.0635868	0.123115	1.586455	1.332126	3.630207	2.688392
3558	-1818.681	-2098.677	279.9958	0.745339	0.0717603	0.0938072	0.0890932	2.355441	1.509632	2.966081	4.732732
3564	-1820.109	-2102.157	282.0481	0.569105	0.208649	0.0703174	0.151929	1.585793	1.619367	2.696187	2.616299
3570	-1808.595	-2091.445	282.8505	0.569105	0.208649	0.0703174	0.151929	1.62559	1.545438	2.70789	1.559591
3576	-1810.231	-2091.624	281.3931	0.58737	0.242578	0.0817519	0.0883	3.196851	1.571093	2.95169	1.501483
3582	-1817.892	-2101.169	283.2767	0.501729	0.395631	0.0175717	0.0850683	1.141661	1.284912	2.821287	1.656629
3588	-1819.757	-2102.994	283.2369	0.376688	0.494509	0.0710092	0.057794	1.313332	1.2884	2.821287	1.508998
3594	-1807.16	-2090.536	283.3759	0.49877	0.388686	0.0444476	0.0680969	0.6649559	1.304343	2.905042	1.946561
3600	-1831.316	-2113.457	282.1411	0.49877	0.388686	0.0444476	0.0680969	0.7824429	1.355195	3.648695	1.693272
3606	-1814.201	-2096.607	282.4062	0.696954	0.155918	0.0977418	0.049386	0.9321163	1.308211	3.431422	1.693272
3612	-1815.865	-2098.454	282.589	0.335838	0.372198	0.227718	0.064246	0.2423433	1.38202	3.969151	1.06229
3618	-1816.684	-2099.831	283.147	0.290625	0.547142	0.14884	0.0133923	0.3518346	1.371982	3.532516	1.238235
3624	-1807.094	-2091.855	284.7609	0.277648	0.52271	0.142194	0.0574491	0.2646365	1.37191	2.590442	1.238235
3630	-1813.772	-2097.989	284.2173	0.280291	0.625917	0.0276369	0.0661551	0.2237766	1.402004	3.169304	0.7892807
3636	-1822.787	-2104.632	281.8452	0.353555	0.498938	0.0220303	0.125477	0.198981	1.16696	4.462521	1.134131
3642	-1816.03	-2097.971	281.9405	0.664251	0.138952	0.178635	0.0181621	1.29827	1.211707	3.444276	1.928716
3648	-1816.505	-2095.852	279.347	0.501484	0.207187	0.283162	0.00816679	1.222442	0.851098	5.229341	1.764839
3654	-1811.255	-2090.403	279.1482	0.538325	0.222407	0.230501	0.00876675	1.094306	1.093166	5.009524	2.411292
3660	-1800.759	-2081.582	280.8224	0.615063	0.0617811	0.319054	0.00410113	1.645902	1.321916	3.599985	2.546667
3666	-1803.893	-2085.267	281.3732	0.6246	0.0545905	0.315842	0.00496713	1.000508	1.364427	3.770003	2.114412
3672	-1814.308	-2091.979	277.6712	0.755126	0.0287115	0.166115	0.0500478	1.981744	1.093735	4.822815	4.264378
3678	-1807.711	-2088.387	280.6762	0.667722	0.0192626	0.219912	0.0931034	1.384067	1.287989	3.598069	3.211181
3684	-1802.292	-2082.736	280.4439	0.684643	0.0106433	0.271978	0.0327361	1.384067	1.26283	3.598069	3.678669
3690	-1794.25	-2072.655	278.4044	0.825246	0.00525951	0.150923	0.0185711	2.004189	1.278832	4.296271	4.269214
3696	-1809.898	-2087.375	277.4767	0.835032	0.0372975	0.0985598	0.0291102	3.335386	1.189632	4.296271	4.603939
3702	-1807.049	-2085.298	278.2489	0.815136	0.0602359	0.0962114	0.0284166	1.720404	1.187956	4.669983	3.87282
3708	-1794.943	-2074.597	279.6542	0.743232	0.106405	0.0991698	0.0511925	1.53833	1.134423	4.201983	3.190843
3714	-1803.798	-2084.695	280.8973	0.717263	0.140425	0.0943408	0.0479716	1.036121	0.98206	4.201983	2.207824
3720	-1809.946	-2089.885	279.9388	0.690401	0.186859	0.108384	0.0143557	2.113711	1.215698	4.529204	1.258619
3726	-1812.142	-2094.189	282.0465	0.436186	0.209298	0.316245	0.0382709	1.538795	1.309294	3.406508	1.495944
3732	-1814.059	-2095.089	281.0297	0.668206	0.156904	0.136356	0.0385338	1.47181	1.350593	3.407643	2.928548
3738	-1815.741	-2098.695	282.9549	0.535907	0.22047	0.186199	0.0574236	1.47181	1.601519	2.806167	1.341899
3744	-1807.139	-2089.68	282.5409	0.582739	0.357416	0.0292308	0.0306142	1.36009	1.387509	3.001475	1.820125
3750	-1813.299	-2096.019	282.7192	0.606138	0.200941	0.127448	0.0654737	1.074409	1.461934	3.203099	1.432342
3756	-1801.916	-2083.304	281.3881	0.716029	0.0184212	0.198697	0.066853	1.256778	1.257455	3.74664	1.960719
3762	-1804.47	-2084.873	280.4025	0.621519	0.0361779	0.259759	0.0825446	1.560349	1.209149	3.906654	2.658393
3768	-1805.937	-2088.597	282.6593	0.646068	0.0933936	0.186533	0.0740061	1.006686	1.386	3.27557	1.524795
3774	-1792.185	-2073.638	281.4536	0.696246	0.124031	0.0730761	0.106647	1.3718	1.244235	3.815989	1.611905
3780	-1795.757	-2077.258	281.501	0.694081	0.123645	0.0759589	0.106315	1.3718	1.244235	3.357668	2.623215
3786	-1798.701	-2079.821	281.1199	0.697052	0.0460435	0.0989183	0.157987	1.500272	1.302885	3.628663	2.246182
3792	-1791.154	-2072.134	280.9803	0.731682	0.0358774	0.115873	0.116568	1.648314	1.431478	3.265823	3.028346
3798	-1804.604	-2085.451	280.8468	0.784106	0.0521062	0.124175	0.0396129	2.069651	1.26996	3.537969	2.257925
3804	-1803.949	-2084.014	280.0648	0.631219	0.136063	0.168718	0.0640003	1.250617	1.284385	4.237105	2.592884
3810	-1803.635	-2086.373	282.7381	0.522109	0.206466	0.177203	0.0942224	1.110177	1.278975	3.201029	1.586621
3816	-1811.646	-2093.143	281.4977	0.511786	0.216231	0.185584	0.0863998	1.639618	1.199432	3.857464	1.268051
3822	-1798.435	-2080.079	281.6438	0.489173	0.396847	0.0814086	0.0325714	1.684258	1.26058	3.713746	1.27393
3828	-1813.392	-2094.945	281.5529	0.490343	0.332822	0.119891	0.0569431	1.079371	1.371202	4.036284	1.23058
3834	-1824.519	-2104.389	279.8702	0.629507	0.221175	0.0661911	0.0831267	1.029153	1.128321	4.897444	1.745252
3840	-1812.005	-2091.631	279.6255	0.711102	0.0961307	0.0483047	0.144462	1.09924	1.017903	4.591419	2.945528
3846	-1801.117	-2081.547	280.4296	0.639265	0.140929	0.0369096	0.182896	1.29656	1.197786	4.092937	2.491512
3852	-1813.128	-2093.334	280.2064	0.377966	0.416708	0.0344781	0.170848	1.29656	1.269556	4.455804	1.815826
3858	-1807.435	-2090.14	282.7044	0.387052	0.426726	0.0698622	0.116359	1.757925	1.297385	2.962249	1.406461
3864	-1824.776	-2107.183	282.4065	0.551444	0.321718	0.0487674	0.0780698	1.057892	1.507333	3.414144	1.348476
3870	-1807.736	-2089.584	281.8476	0.656406	0.187753	0.0935834	0.0622576	1.204931	1.296557	3.590995	1.729127
3876	-1814.407	-2094.778	280.371	0.745273	0.062928	0.123017	0.0687812	1.590964	1.268631	3.980825	2.381753
3882	-1800.154	-2083.334	283.1795	0.561372	0.0872843	0.147047	0.204297	1.154308	1.534052	2.265699	2.659715
3888	-1803.035	-2086.376	283.3419	0.524727	0.297417	0.0989458	0.0789102	1.854412	1.673604	2.05196	1.842741
3894	-1799.497	-2081.234	281.7365	0.482993	0.27696	0.0921401	0.147907	1.661337	1.528221	3.007528	2.356444
3900	-1793.441	-2073.644	280.2033	0.616063	0.147854	0.164555	0.0715282	1.211029	1.461256	4.113999	2.499318
3906	-1797.809	-2079.367	281.558	0.573927	0.245828	0.0956411	0.0846041	1.062806	1.131553	4.113999	1.355344
3912	-1821.652	-2105.111	283.4586	0.617364	0.181483	0.037293	0.16386	2.44152	1.991253	1.313574	2.067502
3918	-1803.841	-2088.393	284.5526	0.548143	0.255141	0.0969534	0.0997624	0.991504	1.784628	1.525461	2.105803
3924	-1801.56	-2082.4	280.8396	0.550147	0.304198	0.0733781	0.0722768	1.093533	1.010566	4.577921	1.342371
3930	-1820.291	-2102.013	281.722	0.63932	0.0758167	0.181393	0.103469	2.016504	1.436674	3.159368	1.779093
3936	-1807.111	-2087.558	280.4468	0.585093	0.0677467	0.214674	0.132487	1.584108	1.294544	3.932724	2.36448
3942	-1807.175	-2087.63	280.4558	0.650729	0.0470355	0.154886	0.147349	1.584108	1.103869	4.25453	1.841355
3948	-1807.054	-2086.816	279.7628	0.688901	0.0497947	0.160588	0.100716	1.584108	1.258954	4.557941	1.841355
3954	-1805.291	-2087.791	282.4993	0.683462	0.156536	0.0699044	0.0900972	1.246366	1.406783	3.17532	1.616507
3960	-1802.338	-2084.234	281.8956	0.6283	0.195624	0.0769274	0.0991488	1.804283	1.284106	3.130772	2.026013
3966	-1814.655	-2096.437	281.7817	0.512296	0.261115	0.094248	0.132341	1.314023	1.18227	3.542593	1.935803
3972	-1804.643	-2087.78	283.1368	0.685451	0.175705	0.0497908	0.089053	1.378216	1.473376	2.520224	1.935803
3978	-1802.597	-2086.579	283.9821	0.636435	0.052038	0.136279	0.175247	0.9669602	1.625321	2.134079	1.935803
3984	-1801.866	-2085.926	284.0605	0.675581	0.045259	0.165308	0.113851	1.270608	1.62336	1.719124	2.268813
3990	-1803.668	-2086.364	282.696	0.747903	0.0282355	0.209677	0.014185	1.632387	1.508599	2.551449	2.118813
3996	-1807.888	-2091.623	283.7347	0.778397	0.0226666	0.186331	0.0126056	1.651133	1.66095	1.661392	2.322114
4002	-1815.228	-2099.173	283.9455	0.660891	0.186966	0.0621583	0.089985	0.7883099	1.887098	1.856248	2.460072
4008	-1801.72	-2085.423	283.7033	0.59673	0.278109	0.0232743	0.101886	0.998994	1.616268	2.101219	2.35807
4014	-1809.411	-2093.443	284.0324	0.599745	0.276424	0.0225621	0.101269	1.14387	1.768954	1.66334	2.384903
4020	-1809.154	-2092.073	282.9186	0.526519	0.36896	0.0156158	0.0889046	1.467115	1.464267	2.605741	1.95053
4026	-1812.885	-2096.895	284.0096	0.7102	0.0914477	0.11052	0.0878325	1.389354	1.384076	2.156894	1.655511
4032	-1816.499	-2097.814	281.3157	0.551565	0.310389	0.122286	0.0157599	1.553106	1.375593	3.109625	3.136365
4038	-1797.684	-2080.006	282.3226	0.471366	0.470064	0.0411845	0.0173853	1.081696	1.251752	3.212597	2.166629
4044	-1803.83	-2084.548	280.718	0.458668	0.457401	0.0400751	0.0438552	1.549458	1.162067	4.071558	1.881052
4050	-1798.76	-2081.688	282.9281	0.31675	0.521038	0.0883476	0.0738648	1.062161	1.377047	3.207929	1.29852
4056	-1807.985	-2089.728	281.7427	0.480177	0.35798	0.0916038	0.0702385	1.426518	1.362327	3.71001	1.300708
4062	-1815.602	-2097.514	281.9119	0.505334	0.292643	0.0859576	0.116065	1.194777	1.520172	3.846289	0.9365413
4068	-1810.398	-2091.473	281.0744	0.61446	0.131389	0.140018	0.114133	0.9579927	1.341122	3.88522	2.346447
4074	-1805.719	-2087.517	281.7977	0.595979	0.19061	0.118748	0.094663	1.430432	1.272964	3.90681	0.9770108
4080	-1816.078	-2096.261	280.183	0.471292	0.367377	0.112077	0.0492532	2.213305	1.293645	4.42217	1.045708
4086	-1808.305	-2090.123	281.8176	0.353189	0.466523	0.112185	0.0681033	1.508065	1.060386	4.075481	0.8115722
4092	-1790.353	-2068.537	278.1838	0.548017	0.325793	0.0227456	0.103445	1.458372	0.9930877	5.762314	1.568882
4098	-1802.02	-2081.835	279.8157	0.510471	0.325775	0.0143955	0.149359	1.379265	1.082583	4.848141	1.573821
4104	-1801.512	-2081.74	280.2276	0.498792	0.282422	0.0558087	0.162977	1.107328	1.143325	4.732369	1.559608
4110	-1795.853	-2076.16	280.3067	0.527088	0.241714	0.0589748	0.172223	1.672799	1.116792	4.328039	1.756237
4116	-1798.67	-2079.36	280.6897	0.585062	0.208829	0.0840826	0.122026	1.697359	1.336469	3.555199	2.785002
4122	-1804.393	-2086.345	281.9519	0.572515	0.131122	0.269237	0.0271261	1.503265	1.294383	3.50095	1.471036
4128	-1810.189	-2091.728	281.5388	0.631376	0.113067	0.232166	0.023391	1.581318	1.194465	3.40013	2.26377
4134	-1809.647	-2090.775	281.128	0.736889	0.128446	0.088769	0.0458959	2.245289	1.276492	3.491694	1.808477
4140	-1803.317	-2082.104	278.7865	0.715323	0.170999	0.0542464	0.059432	2.127697	1.148918	4.829674	2.072781
4146	-1815.771	-2094.468	278.6977	0.724162	0.202656	0.019978	0.0532037	1.608272	1.113623	5.247746	1.779947
4152	-1814.806	-2094.276	279.4698	0.525804	0.348213	0.0537947	0.0721884	1.109249	1.122582	5.20359	1.477068
4158	-1809.909	-2088.022	278.1127	0.513129	0.33982	0.0668241	0.0802271	1.556282	1.060296	5.703608	1.600703
4164	-1809.286	-2087.838	278.5522	0.746932	0.0790044	0.124591	0.0494729	1.52021	1.155147	5.059883	2.491542
4170	-1815.319	-2091.566	276.2471	0.587263	0.154167	0.230275	0.0282953	1.253251	0.9479353	6.803547	1.877984
4176	-1812.375	-2092.468	280.0921	0.741996	0.0444214	0.176828	0.0367545	0.8565659	1.005625	4.929436	1.768253
4182	-1825.598	-2109.594	283.9952	0.197605	0.668041	0.114439	0.0199151	0.2657173	1.38666	3.231535	0.9208064
4188	-1819.585	-2102.882	283.2974	0.380138	0.395593	0.182331	0.0419383	0.7588986	1.532262	3.287823	0.9367086
4194	-1798.267	-2081.157	282.8897	0.708982	0.0564633	0.122726	0.111828	1.536388	1.406588	2.638334	1.916616
4200	-1813.431	-2096.538	283.1073	0.732724	0.0248667	0.126836	0.115573	1.270518	1.444094	2.581568	2.012577
4206	-1807.793	-2090.545	282.7525	0.875085	0.0276614	0.0480629	0.0491906	1.204221	1.543573	2.581568	2.460084
4212	-1804.47	-2087.753	283.2824	0.742988	0.0158614	0.182091	0.0590593	1.043564	1.376011	2.697298	1.910106
4218	-1803.676	-2086.22	282.5436	0.788116	0.00908364	0.157858	0.0449427	1.068496	1.25343	3.040788	2.277646
4224	-1809.049	-2089.122	280.0735	0.807337	0.00930518	0.156533	0.0268248	1.599384	1.234235	4.081729	2.603872
4230	-1814.661	-2097.232	282.5707	0.528623	0.380676	0.0343822	0.056319	2.274449	1.584053	2.472464	1.711664
4236	-1802.376	-2083.728	281.3519	0.515304	0.39628	0.0335159	0.0549	0.7521103	1.45788	4.163552	1.480235
4242	-1809.083	-2092.115	283.0311	0.620378	0.235207	0.0524576	0.0919577	1.560116	1.336876	2.649962	1.775097
4248	-1806.302	-2088.224	281.9218	0.714762	0.126208	0.057766	0.101263	1.078347	1.401772	3.57726	1.686918
4254	-1819.805	-2101.849	282.0448	0.744155	0.140697	0.0240327	0.0911154	0.9525655	1.278057	3.053047	3.173396
4260	-1814.686	-2092.949	278.2631	0.739058	0.119011	0.0767825	0.0651484	2.064979	1.105998	4.91392	2.750243
4266	-1808.402	-2088.868	280.4658	0.748692	0.0217661	0.083992	0.14555	1.90907	1.163481	4.084491	1.801091
4272	-1816.635	-2098.987	282.3516	0.520925	0.246489	0.146292	0.0862932	0.8778726	1.374777	3.397575	1.81984
4278	-1816.158	-2098.758	282.6001	0.489386	0.267479	0.149439	0.0936957	1.545552	1.466995	2.971813	1.514365
4284	-1799.718	-2082.54	282.8216	0.563442	0.263028	0.0292541	0.144275	1.410389	1.284596	2.998615	1.553654
4290	-1810.445	-2092.106	281.6615	0.778236	0.0683207	0.0295468	0.123897	1.510951	1.530264	3.056927	2.529951
4296	-1817.567	-2098.62	281.0528	0.740735	0.129909	0.0114295	0.117926	1.386461	1.387537	3.623576	2.37713
4302	-1819.35	-2099.182	279.8321	0.588211	0.181722	0.0651073	0.16496	0.9664622	1.006247	5.004763	1.782606
4308	-1820.46	-2100.884	280.4246	0.559484	0.308161	0.0262521	0.106103	1.358558	1.053487	4.156811	2.462705
4314	-1808.756	-2089.808	281.0527	0.576081	0.109962	0.250066	0.0638908	1.195018	1.278485	3.701414	2.602644
4320	-1815.62	-2094.015	278.3946	0.624515	0.16282	0.169387	0.0432777	1.159467	1.1122	5.221154	2.85974
4326	-1824.269	-2104.018	279.7488	0.575792	0.226942	0.156172	0.0410932	1.316664	0.9702277	4.439501	2.928848
4332	-1820.601	-2100.853	280.2522	0.695906	0.0867014	0.192528	0.0248648	1.16885	1.205183	4.0222	3.156554
4338	-1810.959	-2091.533	280.5747	0.656041	0.237203	0.0308337	0.0759224	0.9904867	1.314375	4.320082	1.972495
4344	-1824.348	-2104.807	280.4582	0.329459	0.390248	0.27021	0.010084	1.074037	1.219454	4.679567	1.353709
4350	-1795.013	-2077.561	282.5483	0.428542	0.412581	0.12665	0.0322263	1.438799	1.464093	3.292428	1.086624
4356	-1798.012	-2080.207	282.195	0.45087	0.434077	0.0575101	0.0575431	1.268163	1.494069	3.493951	1.226259
4362	-1817.257	-2101.029	283.7723	0.434334	0.406898	0.126445	0.0323232	1.679304	1.654915	2.201564	1.255281
4368	-1819.236	-2102.533	283.2972	0.472643	0.357692	0.137597	0.0320684	1.679304	1.658803	2.389368	1.452177
4374	-1807.766	-2090.178	282.4116	0.513234	0.403597	0.0339834	0.0491852	1.670204	1.605413	2.389368	2.730357
4380	-1802.788	-2086.215	283.4266	0.483579	0.416236	0.0922588	0.00792568	1.914741	1.763393	1.901304	1.847667
4386	-1811.433	-2096.129	284.6965	0.427387	0.389601	0.107179	0.0758327	0.9265012	1.773183	1.336291	2.35863
4392	-1805.452	-2089.518	284.0664	0.589377	0.120675	0.268316	0.0216317	1.344036	1.847495	1.4377	2.394503
4398	-1808.991	-2093.488	284.4973	0.653621	0.241033	0.0813563	0.0239896	1.461255	1.847495	1.271981	1.942026
4404	-1800.56	-2084.319	283.7591	0.739017	0.0509918	0.0558394	0.154152	2.699092	1.920526	1.040861	1.952897
4410	-1804.722	-2089.141	284.4187	0.53942	0.309702	0.0383592	0.112518	1.020912	1.868696	1.153251	2.827526
4416	-1813.971	-2099.131	285.1596	0.679438	0.222095	0.0177772	0.0806894	0.8976821	1.868696	1.229495	1.81644
4422	-1791.785	-2076.741	284.9557	0.419465	0.386835	0.0531589	0.140541	1.084501	1.9427	1.167757	1.835091
4428	-1814.396	-2099.041	284.6447	0.601672	0.265423	0.0364744	0.0964306	1.382568	1.781248	1.545649	1.493234
4434	-1804.141	-2088.332	284.1914	0.648291	0.203081	0.0748473	0.0737813	1.693393	1.565598	1.833494	1.491835
4440	-1819.299	-2102.188	282.8892	0.549806	0.274916	0.0940676	0.0812105	1.743303	1.376993	2.798665	1.426477
4446	-1815.858	-2096.722	280.8641	0.549019	0.34525	0.00983391	0.0958979	1.664849	1.136668	4.113779	1.523371
4452	-1819.212	-2097.914	278.7013	0.698288	0.228223	0.0101476	0.0633417	4.125715	1.38075	3.869735	2.605325
4458	-1822.425	-2099.966	277.5404	0.765513	0.120565	0.00496781	0.108954	5.41548	1.269224	3.989121	3.416816
4464	-1811.881	-2092.289	280.4079	0.807314	0.0578982	0.00523908	0.129548	2.683583	1.330806	3.283855	2.851088
4470	-1811.433	-2091.789	280.3552	0.796523	0.0538442	0.0291554	0.120477	2.311998	1.306254	3.618385	2.466715
4476	-1809.396	-2091.708	282.3115	0.755364	0.0510619	0.0793228	0.114252	2.145291	1.434497	2.561507	2.181247
4482	-1812.019	-2092.536	280.5178	0.82025	0.0547407	0.0562237	0.0687852	1.231135	1.253841	3.881143	2.943087
4488	-1821.157	-2098.918	277.761	0.724639	0.043186	0.206083	0.0260922	2.251657	1.042044	4.984647	3.258294
4494	-1805.248	-2083.858	278.6098	0.733781	0.0369534	0.176341	0.0529242	1.38796	1.203205	4.911079	2.928067
4500	-1811.351	-2089.826	278.4752	0.720307	0.0156589	0.194647	0.0693872	1.656596	1.367297	4.981881	2.330527
4506	-1811.124	-2090.524	279.4003	0.569697	0.157937	0.217487	0.054879	1.40979	1.065599	4.731746	2.38329
4512	-1807.338	-2086.391	279.0527	0.580766	0.186843	0.169555	0.0628361	1.83818	1.093927	4.828863	2.084763
4518	-1808.158	-2083.585	275.427	0.714298	0.103065	0.105353	0.0772836	1.902962	1.074387	6.380221	3.283452
4524	-1816.65	-2093.827	277.1764	0.621183	0.0610813	0.192331	0.125405	1.131218	1.064781	5.80645	3.244891
4530	-1820.143	-2096.844	276.7005	0.598083	0.144351	0.185178	0.0723879	2.083386	1.154009	5.198966	4.600051
4536	-1819.852	-2098.426	278.5734	0.650749	0.160625	0.137317	0.0513081	1.127956	1.16552	4.508524	4.952828
4542	-1824.247	-2102.587	278.34	0.689936	0.170298	0.0538729	0.0858939	1.499365	1.182399	4.978815	3.046649
4548	-1805.548	-2087.082	281.5345	0.668594	0.16503	0.0831398	0.0832369	1.453947	1.727263	3.073673	2.456933
4554	-1801.463	-2082.621	281.159	0.596392	0.17086	0.0860773	0.14667	1.410949	1.53166	3.035995	3.57828
4560	-1813.997	-2096.342	282.3449	0.529252	0.070968	0.271216	0.128564	1.447002	1.534945	2.75016	2.345133
4566	-1811.172	-2089.647	278.4745	0.625938	0.0795581	0.232239	0.062265	2.26335	1.188684	4.531891	3.157214
4572	-1802.129	-2085.706	283.5769	0.598471	0.260827	0.110253	0.0304491	0.8681772	1.356893	2.834807	1.512306
4578	-1807.439	-2088.919	281.4793	0.676556	0.0616255	0.145091	0.116728	0.889369	1.3062	3.579406	2.692838
4584	-1813.292	-2094.151	280.8591	0.676556	0.0616255	0.145091	0.116728	1.74552	1.180104	3.954689	1.73355
4590	-1815.129	-2093.754	278.6242	0.773767	0.0297221	0.165939	0.0305719	1.374134	1.196596	4.991736	2.702171
4596	-1821.154	-2103.424	282.2693	0.787444	0.0141075	0.168872	0.0295767	1.013364	1.119242	3.683071	1.469602
4602	-1820.319	-2101.305	280.9858	0.634796	0.0432599	0.267247	0.0546969	1.520664	1.353669	3.602031	2.407343
4608	-1814.58	-2096.731	282.1504	0.706871	0.0829884	0.141307	0.0688342	1.518642	1.470811	3.229635	1.556969
4614	-1819.823	-2101.023	281.2003	0.790215	0.0966189	0.0159242	0.0972414	1.817053	1.506702	3.044376	2.930652
4620	-1809.847	-2092.213	282.3652	0.830464	0.10154	0.0239168	0.0440788	1.446764	1.599416	2.339649	3.264594
4626	-1812.728	-2094.064	281.3361	0.692083	0.15456	0.115565	0.037792	2.099204	1.670184	2.646412	3.170589
4632	-1802.196	-2084.63	282.4335	0.808283	0.0573497	0.11007	0.024297	2.861532	1.631836	1.970712	2.355724
4638	-1817.916	-2099.663	281.7466	0.829918	0.0244722	0.129849	0.0157606	2.929396	1.653827	2.076012	3.087346
4644	-1818.289	-2100.186	281.8974	0.811379	0.0239255	0.126948	0.0377473	2.057676	1.638042	2.123278	3.767407
4650	-1812.584	-2096.546	283.9615	0.747509	0.0220421	0.129008	0.101441	1.525199	1.739499	1.539941	2.275602
4656	-1830.724	-2112.224	281.5001	0.784212	0.00676396	0.133057	0.0759676	5.068957	1.774962	1.552327	2.754925
4662	-1807.772	-2089.507	281.7354	0.759725	0.0324274	0.00717611	0.200672	1.4166	1.357444	3.004657	2.95495
4668	-1822.128	-2102.81	280.6819	0.752704	0.0734359	0.0071098	0.16675	1.289926	1.402402	3.66537	2.95495
4674	-1800.291	-2081.162	280.8709	0.626291	0.265118	0.00118372	0.107408	2.153264	1.614074	3.739649	1.289422
4680	-1812.845	-2093.091	280.2452	0.591548	0.25041	0.0131585	0.144883	1.573699	1.500087	4.062191	2.053498
4686	-1796.693	-2079.679	282.9858	0.587077	0.274639	0.00582731	0.132457	0.8977591	1.42384	2.987416	1.804474
4692	-1795.271	-2079.178	283.9067	0.642588	0.145457	0.00637831	0.205577	1.13533	1.622158	2.143684	1.804474
4698	-1798.364	-2080.602	282.238	0.582969	0.282231	0.0163459	0.118454	1.270424	1.413455	3.392427	1.457424
4704	-1804.081	-2085.477	281.3961	0.653795	0.204351	0.00900865	0.132845	1.270424	1.168405	3.504044	2.658541
4710	-1809.547	-2089.449	279.9024	0.750823	0.147079	0.00648387	0.0956139	1.441995	1.232665	4.236442	2.658541
4716	-1792.409	-2073.059	280.6499	0.557971	0.249954	0.0491718	0.142903	1.218837	1.117585	4.309446	1.866734
4722	-1805.878	-2086.236	280.3579	0.495984	0.401924	0.0102766	0.0918154	1.18485	1.306106	4.184913	2.352461
4728	-1806.268	-2087.712	281.4433	0.634679	0.220868	0.0523779	0.0920749	1.18485	1.383257	3.960461	1.371163
4734	-1802.732	-2085.306	282.5744	0.430282	0.434259	0.0225208	0.112938	1.18485	1.257147	3.209767	1.706572
4740	-1804.87	-2084.893	280.023	0.461419	0.374642	0.0272556	0.136683	1.524973	1.265346	4.581699	1.525302
4746	-1808.034	-2090.847	282.8132	0.595229	0.202914	0.0962502	0.105606	1.05705	1.527489	2.817857	2.051858
4752	-1803.764	-2086.608	282.8446	0.583525	0.233074	0.0704731	0.112928	1.5466	1.287435	2.71233	1.962829
4758	-1803.954	-2087.393	283.4392	0.645423	0.20002	0.0593894	0.0951674	1.276584	1.386242	2.71233	1.408281
4764	-1815.125	-2093.693	278.5685	0.677085	0.185804	0.00392143	0.133189	2.610968	1.197084	4.089575	3.981516
4770	-1820.745	-2103.189	282.4436	0.617753	0.296267	0.00142157	0.0845587	1.56536	1.280268	3.203789	1.442493
4776	-1814.921	-2096.675	281.7533	0.66133	0.115079	0.00247312	0.221118	1.280529	1.190462	3.656454	1.750304
4782	-1815.425	-2096.984	281.5593	0.566078	0.146867	0.00486101	0.282195	1.736602	1.214019	3.478908	1.855045
4788	-1805.275	-2088.095	282.8207	0.67723	0.108709	0.00518394	0.208877	2.092954	1.55669	2.325496	1.888591
4794	-1829.527	-2112.673	283.1465	0.635055	0.16276	0.00631596	0.195869	1.764732	1.55669	2.108336	2.242911
4800	-1816.502	-2100.763	284.2608	0.589763	0.283848	0.0113741	0.115014	1.219263	1.67019	2.150994	1.230904
4806	-1808.186	-2091.327	283.141	0.669783	0.128571	0.0960293	0.105617	0.972364	1.641541	2.907201	1.426445
4812	-1808.516	-2088.734	280.2178	0.641564	0.19518	0.0452945	0.117961	1.297228	1.149282	4.32792	2.265853
4818	-1808.663	-2089.892	281.2288	0.633393	0.194831	0.0553179	0.116458	1.396549	1.356338	3.948172	1.448498
4824	-1807.864	-2090.134	282.2709	0.757046	0.171532	0.0127928	0.05863	1.084145	1.535574	3.013942	2.306456
4830	-1832.497	-2114.75	282.2537	0.850362	0.0640586	0.0296965	0.0558828	1.30121	1.411802	3.040859	2.152403
4836	-1820.649	-2102.715	282.0658	0.869369	0.0654904	0.0435893	0.0215511	1.411225	1.419894	2.61718	3.384193
4842	-1814.182	-2095.828	281.6462	0.785084	0.0511595	0.137706	0.0260506	2.254634	1.298276	2.798549	2.680285
4848	-1826.449	-2108.362	281.913	0.753176	0.0897227	0.13211	0.0249919	1.341774	1.376949	3.028914	2.680285
4854	-1812.145	-2094.237	282.0922	0.711038	0.0193116	0.234046	0.0356043	1.345799	1.357586	3.231687	1.955799
4860	-1811.834	-2093.854	282.0196	0.756381	0.0165407	0.189204	0.0378747	1.345799	1.205032	3.295466	2.113168
4866	-1816.823	-2096.708	279.885	0.715514	0.0426187	0.16551	0.0763569	1.240214	1.293342	4.528494	2.106292
4872	-1832.559	-2113.831	281.2713	0.747779	0.0457282	0.174826	0.0316666	1.353628	1.194828	3.773688	2.019085
4878	-1826.422	-2106.663	280.2408	0.502761	0.195333	0.133492	0.168414	1.346864	0.9379804	4.881625	1.22352
4884	-1814.318	-2095.513	281.1948	0.401771	0.379828	0.075781	0.14262	1.346864	1.457538	3.84078	1.641733
4890	-1814.463	-2098.131	283.6679	0.799975	0.0716993	0.0365997	0.091726	1.574783	1.512435	2.198358	1.641733
4896	-1816.823	-2098.108	281.2848	0.673179	0.146024	0.0307986	0.149999	1.443446	1.435307	3.01904	3.523127
4902	-1820.41	-2101.691	281.2805	0.764709	0.063289	0.0961233	0.0758789	1.84673	1.209166	3.623622	1.788432
4908	-1807.072	-2087.294	280.2226	0.782789	0.0584257	0.0887371	0.0700483	1.30214	1.243893	4.470445	1.788432
4914	-1811.693	-2093.647	281.9541	0.720016	0.133286	0.0805308	0.066167	1.30214	1.310808	3.312956	2.071845
4920	-1791.107	-2073.201	282.0946	0.599049	0.302705	0.0670012	0.0312447	1.22472	1.270156	3.549102	1.527994
4926	-1789.456	-2071.509	282.0528	0.559572	0.282757	0.128485	0.0291856	1.15308	1.276994	3.440288	1.883504
4932	-1806.059	-2089.979	283.9196	0.617207	0.118674	0.225793	0.0383263	1.027701	1.458569	2.506669	1.428647
4938	-1815.313	-2099.104	283.7909	0.524685	0.236172	0.206561	0.032581	1.012903	1.501478	2.569219	1.428647
4944	-1800.925	-2084.446	283.5208	0.702844	0.139191	0.131339	0.0266263	0.9369917	1.501478	2.342945	2.336801
4950	-1808.133	-2090.211	282.0779	0.767302	0.157773	0.0574357	0.0174896	1.972158	1.503742	2.72348	2.222942
4956	-1809.521	-2092.81	283.2887	0.621188	0.127729	0.236924	0.0141591	1.226443	1.624816	2.61652	1.53971
4962	-1811.354	-2093.756	282.4015	0.611961	0.148099	0.137073	0.102867	1.080689	1.500779	3.114939	1.947088
4968	-1813.448	-2095.948	282.5002	0.407925	0.511516	0.0412876	0.0392717	1.310957	1.253504	3.33717	1.405936
4974	-1798.161	-2080.651	282.49	0.614996	0.311662	0.0265481	0.0467942	1.4448	1.280378	3.021005	1.884557
4980	-1805.313	-2087.383	282.0702	0.595792	0.304641	0.00936041	0.0902063	1.39403	1.429067	2.926309	2.548586
4986	-1809.913	-2092.921	283.0075	0.475825	0.403323	0.0513716	0.0694805	1.120618	1.475982	2.926309	1.566727
4992	-1811.66	-2093.082	281.4222	0.53788	0.342875	0.0357061	0.0835386	0.6898902	1.409513	4.04988	1.773032
4998	-1814.744	-2096.932	282.1884	0.349843	0.519956	0.12555	0.00465076	1.09566	1.456977	3.184914	2.114339
5004	-1802.049	-2084.976	282.9262	0.47063	0.406049	0.0980461	0.0252746	0.7778457	1.408187	3.184914	1.642675
5010	-1795.977	-2080.005	284.0275	0.512368	0.238336	0.216479	0.0328168	1.04937	1.507089	2.096791	1.99866
5016	-1789.391	-2071.395	282.0043	0.788851	0.0420549	0.11236	0.0567343	1.599208	1.453449	2.945303	2.301786
5022	-1811.87	-2092.076	280.2056	0.469891	0.323245	0.109401	0.0974629	1.221498	1.28497	4.057038	2.91447
5028	-1795.268	-2076.865	281.5976	0.532244	0.265577	0.142445	0.0597341	1.571725	1.266165	3.384282	2.130371
5034	-1803.021	-2086.798	283.7774	0.565717	0.282279	0.11625	0.0357543	1.419758	1.398703	2.182392	1.843873
5040	-1792.439	-2075.228	282.7887	0.710405	0.138998	0.0921253	0.0584718	2.3487	1.447525	2.242646	2.005205
5046	-1820.699	-2102.361	281.6622	0.472114	0.472713	0.037727	0.0174455	1.330226	1.493659	2.724633	3.80895
5052	-1813.543	-2094.821	281.2779	0.541764	0.416344	0.0265274	0.0153652	1.934779	1.286657	3.635076	1.589284
5058	-1809.968	-2091.903	281.9351	0.512277	0.331306	0.150397	0.00601919	1.568931	1.365841	3.459634	1.425432
5064	-1821.891	-2102.24	280.3495	0.375923	0.47213	0.126054	0.025893	1.145166	1.307759	4.374037	1.952248
5070	-1806.198	-2087.891	281.6926	0.502378	0.35287	0.0942129	0.050539	0.8761108	1.249349	3.95956	1.592714
5076	-1804.982	-2086.251	281.2685	0.440477	0.319076	0.149064	0.0913828	0.8544497	1.237392	4.220724	1.592714
5082	-1800.907	-2081.564	280.6563	0.390221	0.415769	0.0691989	0.124811	1.027967	1.224322	4.24946	2.101336
5088	-1791.809	-2070.794	278.9852	0.481393	0.260626	0.0759787	0.182002	1.645309	1.105127	4.939936	2.101336
5094	-1790.065	-2071.6	281.5351	0.719313	0.129929	0.0444	0.106357	1.849233	1.284021	3.135177	2.476107
5100	-1792.884	-2073.723	280.8381	0.450636	0.38773	0.0335674	0.128066	1.500987	1.517339	3.858013	1.803585
5106	-1801.809	-2083.063	281.2538	0.523643	0.182946	0.107696	0.185715	1.500987	1.343947	3.970287	1.289377
5112	-1828.484	-2108.632	280.1486	0.674945	0.114958	0.0181874	0.191909	1.215972	1.338118	3.823256	3.648993
5118	-1833.924	-2114.677	280.7531	0.703355	0.119797	0.018953	0.157895	1.485236	1.270573	3.972996	1.991195
5124	-1820.607	-2100.672	280.0645	0.799456	0.0755978	0.0652185	0.0597279	1.358147	1.268333	4.38895	2.086153
5130	-1825.576	-2106.573	280.9975	0.598009	0.175911	0.0967452	0.129335	1.472731	1.39954	3.820012	1.865949
5136	-1817.388	-2098.906	281.5176	0.623532	0.234047	0.00756561	0.134855	1.501089	1.23565	3.615058	1.832702
5142	-1815.32	-2091.475	276.1549	0.619011	0.263609	0.00489136	0.112489	1.453612	0.8325072	6.756563	2.028021
5148	-1811.979	-2091.619	279.6395	0.649333	0.227537	0.00513096	0.118	1.614843	1.030974	4.725023	1.876417
5154	-1811.063	-2090.969	279.9059	0.567506	0.198863	0.00448438	0.229146	1.354497	1.260445	4.573618	1.876417
5160	-1825.098	-2104.821	279.723	0.413249	0.371214	0.0130047	0.202533	2.569101	1.140816	4.59737	1.105313
5166	-1808.713	-2088.102	279.3887	0.447851	0.351164	0.00453361	0.196452	1.356529	1.184858	4.829393	2.052982
5172	-1820.527	-2103.571	283.0435	0.487531	0.293807	0.00493529	0.213726	1.215541	1.308257	3.082314	1.317424
5178	-1818.178	-2100.467	282.2884	0.630092	0.243692	0.00348209	0.122734	0.9632133	1.183047	3.742502	1.317424
5184	-1803.468	-2084.489	281.0208	0.633106	0.223972	0.003943	0.13898	1.510907	1.437329	3.512467	2.472056
5190	-1809.555	-2089.657	280.1023	0.735925	0.0542154	0.00659367	0.203266	1.932043	1.290473	3.778397	2.886327
5196	-1812.191	-2093.193	281.0021	0.49002	0.236772	0.203243	0.0699655	1.410863	1.290473	3.778397	2.174949
5202	-1812	-2094.443	282.4422	0.503654	0.24336	0.181074	0.0719123	1.410863	1.48884	3.124622	1.511433
5208	-1813.176	-2095.187	282.0109	0.47692	0.387883	0.133412	0.00178453	1.410863	1.431556	3.068333	2.262329
5214	-1809.188	-2090.446	281.2578	0.494445	0.147092	0.318946	0.0395179	1.872081	1.4518	3.26133	2.298652
5220	-1809.862	-2090.452	280.5898	0.546138	0.236534	0.175972	0.0413565	2.505464	1.303665	3.223292	2.955643
5226	-1811.208	-2093.137	281.9294	0.670641	0.23199	0.0586983	0.038671	1.268057	1.201227	3.045209	3.002861
5232	-1813.169	-2094.694	281.525	0.601223	0.291485	0.0110287	0.0962635	1.322308	1.336141	3.508191	2.14326
5238	-1808.065	-2083.955	275.8897	0.803925	0.11059	0.00353666	0.0819489	1.623494	1.096968	6.000988	4.108815
5244	-1798.942	-2078.759	279.8173	0.554484	0.353942	0.00619074	0.0853837	1.623494	1.122542	4.281682	2.597262
5250	-1788.442	-2068.81	280.3684	0.466077	0.386301	0.0682749	0.079347	1.655303	1.189236	4.29362	1.683518
5256	-1807.51	-2087.658	280.1479	0.489153	0.405427	0.0716552	0.0337651	2.493737	1.33318	3.927469	1.807192
5262	-1800.527	-2082.275	281.7481	0.524994	0.352132	0.0927388	0.0301351	1.246738	1.33318	3.661812	1.60937
5268	-1797.582	-2077.646	280.0638	0.633729	0.191152	0.109373	0.0657457	1.246738	1.293903	3.884145	3.638202
5274	-1805.828	-2086.632	280.8043	0.569092	0.353983	0.0178857	0.05904	1.650791	1.420723	3.69447	2.185883
5280	-1801.574	-2083.254	281.6794	0.53844	0.271134	0.155941	0.0344848	1.991461	1.358072	2.619079	3.333815
5286	-1800.637	-2083.126	282.4882	0.563816	0.365826	0.0258503	0.0445071	1.190566	1.70689	2.139685	3.844586
5292	-1796.671	-2080.89	284.2192	0.570325	0.315278	0.107442	0.00695463	1.282046	1.505213	2.03421	1.599197
5298	-1799.494	-2083.444	283.9507	0.448925	0.497728	0.049672	0.00367456	0.2382719	1.456776	2.988617	1.316179
5304	-1806.977	-2090.523	283.5455	0.391074	0.574751	0.0187774	0.0153971	0.2782995	1.432818	3.088421	1.614099
5310	-1814.218	-2096.866	282.6484	0.267856	0.682534	0.0390636	0.0105458	0.1893484	1.403881	3.915174	1.046374
5316	-1820.754	-2101.042	280.2874	0.474952	0.404653	0.0756712	0.0447242	0.1893484	1.254895	4.92723	1.862226
5322	-1806.19	-2085.465	279.2747	0.572696	0.329322	0.061584	0.0363982	0.1893484	1.10789	5.490703	2.047849
5328	-1812.941	-2095.874	282.9331	0.232421	0.589005	0.134465	0.0441094	0.2975255	1.19129	3.713317	1.36217
5334	-1803.846	-2087.114	283.2682	0.429144	0.397787	0.164438	0.00863095	0.1479161	1.208983	3.47047	1.332699
5340	-1804.915	-2087.136	282.2205	0.543747	0.360917	0.0692176	0.0261185	0.1761464	1.379196	3.782094	1.800622
5346	-1819.092	-2102.528	283.436	0.516565	0.330521	0.0936323	0.0592817	0.1404481	1.288455	3.414671	1.14737
5352	-1812.41	-2095.259	282.8495	0.520913	0.31193	0.104308	0.0628489	0.2035973	1.307887	3.771878	1.209481
5358	-1806.795	-2089.452	282.6576	0.516717	0.351191	0.06349	0.0686014	0.2271246	1.2314	3.771878	1.522124
5364	-1803.645	-2087.005	283.3597	0.385693	0.527244	0.0431939	0.043869	0.2271246	1.471539	3.316738	1.339806
5370	-1816.262	-2100.748	284.4852	0.330673	0.556649	0.0617855	0.0508918	0.1752512	1.463654	2.617842	1.339806
5376	-1814.488	-2099.905	285.4165	0.538648	0.360587	0.0554609	0.0453045	0.1447942	1.534053	1.803088	1.558846
5382	-1808.952	-2093.745	284.7927	0.545179	0.334924	0.0659908	0.0539061	0.1322315	1.702278	2.01697	1.679569
5388	-1799.77	-2083.797	284.0277	0.565691	0.190787	0.0819133	0.161609	0.1364901	1.689256	2.171381	2.429718
5394	-1802.179	-2086.887	284.708	0.369785	0.437445	0.064842	0.127928	0.2511954	1.689256	2.362927	1.346834
5400	-1798.649	-2083.319	284.6707	0.44326	0.403842	0.0746798	0.0782186	0.180858	1.71353	2.346594	1.346095
5406	-1797.329	-2081.614	284.2856	0.255885	0.58408	0.0469065	0.113128	0.1920651	1.542631	2.769041	1.226053
5412	-1788.96	-2072.389	283.4296	0.418048	0.481546	0.0131396	0.0872663	0.2576134	1.397017	3.16912	1.637727
5418	-1787.019	-2070.91	283.8902	0.48316	0.381565	0.0537789	0.0814959	0.213606	1.61001	2.868741	1.42493
5424	-1798.065	-2081.225	283.1605	0.384438	0.492241	0.0305201	0.092801	0.213606	1.428732	3.40502	1.436003
5430	-1804.565	-2087.86	283.2949	0.420988	0.368081	0.0522021	0.158729	0.1885762	1.480411	3.590367	0.8869153
5436	-1804.193	-2088.227	284.0346	0.432289	0.339209	0.0536034	0.174898	0.1997837	1.345739	3.084613	1.154057
5442	-1820.811	-2103.208	282.3973	0.44114	0.301027	0.0600555	0.197777	0.1997837	1.107022	3.727084	2.085838
5448	-1816.401	-2100.414	284.0133	0.241861	0.567233	0.0329263	0.15798	0.1851006	1.316659	3.053293	1.24732
5454	-1812.638	-2096.028	283.3898	0.379757	0.442349	0.0710567	0.106837	0.1859647	1.502941	3.053293	1.754807
5460	-1815.687	-2099.726	284.0392	0.302401	0.525691	0.111964	0.0599442	0.1942669	1.535669	3.053293	1.003584
5466	-1810.579	-2094.649	284.0705	0.393078	0.394552	0.0986534	0.113717	0.1942669	1.495388	2.661186	1.732946
5472	-1809.732	-2093.158	283.4254	0.320235	0.51559	0.103471	0.0607032	0.2159974	1.495388	3.053692	1.749687
5478	-1805.619	-2090.095	284.4753	0.636182	0.256902	0.0455651	0.0613513	0.1896944	1.499263	2.180605	2.192149
5484	-1792.508	-2074.62	282.1116	0.563877	0.201684	0.0518297	0.18261	0.1714729	1.493691	3.819838	1.703059
5490	-1808.137	-2090.346	282.2087	0.312641	0.548091	0.0287369	0.110531	0.1346413	1.30134	3.819838	1.711588
5496	-1803.211	-2087.883	284.6715	0.33479	0.463272	0.0796165	0.122321	0.1981711	1.514427	2.668129	1.031773
5502	-1798.809	-2082.249	283.4397	0.306995	0.458453	0.0741594	0.160393	0.1698463	1.572224	2.994153	1.701165
5508	-1813.22	-2098.035	284.8148	0.315345	0.470922	0.092637	0.121096	0.2107761	1.708596	2.415384	1.111172
5514	-1799.468	-2083.079	283.6112	0.265717	0.39681	0.0780581	0.259415	0.198986	1.61143	2.674413	2.160596
5520	-1797.51	-2081.037	283.5269	0.665719	0.19449	0.0368992	0.102892	0.1599816	1.576216	2.680768	2.237432
5526	-1806.733	-2090.673	283.9401	0.498613	0.282451	0.113556	0.105379	0.1599816	1.478364	2.941863	1.309184
5532	-1804.696	-2087.535	282.8389	0.331867	0.397111	0.116544	0.154478	0.1934193	1.358884	3.560018	1.564301
5538	-1809.561	-2093.492	283.9308	0.380292	0.489831	0.0631736	0.0667031	0.2898214	1.297516	3.109615	1.284095
5544	-1802.687	-2086.161	283.4738	0.416154	0.41065	0.0842449	0.0889517	0.2530663	1.554151	3.109615	1.517777
5550	-1809.751	-2093.466	283.7146	0.219634	0.623379	0.110041	0.0469462	0.1789913	1.442193	3.007535	1.517777
5556	-1805.575	-2088.517	282.9418	0.384506	0.498556	0.0766045	0.0403338	0.2051189	1.474913	3.508914	1.424014
5562	-1812.241	-2095.088	282.8467	0.287602	0.51378	0.153223	0.0453958	0.2051189	1.434164	3.795423	1.04028
5568	-1810.416	-2093.342	282.9256	0.344298	0.431764	0.163971	0.0599674	0.2171667	1.322609	3.93476	0.8406226
5574	-1796.921	-2080.135	283.2135	0.263498	0.525871	0.139726	0.0709051	0.1813525	1.310748	3.772236	0.8174866
5580	-1815.168	-2097.736	282.5679	0.261906	0.464439	0.112866	0.160789	0.1394735	1.417962	3.651485	1.50968
5586	-1820.718	-2103.465	282.7462	0.357604	0.536508	0.0237977	0.0820899	0.2176006	1.330757	3.857882	1.145824
5592	-1803.362	-2085.815	282.4535	0.569822	0.312062	0.085658	0.0324577	0.1451694	1.21045	3.917933	1.368511
5598	-1806.821	-2087.838	281.0162	0.441165	0.467388	0.0663177	0.0251292	0.181651	1.005656	5.055947	1.041702
5604	-1811.011	-2093.128	282.1173	0.363883	0.452862	0.0956652	0.0875902	0.2015017	1.268509	4.018614	1.591812
5610	-1803.63	-2088.309	284.6794	0.364762	0.477336	0.0655774	0.0923239	0.1873339	1.711689	2.49301	1.099294
5616	-1800.626	-2084.343	283.7173	0.322653	0.496058	0.137957	0.0433328	0.2054995	1.744859	2.784774	1.62479
5622	-1803.851	-2088.267	284.4161	0.357394	0.549471	0.0451365	0.0479986	0.1694773	1.66991	2.589977	1.22973
5628	-1806.007	-2091.263	285.2551	0.330131	0.507555	0.10382	0.0584935	0.1694773	1.773892	1.975471	1.245947
5634	-1797.103	-2082.063	284.9598	0.429535	0.398329	0.0881374	0.0839987	0.1694773	1.773892	2.100438	1.36265
5640	-1818.341	-2100.728	282.3871	0.557987	0.306394	0.0337284	0.10189	1.464338	1.653235	3.113096	1.355774
5646	-1832.553	-2116.812	284.2591	0.611657	0.221041	0.0335935	0.133709	1.224923	1.619484	2.143125	1.294898
5652	-1817.587	-2101.356	283.7683	0.457238	0.388126	0.0440751	0.110562	1.608335	1.527319	2.158069	1.544806
5658	-1826.991	-2110.162	283.1705	0.506018	0.469675	0.0040104	0.0202969	1.205866	1.448201	2.691784	1.772325
5664	-1816.995	-2101.623	284.6282	0.536121	0.431769	0.00159297	0.0305173	0.9699129	1.490923	2.117146	1.346795
5670	-1805.335	-2089.179	283.8439	0.453621	0.438673	0.00163274	0.106073	0.9699129	1.426839	2.736056	1.202628
5676	-1815.214	-2099.479	284.2642	0.483988	0.468039	0.00174204	0.0462309	1.139806	1.678056	2.254027	1.130691
5682	-1811.651	-2095.096	283.4454	0.484264	0.468306	0.0011723	0.0462573	1.214164	1.635506	2.688395	1.234214
5688	-1812.633	-2095.275	282.642	0.599957	0.384691	0.000322491	0.0150296	1.804237	1.572854	2.888878	1.264837
5694	-1809.231	-2091.332	282.1008	0.407467	0.568492	0.00785648	0.0161838	1.385638	1.496853	3.025497	2.176236
5700	-1815.531	-2099.467	283.936	0.364922	0.59864	0.0128067	0.0236309	1.116963	1.701186	2.410321	1.216407
5706	-1803.207	-2087.413	284.2061	0.521952	0.407667	0.0365806	0.0337995	0.9914716	1.701186	2.384195	1.106204
5712	-1813.461	-2097.969	284.5073	0.336669	0.446992	0.188423	0.0279161	1.581445	1.743259	1.939401	0.9027949
5718	-1809.452	-2093.768	284.3155	0.572864	0.335999	0.0837271	0.0074107	2.003007	1.983552	1.396205	1.287412
5724	-1807.204	-2092.145	284.9405	0.434334	0.451505	0.11251	0.00165073	1.642983	1.856797	1.328506	1.150009
5730	-1820.677	-2104.46	283.7831	0.627326	0.297462	0.0741242	0.00108754	1.849414	1.955238	1.835732	1.367877
5736	-1813.589	-2098.465	284.8764	0.600692	0.261991	0.136947	0.000370101	1.807506	1.966424	1.359577	0.9299484
5742	-1801.908	-2085.858	283.9503	0.532945	0.270142	0.196584	0.000328361	1.046079	1.616255	2.333048	1.507718
5748	-1815.42	-2100.076	284.6552	0.364318	0.444636	0.18976	0.00128602	0.9081397	1.697772	2.00576	1.344124
5754	-1807.441	-2091.658	284.2167	0.40426	0.493384	0.0966065	0.00574896	0.8736419	1.699202	2.172093	1.596463
5760	-1805.39	-2090.647	285.2567	0.373041	0.455282	0.165133	0.00654448	1.320434	1.827818	1.592537	0.7979398
5766	-1816.612	-2101.277	284.6654	0.394755	0.365194	0.233126	0.00692543	0.7519139	1.767398	2.008312	1.432841
5772	-1796.141	-2080.421	284.28	0.31464	0.502935	0.106637	0.0757874	0.167156	1.535088	2.779416	1.185704
5778	-1797.802	-2080.202	282.3997	0.211747	0.548711	0.0960033	0.143538	0.7445176	1.449941	3.973351	0.7569937
5784	-1813.218	-2096.464	283.2455	0.381261	0.360775	0.0953607	0.162603	0.8431321	1.325247	3.363493	0.9783407
5790	-1797.521	-2079.686	282.1651	0.481891	0.342441	0.0213275	0.15434	1.592385	1.39024	3.209357	1.601596
5796	-1810.863	-2093.433	282.5696	0.51306	0.32184	0.0200444	0.145055	2.606445	1.38524	2.574397	1.487792
5802	-1808.754	-2092.892	284.1373	0.380066	0.466472	0.0745651	0.0788967	0.9122014	1.535519	2.522532	1.205117
5808	-1810.54	-2094.805	284.2644	0.380066	0.466472	0.0745651	0.0788967	1.66627	1.637367	2.168916	0.8360786
5814	-1829.745	-2113.006	283.2609	0.474145	0.391471	0.0930224	0.0413616	1.499852	1.578854	2.578213	1.41294
5820	-1811.119	-2095.71	284.591	0.47363	0.352835	0.117884	0.0556504	1.028867	1.6022	2.185461	1.093112
5826	-1818.143	-2101.53	283.3872	0.556011	0.266239	0.112687	0.0650631	1.028867	1.452784	2.931681	1.255622
5832	-1800.207	-2082.61	282.4033	0.416536	0.473993	0.0760831	0.0333885	0.9023683	1.452784	3.701948	1.051063
5838	-1812.224	-2095.667	283.4431	0.416536	0.473993	0.0760831	0.0333885	1.059297	1.391207	3.065008	0.999917
5844	-1804.199	-2086.13	281.9311	0.572314	0.178917	0.188912	0.0598576	2.07851	1.517599	3.269691	1.178432
5850	-1799.211	-2080.304	281.093	0.564564	0.251169	0.134396	0.0498713	1.146931	1.210125	4.187123	1.556957
5856	-1805.92	-2088.556	282.6359	0.583131	0.226543	0.138815	0.0515114	1.419372	1.394613	3.214865	1.222847
5862	-1813.417	-2096.425	283.0078	0.640031	0.248648	0.0490747	0.0622461	1.145666	1.431015	3.076346	1.305712
5868	-1814.562	-2097.212	282.65	0.522997	0.346965	0.0503297	0.079709	2.014798	1.352562	2.896546	1.305712
5874	-1811.181	-2093.862	282.681	0.53492	0.305244	0.0897117	0.0701244	1.644361	1.574591	2.818593	1.493575
5880	-1819.352	-2101.882	282.5297	0.651162	0.0647795	0.188131	0.095927	1.299617	1.484908	3.143671	1.493575
5886	-1815.966	-2097.244	281.278	0.739709	0.0483364	0.140377	0.0715776	2.532519	1.413695	3.285846	1.644606
5892	-1819.298	-2098.858	279.5605	0.696478	0.0426251	0.193502	0.0673945	2.618374	1.562333	3.70788	2.74102
5898	-1825.345	-2104.59	279.2451	0.76962	0.0229763	0.192454	0.0149494	2.751192	1.523869	3.781325	2.970789
5904	-1823.424	-2104.33	280.9059	0.668189	0.075529	0.16709	0.089192	1.27862	1.275893	3.887092	2.232719
5910	-1829.42	-2111.926	282.5057	0.697253	0.0646757	0.126878	0.111194	2.47967	1.242408	2.616437	1.75481
5916	-1835.465	-2116.407	280.9417	0.7643	0.0746453	0.00920712	0.151847	2.565202	1.476021	3.40759	1.69982
5922	-1821.892	-2103.576	281.6836	0.408748	0.451949	0.00239981	0.136903	2.334456	1.521417	3.359903	1.082847
5928	-1807.074	-2090.023	282.949	0.576282	0.29216	0.00226638	0.129291	1.068327	1.410299	3.013572	1.602244
5934	-1802.368	-2086.449	284.0809	0.418019	0.537341	0.00132959	0.0433112	0.7252258	1.483819	2.631797	1.342738
5940	-1800.704	-2083.823	283.1188	0.418481	0.538243	0.00133106	0.0419449	1.881426	1.386212	2.631217	1.342738
5946	-1802.282	-2085.704	283.4218	0.667916	0.228144	0.00342585	0.100515	0.8282235	1.414593	2.631217	2.107947
5952	-1798.428	-2082.467	284.0391	0.529388	0.306467	0.00695862	0.157186	1.014377	1.438725	2.370335	1.57985
5958	-1806.166	-2088.973	282.807	0.549316	0.27819	0.00631655	0.166178	1.731992	1.524128	2.35492	2.265333
5964	-1816.338	-2096.543	280.2059	0.616665	0.312297	0.013447	0.0575917	1.550539	1.060282	4.469398	1.7673
5970	-1805.666	-2084.513	278.8465	0.554364	0.243376	0.0324847	0.169776	1.370517	0.9733416	5.056978	2.527532
5976	-1817.512	-2094.763	277.2509	0.607172	0.24589	0.0239225	0.123015	2.483234	0.937604	5.466079	2.577452
5982	-1808.293	-2089.875	281.5825	0.497401	0.382227	0.0195976	0.100775	1.434356	1.112337	3.716488	1.758682
5988	-1821.836	-2102.602	280.7664	0.544442	0.366235	0.0235365	0.0657861	1.111175	1.234836	4.436366	1.436115
5994	-1810.137	-2093.298	283.1603	0.39196	0.508878	0.0104804	0.0886815	1.037728	1.446524	2.724175	1.927738
6000	-1806.444	-2089.502	283.0581	0.535789	0.412068	0.0085693	0.0435738	1.494637	1.635739	2.590458	1.563891
6006	-1823.302	-2105.241	281.9386	0.448778	0.28848	0.0938802	0.168861	1.94208	1.635739	3.050458	1.563891
6012	-1803.068	-2084.238	281.1699	0.629245	0.205001	0.0692981	0.0964557	0.9047134	1.145041	4.133504	1.959488
6018	-1802.031	-2083.99	281.9591	0.545897	0.26678	0.13584	0.0514824	1.332442	1.331503	3.556097	1.484848
6024	-1803.006	-2085.613	282.6077	0.697364	0.189367	0.0533737	0.0598953	1.128062	1.350742	3.287134	1.46477
6030	-1794.588	-2075.676	281.0884	0.582748	0.21262	0.0624655	0.142167	1.280726	1.206506	4.165392	1.46477
6036	-1811.982	-2093.883	281.9003	0.59609	0.246361	0.0481223	0.109427	1.039445	1.083018	3.778049	1.725713
6042	-1814.348	-2097.208	282.8601	0.76228	0.0730153	0.0583368	0.106368	1.452346	1.515496	2.285954	2.712479
6048	-1821.442	-2103.023	281.5805	0.526225	0.399729	0.0484857	0.0255608	1.305951	1.477629	3.660453	1.574737
6054	-1811.849	-2091.39	279.5406	0.522558	0.396944	0.0683236	0.0121748	1.865189	1.35192	4.132929	2.777172
6060	-1825.481	-2107.042	281.5616	0.741867	0.111856	0.126716	0.0195615	2.040995	1.496372	3.049865	2.129047
6066	-1831.896	-2114.794	282.8973	0.82113	0.123807	0.0267836	0.0282789	1.357399	1.55588	2.473206	2.278908
6072	-1831.13	-2113.041	281.9117	0.621298	0.259536	0.0436324	0.0755329	2.112159	1.55588	2.425061	2.975035
6078	-1835.789	-2119.616	283.8266	0.537139	0.135894	0.261665	0.0653015	1.659643	1.661103	2.135782	1.317093
6084	-1811.725	-2092.475	280.75	0.767137	0.0655977	0.0183454	0.14892	1.57175	1.198206	3.987219	1.960141
6090	-1819.15	-2099.164	280.0137	0.676886	0.202288	0.00793066	0.112895	1.720915	1.269751	4.321376	1.899489
6096	-1822.334	-2103.288	280.9549	0.572035	0.222618	0.00910543	0.196242	1.322142	1.375822	3.970824	1.786233
6102	-1841.458	-2123.455	281.9968	0.73314	0.0123938	0.211581	0.0428843	1.52	1.582365	3.092473	1.892848
6108	-1825.704	-2108.868	283.1642	0.756473	0.0158981	0.186254	0.0413748	1.512313	1.438779	2.523096	1.788301
6114	-1825.383	-2106.453	281.0704	0.756473	0.0158981	0.186254	0.0413748	1.899046	1.117057	3.763136	1.814102
6120	-1820.232	-2104.313	284.0812	0.688582	0.00387703	0.279601	0.0279403	1.15786	1.47954	2.419334	1.240834
6126	-1813.548	-2094.835	281.287	0.688824	0.00352652	0.279699	0.0279501	2.123924	1.559641	3.395148	1.575685
6132	-1813.992	-2093.886	279.8939	0.66318	0.0320646	0.277846	0.0269096	1.571939	1.31173	4.332965	2.14095
6138	-1823.708	-2107.029	283.3212	0.608774	0.136982	0.246206	0.00803782	1.267462	1.448203	2.438036	2.032215
6144	-1815.274	-2097.914	282.64	0.65188	0.146681	0.176268	0.0251721	1.841019	1.338527	2.893468	1.488048
6150	-1821.383	-2105.252	283.8687	0.618449	0.13586	0.152092	0.0935993	1.269225	1.387123	2.555377	1.222534
6156	-1799.423	-2081.233	281.8098	0.71593	0.0913656	0.148275	0.0444297	1.269225	1.238454	3.57842	1.801024
6162	-1814.51	-2092.986	278.476	0.634558	0.042319	0.306092	0.0170314	1.886388	1.13092	5.330819	1.573044
6168	-1810.054	-2088.23	278.1752	0.573782	0.150943	0.272207	0.00306768	1.180626	1.045533	5.877188	1.567739
6174	-1816.956	-2099.094	282.1377	0.693337	0.0513626	0.247818	0.00748253	1.007838	1.271787	3.59337	1.633525
6180	-1801.664	-2082.399	280.7342	0.652419	0.0966629	0.233193	0.0177255	2.979781	1.273543	3.59337	1.498577
6186	-1803.242	-2084.528	281.2862	0.576887	0.0352991	0.237977	0.149837	2.148753	1.181868	3.356907	2.119078
6192	-1811.922	-2094.788	282.8662	0.626377	0.319612	0.0407631	0.0132478	1.175981	1.22831	3.33691	1.172215
6198	-1810.267	-2093.699	283.4321	0.384962	0.488494	0.057622	0.0689218	1.116595	1.513833	2.921753	1.071745
6204	-1808.431	-2091.671	283.2401	0.38624	0.490116	0.0110499	0.112594	1.427767	1.438914	2.74134	1.366629
6210	-1810.61	-2093.809	283.1986	0.44937	0.493216	0.0205272	0.0368866	1.019002	1.590898	3.010384	1.180336
6216	-1814.723	-2098.798	284.0755	0.440817	0.368936	0.153608	0.0366395	1.06698	1.578948	2.404185	1.260586
6222	-1798.193	-2080.897	282.7039	0.489552	0.349412	0.123305	0.0377305	1.254815	1.578993	2.800636	1.915438
6228	-1798.481	-2079.237	280.7567	0.584262	0.248889	0.105643	0.0612064	1.168154	1.189827	4.353237	1.607925
6234	-1800.648	-2082.554	281.9054	0.462565	0.373938	0.0808364	0.0826609	1.026006	1.274252	3.72834	1.607925
6240	-1817.065	-2098.049	280.9842	0.697066	0.0161601	0.180223	0.106551	1.315348	1.209349	3.943817	2.033949
6246	-1820.579	-2104.035	283.4556	0.747434	0.0387808	0.110228	0.103557	1.294482	1.40546	2.476023	1.80165
6252	-1806.271	-2087.923	281.6518	0.627268	0.122626	0.163197	0.0869081	1.415215	1.414126	3.160095	2.584915
6258	-1812.212	-2095.384	283.1715	0.590482	0.0733609	0.254345	0.0818114	1.240046	1.458808	2.778449	1.5475
6264	-1797.629	-2076.275	278.646	0.688955	0.0496317	0.172075	0.0893377	1.917861	1.07649	4.919093	2.366928
6270	-1807.963	-2088.136	280.1731	0.719168	0.105049	0.0602985	0.115485	1.937055	1.027575	4.036388	2.477314
6276	-1808.801	-2088.294	279.4927	0.770779	0.0846309	0.0515517	0.0930389	1.567631	1.310379	4.474359	2.361478
6282	-1785.832	-2065.436	279.6046	0.729431	0.0800909	0.0487862	0.141692	1.567631	1.198453	4.474359	2.361478
6288	-1796.584	-2077.098	280.514	0.725218	0.152279	0.00921133	0.113291	1.501135	1.19729	4.119388	2.047455
6294	-1813.81	-2095.502	281.6919	0.668927	0.0954151	0.18991	0.0457473	0.7414384	1.395287	3.504739	2.663263
6300	-1827.179	-2106.475	279.2962	0.701763	0.0179072	0.225153	0.0551769	2.420127	1.186706	4.57056	1.698948
6306	-1817.811	-2096.323	278.5121	0.732368	0.0186881	0.191361	0.0575833	2.128973	1.059194	4.983748	2.191908
6312	-1817.567	-2096.912	279.3456	0.515833	0.2553	0.117684	0.111183	2.209082	1.279246	4.468066	1.936113
6318	-1818.438	-2098.301	279.8633	0.733289	0.104723	0.0431906	0.118797	1.300375	1.280914	4.387851	2.43116
6324	-1806.677	-2089.392	282.7148	0.711331	0.2168	0.0403426	0.0315265	1.037478	1.400115	2.858311	2.300181
6330	-1796.95	-2080.304	283.3548	0.736241	0.189547	0.0415816	0.0326305	1.250515	1.526452	2.310843	2.17535
6336	-1805.068	-2089.246	284.1783	0.515341	0.409987	0.042825	0.0318472	1.023952	1.584576	2.089667	1.751011
6342	-1804.498	-2088.538	284.0396	0.314396	0.581987	0.0539704	0.0496463	1.023952	1.628874	2.089667	1.870564
6348	-1813.18	-2095.061	281.8818	0.407083	0.495441	0.0495598	0.0479162	0.8624883	1.181472	3.905125	1.578227
6354	-1813.992	-2096.412	282.4206	0.442703	0.504185	0.0248186	0.0282929	0.8020345	1.321337	3.549525	1.578227
6360	-1814.296	-2095.732	281.4364	0.550963	0.332709	0.0308877	0.0854413	2.010433	1.299343	3.549525	1.494158
6366	-1807.876	-2088.367	280.4905	0.55468	0.329689	0.096396	0.0192354	1.439758	1.31526	4.295986	1.600275
6372	-1829.211	-2108.881	279.6702	0.611191	0.0526732	0.204944	0.131192	1.878181	1.184205	4.910623	1.044752
6378	-1821.84	-2100.676	278.8358	0.63671	0.0457042	0.159579	0.158007	2.063624	1.08382	4.782271	2.27835
6384	-1823.217	-2104.38	281.1636	0.768665	0.0455606	0.0895804	0.0961942	1.883183	1.340787	3.489157	2.03292
6390	-1811.04	-2093.571	282.5306	0.692446	0.14291	0.068829	0.0958149	1.883183	1.707026	2.405834	2.116498
6396	-1805.738	-2087.855	282.1176	0.746236	0.0790843	0.0799442	0.0947352	1.633598	1.621479	2.92859	1.915735
6402	-1802.861	-2085.716	282.8552	0.641056	0.159286	0.0290768	0.170581	1.591696	1.647165	2.628326	1.620617
6408	-1803.319	-2087.515	284.1961	0.507083	0.334985	0.0230001	0.134932	1.321207	1.658228	2.234149	1.078409
6414	-1798.09	-2082.709	284.6198	0.373912	0.430168	0.031954	0.163966	1.295317	1.750308	2.009435	0.9295231
6420	-1819.03	-2099.632	280.6016	0.775675	0.0179799	0.11311	0.0932346	1.392699	1.231188	4.196535	1.83478
6426	-1822.232	-2103.629	281.3965	0.738167	0.0304026	0.142705	0.0887261	1.555069	1.233687	3.501815	2.195277
6432	-1811.677	-2095.224	283.5475	0.674948	0.119301	0.102022	0.103728	1.705207	1.571999	2.064516	1.837422
6438	-1818.6	-2102.341	283.7407	0.647184	0.119843	0.133512	0.0994613	1.063365	1.571999	2.377377	1.70749
6444	-1804.931	-2089.409	284.4781	0.647184	0.119843	0.133512	0.0994613	1.383068	1.609688	1.718813	1.608072
6450	-1800.325	-2084.177	283.852	0.632072	0.261508	0.0452728	0.0611479	1.284852	1.617707	2.345919	1.336716
6456	-1794.365	-2075.867	281.501	0.612283	0.228671	0.0704908	0.0885555	1.284852	1.37092	3.904853	1.325031
6462	-1806.389	-2087.83	281.4407	0.661404	0.247017	0.0232568	0.0683222	1.284852	1.332797	3.716345	1.8293
6468	-1810.336	-2091.673	281.3373	0.630235	0.0521779	0.242909	0.0746783	1.082872	1.205068	3.939135	1.874441
6474	-1817.566	-2098	280.4343	0.69662	0.156684	0.0728942	0.0738022	1.371121	1.191364	4.32376	1.837063
6480	-1809.49	-2090.37	280.8802	0.755957	0.080866	0.0376215	0.125555	1.191817	1.253803	4.039892	2.042216
6486	-1807.148	-2087.496	280.3481	0.708146	0.0776382	0.16429	0.049925	1.387648	1.221152	4.427122	1.661007
6492	-1810.346	-2092.432	282.0866	0.748751	0.0394008	0.162475	0.0493732	2.373006	1.442687	2.841231	1.661007
6498	-1815.378	-2097.476	282.0975	0.707224	0.0665429	0.179294	0.0469394	1.596347	1.193267	3.356448	1.615735
6504	-1822.821	-2104.451	281.6295	0.792047	0.0495815	0.133593	0.0247787	1.829597	1.431942	3.445426	1.484228
6510	-1821.946	-2104.883	282.9368	0.743425	0.0242883	0.163023	0.0692637	1.539724	1.674279	1.750482	3.556092
6516	-1816.342	-2100.238	283.8956	0.754586	0.0517299	0.135931	0.057753	1.362288	1.824779	1.714786	2.109769
6522	-1820.681	-2103.149	282.4678	0.590868	0.205135	0.158774	0.0452227	1.307399	1.615055	2.408406	3.088219
6528	-1833.556	-2117.478	283.9214	0.48148	0.379977	0.12938	0.0091631	1.641277	1.948022	1.791409	1.481771
6534	-1808.709	-2089.626	280.9172	0.757393	0.140342	0.0783472	0.0239185	1.250681	1.241904	4.016131	1.990538
6540	-1817.539	-2100.597	283.0578	0.643809	0.166514	0.150971	0.0387067	1.593616	1.332578	3.083496	0.9276685
6546	-1814.389	-2096.352	281.9627	0.692194	0.0580232	0.184326	0.0654568	1.60208	1.41105	3.301772	1.621885
6552	-1840.901	-2123.863	282.9622	0.648263	0.0483848	0.180815	0.122537	1.132475	1.481497	3.254242	1.000757
6558	-1827.214	-2110.781	283.5664	0.60972	0.0918831	0.262518	0.0358788	1.194562	1.40895	2.753086	1.254067
6564	-1807.945	-2092.068	284.1232	0.785268	0.12998	0.0826261	0.00212578	1.179946	1.637067	1.82747	2.064516
6570	-1797.934	-2081.558	283.624	0.473454	0.467923	0.0573412	0.00128167	1.993563	1.753332	1.82747	1.673869
6576	-1811.923	-2096.362	284.4393	0.474539	0.473653	0.0505225	0.00128461	1.273796	1.726973	1.764457	1.555409
6582	-1809.24	-2093.262	284.0221	0.548251	0.330435	0.12071	0.000604201	1.130591	1.747836	1.597417	2.587815
6588	-1812.673	-2096.017	283.3449	0.638072	0.225166	0.135695	0.00106612	1.070349	1.686522	1.960329	3.03099
6594	-1811.075	-2093.518	282.4436	0.612617	0.245375	0.14079	0.00121819	1.735625	1.581348	2.705241	1.913197
6600	-1821.539	-2102.675	281.1367	0.386278	0.376813	0.234168	0.00274063	1.590741	1.39785	3.661342	1.913197
6606	-1818.108	-2099.304	281.1962	0.456228	0.445049	0.0723023	0.0264207	1.331335	1.330778	3.942281	1.596767
6612	-1810.272	-2091.808	281.5365	0.625244	0.257842	0.0581591	0.0587549	1.551465	1.182774	3.552856	1.95954
6618	-1809.421	-2090.448	281.0273	0.647948	0.197485	0.060271	0.0942963	1.118264	1.201971	4.002809	2.096471
6624	-1812.269	-2094.186	281.9175	0.587483	0.189635	0.111717	0.111166	1.21656	1.282664	3.485225	1.873866
6630	-1814.135	-2096.3	282.1643	0.621068	0.268628	0.0381551	0.072149	1.229558	1.411325	3.389245	1.596814
6636	-1821.247	-2103.745	282.4977	0.702842	0.203789	0.0144633	0.0789058	0.998263	1.376038	3.499786	1.29644
6642	-1822.057	-2105.214	283.1568	0.164581	0.737151	0.0479331	0.0503352	0.1680872	1.071694	4.217185	0.2617899
6648	-1833.576	-2117.267	283.6905	0.0501584	0.838114	0.0544982	0.0572294	0.2982662	1.03085	3.963896	0.2627335
6654	-1825.165	-2108.672	283.5072	0.21273	0.571692	0.18738	0.0281986	0.2421345	1.206601	3.963896	0.3147665
6660	-1803.771	-2087.164	283.3923	0.094973	0.657203	0.215407	0.0324164	0.2727079	1.204505	3.963896	0.4615033
6666	-1811.414	-2095.66	284.2459	0.107795	0.745928	0.105668	0.0406091	0.2255865	1.27704	3.408947	0.4933685
6672	-1789.792	-2072.992	283.2002	0.111902	0.774349	0.109694	0.00405554	0.1615977	1.27704	4.068408	0.267717
6678	-1789.779	-2072.414	282.6346	0.0663854	0.840296	0.0758171	0.0175015	0.2984117	1.27704	4.414208	0.3130602
6684	-1820.688	-2101.559	280.8709	0.137233	0.669856	0.156731	0.0361796	0.1566587	1.247835	5.37453	0.3098134
6690	-1794.322	-2076.45	282.1281	0.136482	0.68727	0.140267	0.0359814	0.1883858	1.017056	4.839353	0.2853213
6696	-1804.294	-2087.335	283.0411	0.110487	0.621062	0.113551	0.1549	0.171845	1.199586	4.204898	0.3109397
6702	-1800.613	-2084.983	284.3705	0.0860267	0.627289	0.202409	0.0842757	0.2488798	1.303138	3.407362	0.3193159
6708	-1810.765	-2095.789	285.0244	0.0312119	0.802634	0.122102	0.044052	0.2488798	1.32345	3.020076	0.2431345
6714	-1806.308	-2089.845	283.5372	0.0513162	0.801492	0.10916	0.0380318	0.1824164	1.213996	3.903366	0.3641937
6720	-1812.545	-2097.826	285.281	0.151281	0.70155	0.128575	0.0185948	0.1525145	1.605686	2.366891	0.7511407
6726	-1799.147	-2084.124	284.9777	0.157797	0.689252	0.127527	0.0254239	0.1884748	1.909632	2.15814	1.130906
6732	-1808.605	-2092.79	284.1856	0.209119	0.684121	0.0890139	0.0177458	0.2549649	1.625254	2.966592	0.9369209
6738	-1798.747	-2081.591	282.844	0.219154	0.716949	0.0452996	0.0185974	0.2214193	1.468667	3.806542	0.9981151
6744	-1812.228	-2093.675	281.4472	0.235304	0.643077	0.108497	0.013122	0.1816001	1.218557	4.853478	0.7682499
6750	-1800.37	-2082.393	282.0228	0.413263	0.423308	0.13773	0.0256986	0.1846341	1.509882	4.106278	1.233374
6756	-1805.449	-2086.176	280.7271	0.279478	0.541083	0.151859	0.02758	0.1342994	1.575116	4.739166	1.233374
6762	-1822.778	-2103.896	281.1177	0.400774	0.397637	0.140324	0.0612654	0.1165648	1.290628	4.611321	1.28793
6768	-1822.917	-2104.835	281.9182	0.550508	0.298275	0.10526	0.0459564	0.1261999	1.365197	4.003032	1.562327
6774	-1806.932	-2089.04	282.1087	0.526086	0.337737	0.039964	0.0962131	0.1650942	1.287715	4.001769	1.559128
6780	-1813.646	-2095.498	281.8523	0.517412	0.332169	0.0557925	0.0946268	0.1520738	1.359641	4.091323	1.559128
6786	-1820.05	-2100.276	280.2256	0.499866	0.350226	0.0345456	0.115363	0.142924	1.206216	4.944855	1.852327
6792	-1817.396	-2099.777	282.3814	0.547855	0.0751665	0.298467	0.0785113	1.260264	1.291187	3.290111	1.648428
6798	-1817.322	-2099.26	281.9385	0.590339	0.245257	0.0798037	0.0845996	2.227685	1.569071	2.725022	2.063355
6804	-1813.946	-2095.485	281.5385	0.510789	0.28639	0.0450313	0.15779	0.1944956	1.438395	3.870549	2.476076
6810	-1818.624	-2100.929	282.3054	0.538969	0.317697	0.0318236	0.11151	0.1808336	1.393088	3.66126	1.951315
6816	-1828.235	-2111.095	282.8601	0.369003	0.378172	0.176481	0.0763449	0.1950057	1.439752	3.405386	1.763985
6822	-1824.354	-2107.336	282.9818	0.375563	0.412465	0.0610897	0.150882	0.1412758	1.68394	3.305527	1.415606
6828	-1810.404	-2093.193	282.7897	0.611105	0.187527	0.0201019	0.181266	0.1515634	1.314414	3.103014	2.655751
6834	-1816.8	-2100.961	284.161	0.708605	0.137867	0.0209031	0.132625	1.151693	1.651172	2.161966	1.413497
6840	-1818.002	-2101.829	283.8266	0.416789	0.307024	0.0438876	0.2323	1.509097	1.596013	2.169941	1.473708
6846	-1823.144	-2106.903	283.759	0.556999	0.168532	0.018838	0.255631	1.294631	1.665449	2.169941	1.697967
6852	-1816.928	-2099.545	282.6177	0.639091	0.193371	0.0150852	0.152452	1.555474	1.416245	2.909004	1.66786
6858	-1808.78	-2092.245	283.4644	0.600013	0.280175	0.0156567	0.104156	0.8197332	1.299181	2.909004	1.628346
6864	-1820.79	-2103.487	282.6967	0.276362	0.539533	0.140074	0.0440316	0.1931341	1.387665	3.818516	1.191409
6870	-1813.352	-2098.149	284.7968	0.235655	0.607357	0.119441	0.037546	0.2253804	1.503723	2.549104	1.127951
6876	-1817.677	-2100.198	282.5212	0.41369	0.523861	0.0205163	0.0419327	0.2340392	1.636341	3.134353	2.632499
6882	-1801.793	-2084.339	282.5458	0.455924	0.508598	0.0188719	0.0166059	0.1909283	1.352273	3.772559	1.482712
6888	-1806.565	-2090.008	283.4429	0.41977	0.521557	0.0430298	0.015643	0.1909283	1.383012	3.121026	1.703724
6894	-1813.494	-2096.312	282.8176	0.465532	0.383424	0.131834	0.0192101	0.2148535	1.332894	3.777591	1.213927
6900	-1817.532	-2100.199	282.6674	0.683846	0.248158	0.0208996	0.047096	0.1589281	1.099674	3.777591	1.568491
6906	-1812.714	-2096.495	283.7809	0.329337	0.618185	0.0297966	0.0226812	0.1781855	1.458661	2.833881	1.764063
6912	-1813.154	-2096.169	283.0143	0.568728	0.36108	0.0591295	0.0110626	0.1281608	1.284007	3.368084	1.670181
6918	-1812.935	-2094.759	281.8247	0.482106	0.401665	0.10877	0.00745897	0.1204204	1.136912	4.162692	1.582932
6924	-1813.354	-2094.943	281.5891	0.281758	0.558455	0.141042	0.0187453	0.1738141	1.116154	4.305419	1.767835
6930	-1783.247	-2067.558	284.3104	0.326523	0.471715	0.185197	0.0165655	0.1572079	1.430546	2.772828	1.255459
6936	-1808.868	-2092.869	284.0014	0.350657	0.50658	0.0487018	0.0940608	0.1794251	1.5883	2.78051	1.452286
6942	-1789.061	-2072.673	283.6116	0.483406	0.400535	0.0333666	0.0826916	0.1877333	1.70495	2.772482	1.809216
6948	-1798.645	-2083.11	284.4654	0.437042	0.49314	0.0258705	0.0439476	0.1601928	1.531402	2.513194	1.445572
6954	-1806.163	-2090.696	284.533	0.338271	0.579661	0.0304094	0.0516582	0.2388883	1.734423	2.388901	1.445572
6960	-1826.897	-2108.223	281.3255	0.738178	0.105859	0.032925	0.123037	1.469649	1.143897	3.524262	2.478262
6966	-1811.762	-2091.417	279.655	0.758028	0.0849148	0.0338103	0.123247	1.865692	1.02285	4.364015	2.478262
6972	-1819.389	-2103.415	284.026	0.204444	0.772622	0.00255206	0.0203823	0.1806177	1.545398	2.680993	1.667525
6978	-1813.476	-2097.189	283.7134	0.203887	0.770517	0.000423351	0.0251727	0.2086055	1.416739	3.398427	0.8786231
6984	-1813.953	-2098.258	284.305	0.193465	0.77288	0.00173553	0.0319186	0.1711616	1.328775	3.017055	0.975816
6990	-1802.395	-2088.027	285.632	0.196662	0.785651	0.00558378	0.0121032	0.1819812	1.667015	1.982281	0.975816
6996	-1804.825	-2090.391	285.5656	0.291528	0.610711	0.0812693	0.016492	0.165591	1.667015	2.072855	0.8821677
7002	-1803.317	-2088.749	285.4315	0.30753	0.589342	0.0857303	0.0173973	0.155376	1.676512	2.109266	0.9294396
7008	-1823.267	-2109.53	286.2626	0.264344	0.566026	0.0785434	0.0910864	0.1680053	1.887275	1.692893	0.5433871
7014	-1824.262	-2106.429	282.1663	0.654411	0.0231689	0.136293	0.186128	1.339226	1.44626	2.807209	2.754455
7020	-1805.42	-2088.065	282.6456	0.765462	0.0305675	0.152728	0.0512426	1.151463	1.469007	2.590122	2.796661
7026	-1803.45	-2085.584	282.1346	0.709608	0.0640939	0.141584	0.0847146	1.753285	1.401423	2.578017	2.911243
7032	-1804.166	-2086.583	282.4167	0.693816	0.198312	0.0250425	0.0828295	1.551223	1.393966	3.039786	1.679196
7038	-1794.082	-2073.582	279.4997	0.642081	0.0886847	0.124922	0.144312	1.211852	1.025198	4.800869	2.380185
7044	-1794.724	-2073.018	278.2938	0.653635	0.0722696	0.0599237	0.214172	1.676889	1.171565	4.871567	3.218941
7050	-1796.87	-2078.095	281.2256	0.834795	0.0130604	0.0268091	0.125335	2.398012	1.274136	3.046161	2.579632
7056	-1795.47	-2077.996	282.5252	0.820929	0.0496933	0.0115503	0.117828	1.373519	1.387819	2.4434	3.181533
7062	-1793.591	-2075.086	281.4946	0.689434	0.192138	0.00970016	0.108728	1.60864	1.212239	3.56817	1.878661
7068	-1806.174	-2088.978	282.8049	0.70842	0.155377	0.0244803	0.111723	0.9776197	1.373595	3.042478	1.878661
7074	-1816.473	-2097.756	281.2832	0.69396	0.137252	0.0867738	0.0820145	1.984346	1.075598	3.725313	1.603864
7080	-1807.005	-2089.539	282.534	0.553409	0.246012	0.102298	0.0982812	0.8175891	1.180927	3.508047	1.676772
7086	-1801.872	-2083.46	281.5876	0.659649	0.24394	0.0419639	0.0544473	1.566701	1.137607	3.730812	1.553451
7092	-1812.874	-2091.988	279.1143	0.622329	0.260968	0.0584558	0.0582478	1.83181	1.232507	4.367393	3.036305
7098	-1806.519	-2089.631	283.1112	0.512519	0.274694	0.0465412	0.166246	0.8547952	1.288466	3.261329	1.325665
7104	-1809.422	-2093.92	284.4979	0.319708	0.521298	0.104487	0.0545065	0.6564074	1.428415	2.554846	1.165615
7110	-1802.16	-2085.154	282.994	0.570057	0.186794	0.101136	0.142012	1.659822	1.57259	2.673325	1.395287
7116	-1812.124	-2096.106	283.9817	0.521402	0.286449	0.0410478	0.151102	1.659478	1.636997	1.951397	1.483287
7122	-1812.964	-2095.776	282.8119	0.484178	0.326427	0.00388372	0.185511	1.251368	1.612181	2.608667	2.150258
7128	-1812.413	-2096.44	284.0271	0.479545	0.323303	0.0134155	0.183736	1.104967	1.769795	2.47312	0.962109
7134	-1822.851	-2104.94	282.0889	0.696191	0.191491	0.0114745	0.100843	2.116006	1.542132	2.954253	1.53332
7140	-1821.515	-2104.207	282.6921	0.600534	0.241694	0.00798102	0.149791	1.614589	1.474226	2.867052	1.53332
7146	-1831.333	-2114.218	282.8846	0.679248	0.24753	0.00624962	0.0669725	2.480227	1.560135	2.388836	1.362594
7152	-1813.913	-2098.067	284.1537	0.681714	0.214145	0.0155925	0.0885488	1.144508	1.899682	1.841352	1.7039
7158	-1807.906	-2092.135	284.2288	0.630241	0.255603	0.0707396	0.0434158	1.468574	1.849554	1.486372	1.925059
7164	-1799.084	-2083.852	284.7677	0.579992	0.333612	0.011899	0.0744967	1.489318	1.880719	1.399937	1.352788
7170	-1822.177	-2107.196	285.0199	0.447975	0.422067	0.00334517	0.126613	0.9564389	1.893867	1.507905	1.4573
7176	-1813.791	-2098.681	284.8901	0.415846	0.450918	0.00310525	0.13013	0.9820649	1.800913	1.529136	1.65578
7182	-1835.053	-2118.994	283.9417	0.508125	0.391338	0.00212575	0.0984117	1.601968	1.677457	2.050317	1.368585
7188	-1820.121	-2103.479	283.3574	0.692723	0.172211	0.000902853	0.134164	1.329853	1.453596	2.451031	1.875213
7194	-1822.665	-2103.034	280.3694	0.62109	0.19799	0.0303868	0.150533	2.151478	1.318328	3.616063	2.60524
7200	-1811.658	-2090.088	278.4299	0.823697	0.0162995	0.0402993	0.119704	1.864613	1.149383	4.384578	4.383234
7206	-1811.181	-2090.037	278.8561	0.73118	0.0397417	0.113778	0.1153	1.634035	0.984162	4.384578	4.224781
7212	-1824.075	-2103.145	279.0708	0.771386	0.0921536	0.0222338	0.114226	1.356785	1.115555	4.384578	4.008365
7218	-1814.127	-2092.355	278.2279	0.799779	0.147096	0.020953	0.0321723	1.92331	1.192326	4.384578	4.628196
7224	-1811.943	-2090.016	278.073	0.714403	0.0571726	0.0694341	0.15899	2.581607	1.14343	4.637568	3.231475
7230	-1816.253	-2096.027	279.7745	0.467817	0.31222	0.0454679	0.174495	1.001828	1.142732	4.6651	2.460099
7236	-1820.828	-2102.49	281.662	0.56892	0.20487	0.0552943	0.170916	0.8241754	1.188816	3.614533	2.602416
7242	-1812.26	-2092.685	280.4246	0.424043	0.474002	0.0450669	0.0568878	1.702031	1.238477	4.138778	1.845061
7248	-1820.566	-2100.096	279.5302	0.489335	0.310596	0.142882	0.0571867	1.702031	1.129594	4.630991	2.016636
7254	-1814.596	-2097.291	282.6945	0.487708	0.309564	0.145732	0.0569966	1.328376	1.491781	3.242698	1.09578
7260	-1807.81	-2090.106	282.2961	0.600053	0.205073	0.137724	0.0571496	1.194009	1.204017	3.423106	1.658305
7266	-1804.615	-2086.179	281.5645	0.462926	0.368317	0.12054	0.0482177	1.912645	1.37532	3.529109	1.386073
7272	-1806.385	-2085.255	278.8698	0.473928	0.202925	0.250056	0.0730919	1.224625	1.288839	4.788796	2.96616
7278	-1805.909	-2085.488	279.5792	0.726362	0.0654902	0.180666	0.0274822	1.93603	1.229507	3.620495	4.494515
7284	-1820.296	-2099.878	279.5819	0.598639	0.0539745	0.219904	0.127483	1.132134	1.121382	4.51009	3.033909
7290	-1829.037	-2108.248	279.2112	0.755662	0.114073	0.0458243	0.0844414	2.127239	1.102961	4.447537	2.506625
7296	-1820.087	-2099.587	279.5	0.631423	0.1757	0.0705809	0.122296	1.634885	0.979993	4.521976	2.634742
7302	-1817.029	-2098.17	281.1404	0.864568	0.0268473	0.0254015	0.0831829	1.445926	1.155455	3.39961	3.131366
7308	-1819.19	-2101.771	282.5812	0.864568	0.0268473	0.0254015	0.0831829	1.412172	1.536705	2.310353	3.131366
7314	-1808.15	-2091.623	283.4723	0.888055	0.0275767	0.0260916	0.0582764	1.309194	1.632156	2.016358	2.426842
7320	-1811.507	-2095.432	283.9247	0.666918	0.0710493	0.185028	0.0770043	1.309194	1.553209	2.016358	1.908879
7326	-1801.729	-2084.728	282.9981	0.721671	0.0994511	0.139141	0.0397368	1.133997	1.591164	1.914044	3.843975
7332	-1813.715	-2096.212	282.4969	0.832713	0.0357702	0.117224	0.0142924	1.474884	1.639416	2.33187	2.950795
7338	-1806.36	-2089.177	282.8169	0.757674	0.0506479	0.171441	0.020237	1.370808	1.607562	2.33187	2.63659
7344	-1815.542	-2097.851	282.3086	0.71143	0.0346695	0.189764	0.0641359	1.370808	1.559025	2.708034	2.56596
7350	-1805.078	-2086.121	281.043	0.713526	0.0316045	0.196404	0.0584659	1.944018	1.562764	3.324966	2.214286
7356	-1809.374	-2090.832	281.458	0.564996	0.185431	0.189643	0.0599299	2.037417	1.332914	3.390781	1.72926
7362	-1807.146	-2086.395	279.2491	0.690958	0.206624	0.0778247	0.0245937	1.236994	1.307427	4.532639	3.046253
7368	-1801.146	-2081.38	280.2334	0.708534	0.116584	0.0798043	0.0950776	1.474045	1.309678	3.536851	4.048684
7374	-1802.154	-2080.925	278.7708	0.73879	0.00255671	0.159515	0.0991378	2.176293	1.228167	4.50814	2.773109
7380	-1816.842	-2097.945	281.1032	0.704802	0.0302228	0.189903	0.0750718	1.520304	1.427797	3.600517	2.138598
7386	-1814.338	-2097.671	283.3332	0.438866	0.468733	0.0436109	0.0487897	1.711784	1.581562	1.979242	2.279911
7392	-1815.132	-2097.114	281.9824	0.574028	0.258553	0.0773206	0.090098	0.921517	1.31105	3.37958	2.391549
7398	-1813.656	-2095.477	281.8214	0.584344	0.203018	0.120921	0.0917171	1.400208	1.457337	3.118188	2.391549
7404	-1811.817	-2094.815	282.9985	0.559197	0.312128	0.125933	0.00274168	1.065119	1.306152	3.328713	1.07986
7410	-1799.743	-2082.974	283.2311	0.383634	0.502442	0.113219	0.000705125	1.214499	1.382117	3.115918	0.9864362
7416	-1800.229	-2084.455	284.2257	0.339439	0.521839	0.137989	0.000732346	0.2271726	1.577673	2.941891	0.9812261
7422	-1810.527	-2094.953	284.4258	0.300259	0.597985	0.100985	0.000771055	0.143219	1.63163	2.7201	0.9812261
7428	-1809.216	-2094.169	284.9529	0.355958	0.59559	0.0476833	0.000767967	0.2171431	1.61251	2.301149	1.260432
7434	-1816.066	-2100.999	284.9336	0.377565	0.579013	0.0430744	0.000347249	0.1646964	1.709199	2.301149	1.118297
7440	-1802.501	-2087.326	284.8251	0.255414	0.72913	0.015213	0.000242576	0.1646895	1.538069	2.434668	1.19046
7446	-1806.443	-2091.928	285.4851	0.266311	0.717662	0.015862	0.000164819	0.1441358	1.65503	1.813166	1.324133
7452	-1811.425	-2096.108	284.6836	0.308884	0.677607	0.0134672	4.17862e-05	0.1833005	1.702234	2.160295	1.685246
7458	-1804.879	-2089.073	284.1941	0.30039	0.685945	0.0136329	3.21746e-05	0.2077758	1.658488	2.557007	1.602394
7464	-1814.163	-2099.233	285.0699	0.42302	0.417293	0.159655	3.19348e-05	0.209132	1.535689	2.325432	1.172324
7470	-1817.116	-2101.581	284.4652	0.166337	0.65278	0.180847	3.63654e-05	0.1745622	1.428778	2.833835	1.024783
7476	-1803.407	-2088.108	284.7012	0.231188	0.723389	0.0453965	2.7128e-05	0.2521787	1.386798	2.92769	0.7325852
7482	-1808.504	-2092.708	284.2039	0.260167	0.663366	0.0764423	2.4877e-05	0.1693189	1.52935	3.008551	0.8890588
7488	-1804.13	-2089.04	284.91	0.363086	0.557936	0.0789452	3.27099e-05	0.1900018	1.740262	2.310239	1.133659
7494	-1822.371	-2106.287	283.9154	0.463504	0.470322	0.0661637	1.0654e-05	0.189183	1.596005	2.352508	2.473348
7500	-1809.372	-2094.154	284.7815	0.46354	0.439078	0.0973609	2.04781e-05	0.1937526	1.640386	2.247219	1.496156
7506	-1802.001	-2084.252	282.2513	0.513612	0.421934	0.0641925	0.000261658	0.1438152	1.492415	3.622611	1.883103
7512	-1802.282	-2085.043	282.7613	0.401964	0.527032	0.0350623	0.0359424	0.2648551	1.426253	3.317252	2.138131
7518	-1788.028	-2072.23	284.2019	0.553649	0.393356	0.0261691	0.026826	0.160582	1.711408	2.473427	1.618566
7524	-1809.079	-2093.809	284.7296	0.211418	0.650891	0.0644349	0.073256	0.200177	1.807022	2.148049	1.547828
7530	-1804.015	-2086.816	282.801	0.353726	0.484306	0.100554	0.0614132	0.200177	1.342658	3.603142	1.547828
7536	-1810.288	-2094.171	283.8832	0.403504	0.424869	0.0882137	0.0834131	0.1771592	1.500467	3.108427	1.083129
7542	-1808.358	-2090.647	282.2885	0.306699	0.528194	0.0649492	0.100158	0.1242969	1.398006	4.070071	0.9900089
7548	-1805.88	-2088.845	282.9653	0.39728	0.443255	0.0634212	0.0960439	0.1657841	1.438551	3.623254	1.171252
7554	-1801.943	-2084.694	282.751	0.503392	0.366061	0.0499239	0.0806236	0.1532167	1.366348	3.533901	1.637444
7560	-1806.192	-2090.343	284.1518	0.336439	0.452001	0.0809046	0.130655	0.1451541	1.567541	2.868062	1.082657
7566	-1817.311	-2099.243	281.9321	0.357965	0.480921	0.0787415	0.0823728	0.1536678	1.354353	4.452776	0.8111335
7572	-1817.925	-2099.953	282.0275	0.366106	0.491859	0.0577887	0.0842463	0.171298	1.495232	4.008542	1.412079
7578	-1821.869	-2105.243	283.3732	0.396428	0.532596	0.0653518	0.00562423	0.2158313	1.565556	3.423974	1.028758
7584	-1807.541	-2090.545	283.0039	0.34635	0.470463	0.1754	0.00778659	0.200418	1.41723	3.709236	1.045877
7590	-1818.131	-2102.402	284.2705	0.172083	0.675224	0.147	0.00569271	0.200418	1.454704	2.97905	0.9826984
7596	-1823.586	-2106.002	282.4158	0.311411	0.558106	0.121503	0.00898116	0.2381129	1.286323	4.095831	1.10978
7602	-1806.126	-2088.438	282.3121	0.297714	0.554091	0.122717	0.0254784	0.1758011	1.159358	4.095831	1.306659
7608	-1800.504	-2083.943	283.4398	0.426762	0.437905	0.0953522	0.0399809	0.1349962	1.370289	3.373289	1.113792
7614	-1810.126	-2094.27	284.1439	0.426762	0.437905	0.0953522	0.0399809	0.153024	1.390615	3.098488	0.9041707
7620	-1795.456	-2077.964	282.5083	0.472366	0.413793	0.0770784	0.0367631	0.2224143	1.397196	3.87197	1.305041
7626	-1801.199	-2084.881	283.6817	0.378341	0.49917	0.0724836	0.0500056	0.1747109	1.397196	3.16279	1.305041
7632	-1800.705	-2084.934	284.2288	0.401066	0.480923	0.069834	0.0481777	0.2201636	1.469684	3.041674	0.9180496
7638	-1797.091	-2080.44	283.3496	0.391437	0.469377	0.0921649	0.0470211	0.2105129	1.344508	3.224905	1.670586
7644	-1808.54	-2091.478	282.9379	0.286082	0.559726	0.0879148	0.066277	0.215364	1.329261	3.497147	1.629642
7650	-1815.396	-2099.329	283.9328	0.49601	0.240804	0.251959	0.0112272	1.288881	1.705892	1.878898	1.9905
7656	-1818.407	-2101.172	282.7654	0.475655	0.302665	0.177221	0.0444593	1.493153	1.506318	2.374744	2.601873
7662	-1819.843	-2101.674	281.831	0.645597	0.200368	0.0612273	0.0928077	1.028631	1.077598	4.097163	1.186747
7668	-1814.879	-2097.18	282.3008	0.406708	0.340163	0.0955708	0.157559	0.8911316	1.281414	3.781781	1.203656
7674	-1816.897	-2098.117	281.2206	0.478424	0.272352	0.107324	0.141899	0.8911316	1.427236	4.053804	1.730745
7680	-1821.893	-2104.006	282.1121	0.605498	0.208988	0.13583	0.049684	0.8894006	1.276874	3.743419	1.493414
7686	-1817.124	-2099.156	282.0325	0.531773	0.322212	0.0665892	0.0794255	1.472888	1.344135	3.53709	1.285376
7692	-1821.245	-2104.329	283.084	0.528668	0.32033	0.0499179	0.101084	1.270627	1.489533	2.936181	1.285376
7698	-1821.929	-2103.506	281.5762	0.399316	0.364492	0.121172	0.11502	1.409844	1.283935	3.867685	1.285376
7704	-1817.2	-2098.675	281.4751	0.359645	0.498331	0.109133	0.0328906	0.7511113	1.188174	4.457951	1.075842
7710	-1807.449	-2088.598	281.149	0.479917	0.229623	0.242116	0.0483435	1.915653	1.235852	3.962475	1.171019
7716	-1793.777	-2075.036	281.2586	0.551652	0.282497	0.0747545	0.091097	1.339414	1.223707	3.962475	1.599234
7722	-1801.288	-2082.921	281.6325	0.551652	0.282497	0.0747545	0.091097	0.9416324	1.130295	3.962475	1.722451
7728	-1798.244	-2077.47	279.2259	0.644198	0.211892	0.0872955	0.0566148	1.969833	1.100458	4.746327	1.907406
7734	-1808.864	-2087.732	278.8686	0.63842	0.166133	0.0865125	0.108934	1.554067	1.156738	5.099285	1.907406
7740	-1806.959	-2087.388	280.4289	0.557487	0.286088	0.0545826	0.101843	0.7979146	1.225702	4.333499	2.552183
7746	-1816.046	-2096.009	279.9634	0.417004	0.319715	0.164362	0.0989182	0.8315098	1.110818	5.146518	1.364982
7752	-1817.802	-2100.579	282.7767	0.59757	0.268785	0.030254	0.103391	1.267329	1.409467	2.776994	2.080281
7758	-1806.727	-2089.005	282.2782	0.37171	0.552359	0.02324	0.0526914	0.9645895	1.160733	3.736575	1.363204
7764	-1806.026	-2085.157	279.131	0.508324	0.432255	0.0181867	0.0412343	1.637174	0.9170271	5.298343	1.363204
7770	-1816.305	-2097.492	281.1866	0.412825	0.410828	0.0244699	0.151878	1.369327	1.27517	4.159129	1.203984
7776	-1799.459	-2079.695	280.236	0.764297	0.135609	0.0478593	0.0522349	1.239922	1.334493	4.344444	2.017964
7782	-1804.258	-2086.11	281.8526	0.67087	0.099737	0.0270732	0.20232	1.239922	1.362357	3.530269	1.730073
7788	-1807.783	-2090.612	282.8292	0.759648	0.112935	0.0306559	0.0967602	1.399973	1.339971	2.940952	1.603689
7794	-1813.317	-2097.497	284.1794	0.693983	0.046782	0.20442	0.0548157	1.03623	1.452078	2.388476	1.346013
7800	-1815.924	-2095.439	279.5146	0.80669	0.0408239	0.0719094	0.0805764	1.201558	1.018534	4.655044	2.781026
7806	-1819.062	-2099.06	279.9982	0.666692	0.12901	0.0611943	0.143104	1.54044	1.190098	4.113749	2.781026
7812	-1814.138	-2093.698	279.5598	0.668659	0.0952222	0.173908	0.0622108	1.269024	1.200164	4.75047	2.1001
7818	-1807.062	-2089.257	282.195	0.703375	0.117895	0.167324	0.0114053	1.134629	1.299409	3.488145	1.599444
7824	-1813.732	-2095.779	282.0474	0.718704	0.0321243	0.135111	0.114061	0.96227	1.372344	3.456713	1.974492
7830	-1821.028	-2101.708	280.6801	0.658348	0.160075	0.16453	0.0170471	1.955551	1.42852	3.898229	1.569982
7836	-1806.501	-2090.035	283.5336	0.813439	0.0633875	0.104727	0.0184469	1.098584	1.517235	2.711722	1.34586
7842	-1803.328	-2085.175	281.8473	0.743332	0.0158981	0.203671	0.0370997	1.308767	1.395525	3.313764	2.091854
7848	-1810.636	-2093.622	282.9862	0.765056	0.0194372	0.18012	0.0353862	1.187726	1.427144	2.846168	1.734317
7854	-1821.025	-2104.022	282.9976	0.698617	0.0156508	0.282244	0.00348785	1.580909	1.459131	2.526672	1.893142
7860	-1824.422	-2107.988	283.5669	0.738147	0.140833	0.11783	0.0031888	1.107821	1.418586	2.445143	1.931238
7866	-1851.574	-2133.039	281.4649	0.69051	0.1011	0.20437	0.00402027	1.682183	1.385889	3.43787	1.902652
7872	-1823.256	-2107.863	284.6073	0.615626	0.240354	0.0853081	0.0587115	1.316368	1.927929	1.084281	2.15014
7878	-1823.666	-2107.95	284.284	0.722191	0.0802012	0.12738	0.0702277	1.691349	1.927929	1.084281	2.15014
7884	-1824.48	-2109.367	284.8863	0.789344	0.00867803	0.0956374	0.10634	0.9845448	1.866512	1.113324	2.246002
7890	-1816.252	-2100.674	284.4225	0.591606	0.0530393	0.305231	0.0501232	1.236507	1.868245	1.4223	2.032235
7896	-1801.003	-2085.286	284.2832	0.740342	0.0633346	0.0404251	0.155898	0.8975932	1.795013	1.481539	2.712344
7902	-1807.887	-2091.579	283.6919	0.790929	0.0377051	0.0785548	0.0928113	1.117765	1.610851	2.000585	2.434603
7908	-1811.785	-2092.761	280.976	0.641983	0.0769865	0.160394	0.120637	1.117765	1.335453	3.581895	3.087431
7914	-1826.91	-2108.717	281.8076	0.725085	0.0824021	0.0633902	0.129123	1.570463	1.718157	2.742331	2.7402
7920	-1815.758	-2097.592	281.8335	0.689636	0.162943	0.0584492	0.0889713	1.570463	1.601178	3.142662	1.915317
7926	-1825.353	-2106.953	281.5997	0.739069	0.0400003	0.0879912	0.13294	2.458919	1.500338	2.735037	2.389488
7932	-1799.945	-2082.518	282.5726	0.6908	0.174434	0.0822444	0.0525223	1.422284	1.72253	2.735037	1.842862
7938	-1807.965	-2091.033	283.0682	0.440834	0.354751	0.142681	0.0617336	1.481009	1.727396	2.385124	1.856989
7944	-1799.785	-2083.984	284.1988	0.503411	0.352145	0.0831636	0.0612801	1.451843	1.757697	2.03134	1.173555
7950	-1817.826	-2101.037	283.211	0.459282	0.341341	0.0948736	0.104504	1.378138	1.737036	2.273276	2.005781
7956	-1812.876	-2096.3	283.4248	0.482893	0.325294	0.0535539	0.138259	1.022398	1.613576	2.804323	1.275521
7962	-1790.959	-2074.246	283.2873	0.472699	0.390489	0.0524233	0.0843889	1.2124	1.607255	2.656957	1.500666
7968	-1800.501	-2084.333	283.8323	0.579779	0.359884	0.0183996	0.0419372	1.216209	1.607255	2.229201	1.656479
7974	-1795.684	-2079.076	283.3923	0.306172	0.495268	0.0384148	0.160145	0.6968832	1.516912	3.161398	1.138581
7980	-1800.237	-2084.684	284.4468	0.233711	0.670098	0.00575116	0.0904393	0.1479323	1.435497	2.766337	1.094745
7986	-1806.495	-2090.552	284.0564	0.477319	0.339422	0.0130123	0.170247	0.190301	1.430481	2.818017	1.515082
7992	-1817.383	-2102.123	284.7404	0.442362	0.341597	0.0582619	0.157779	0.1315447	1.436054	2.418536	1.325334
7998	-1815.027	-2098.693	283.6661	0.461869	0.324027	0.0680828	0.146021	0.1716364	1.477655	2.975534	1.582975
8004	-1809.157	-2092.173	283.0159	0.330423	0.509643	0.117471	0.0424625	0.2003007	1.532207	3.711927	0.914786
8010	-1809.172	-2092.21	283.0379	0.453507	0.419911	0.0534901	0.0730922	0.1699891	1.492267	3.472164	1.322348
8016	-1809.023	-2091.78	282.7566	0.447364	0.383076	0.06658	0.102981	0.2041018	1.388043	3.776401	1.21508
8022	-1820.593	-2103.666	283.0723	0.298718	0.449441	0.0988883	0.152953	0.1546614	1.444644	3.556548	1.149198
8028	-1800.166	-2084.434	284.2682	0.336592	0.460908	0.0482149	0.154286	0.1796814	1.680625	2.584925	1.406322
8034	-1806.423	-2090.344	283.9215	0.508611	0.402363	0.01184	0.0771852	0.1796814	1.545811	2.743058	1.669507
8040	-1800.638	-2083.574	282.9363	0.425953	0.523389	0.000300596	0.0503576	0.1741696	1.328437	3.228025	2.174179
8046	-1801.652	-2084.771	283.119	0.450825	0.415562	0.000318149	0.133295	0.1941173	1.382024	3.093363	2.195179
8052	-1809.894	-2092.461	282.5663	0.466947	0.430423	0.000621225	0.102009	0.1856763	1.213102	3.513288	2.195179
8058	-1821.29	-2103.681	282.3909	0.450973	0.289287	0.000677213	0.259063	0.1915225	1.45036	3.624392	1.86474
8064	-1807.086	-2091.794	284.7076	0.399096	0.549167	0.000599311	0.0511379	0.1940413	1.522559	2.415613	1.413243
8070	-1809.331	-2092.107	282.776	0.31546	0.59049	0.000607771	0.0934424	0.2752855	1.341157	3.574114	1.658239
8076	-1807.281	-2090.629	283.3477	0.44318	0.445322	0.000660885	0.110837	0.1848161	1.461387	3.22175	1.512762
8082	-1807.767	-2091.976	284.2096	0.451532	0.47574	0.0109396	0.0617886	0.2323857	1.277998	2.955618	1.287274
8088	-1794.758	-2078.475	283.7164	0.405195	0.517403	0.0116427	0.0657597	0.221688	1.525162	2.616667	2.28567
8094	-1805.878	-2088.427	282.5487	0.455525	0.463821	0.018437	0.062217	0.1526444	1.525162	3.552827	1.64907
8100	-1792.694	-2076.082	283.3884	0.33453	0.549275	0.091581	0.0246137	0.2435589	1.488985	3.240776	1.43622
8106	-1800.254	-2084.101	283.8477	0.375069	0.422333	0.178201	0.0243959	0.2435589	1.370215	3.240776	1.069733
8112	-1807.086	-2089.963	282.8764	0.45766	0.2551	0.259753	0.0274875	0.1793888	1.415518	3.785988	1.01911
8118	-1798.213	-2082.886	284.6739	0.439618	0.412649	0.099957	0.0477753	0.1747361	1.679606	2.248616	1.546092
8124	-1792.289	-2076.46	284.1706	0.438575	0.412538	0.0757086	0.0731784	0.1747361	1.526397	2.646522	1.574005
8130	-1808.094	-2089.516	281.4217	0.471254	0.43296	0.0171554	0.0786311	0.1485528	1.379729	4.485736	1.227838
8136	-1803.15	-2087.432	284.2818	0.470763	0.343027	0.0225179	0.163692	0.1485528	1.483893	2.760964	1.227838
8142	-1808.876	-2093.539	284.6635	0.536673	0.302188	0.0169345	0.144204	0.189376	1.346495	2.760964	1.047877
8148	-1811.836	-2094.014	282.1785	0.449513	0.434455	0.0243467	0.0916852	0.2001003	1.310621	4.029517	1.447697
8154	-1815.495	-2098.747	283.2524	0.523726	0.410997	0.0283662	0.0369104	0.2156176	1.401314	3.226961	1.719325
8160	-1806.602	-2090.398	283.7954	0.489751	0.42647	0.00824474	0.0755342	0.2156176	1.534728	2.821628	1.719325
8166	-1807.839	-2092.804	284.9653	0.491534	0.428023	0.00613167	0.0743119	0.1926775	1.534728	2.473838	1.025506
8172	-1806.558	-2090.34	283.7819	0.496002	0.405624	0.0279503	0.0704232	0.1745603	1.385817	2.887724	1.736304
8178	-1802.781	-2087.082	284.301	0.457603	0.407035	0.0348028	0.100559	0.1660886	1.46172	2.675491	1.42665
8184	-1806.836	-2091.728	284.8916	0.500867	0.359784	0.0360397	0.10331	0.1660886	1.617844	2.309434	1.247971
8190	-1802.634	-2084.422	281.7882	0.504601	0.299367	0.0617847	0.134247	0.1521412	1.329097	4.066443	1.726458
8196	-1819.788	-2099.13	279.3426	0.641763	0.143704	0.067707	0.146825	0.1305482	1.059955	5.546925	1.726458
8202	-1813.741	-2092.204	278.4629	0.942181	0.00143162	0.00452881	0.0518587	2.918463	1.13459	4.526345	2.584375
8208	-1808.801	-2088.99	280.1891	0.85434	0.00163739	0.00410658	0.139916	1.521805	1.371023	3.182037	5.245531
8214	-1809.76	-2089.678	279.9183	0.835306	0.00957573	0.00442659	0.150692	1.977833	1.315441	3.655077	3.469446
8220	-1822.823	-2105.92	283.0963	0.638519	0.132197	0.0523496	0.176934	0.1359002	1.14669	3.291961	1.938061
8226	-1801.88	-2084.238	282.358	0.682602	0.0817982	0.0446691	0.190931	0.1359002	1.23046	3.739099	1.793603
8232	-1800.856	-2080.256	279.3996	0.877632	0.0596439	0.022803	0.0399212	1.309923	1.085029	4.454393	3.294206
8238	-1802.883	-2082.56	279.677	0.763169	0.00891757	0.0171731	0.21074	1.535125	1.12666	4.454393	2.453308
8244	-1815.781	-2094.556	278.7746	0.777033	0.0107733	0.0106669	0.201527	1.663085	1.123229	4.763051	2.83844
8250	-1817.41	-2097.636	280.2262	0.789207	0.0202459	0.010834	0.179713	2.809181	1.159113	3.550397	2.5667
8256	-1799.11	-2079.962	280.8516	0.775135	0.0338519	0.0145041	0.176509	1.844993	1.232212	3.500794	2.655457
8262	-1807.324	-2088.219	280.8941	0.764144	0.0205621	0.0142985	0.200996	1.844993	1.189712	3.500794	2.655457
8268	-1823.064	-2099.111	276.0464	0.728165	0.00343798	0.00907936	0.259318	3.513474	0.9201407	5.551934	3.313589
8274	-1804.283	-2081.216	276.933	0.791545	0.0020703	0.0233014	0.183083	1.711792	0.8737458	5.576148	3.876916
8280	-1830.318	-2114.591	284.2738	0.28733	0.648521	0.0143321	0.0498176	0.1813781	1.422663	2.905129	1.115972
8286	-1811.993	-2095.432	283.439	0.383827	0.563788	0.0176848	0.034701	0.1813781	1.268352	3.459945	1.172475
8292	-1801.368	-2085.437	284.0688	0.206638	0.750334	0.0087198	0.0343082	0.1812051	1.468357	3.051021	1.030518
8298	-1807.987	-2091.277	283.2896	0.253812	0.677808	0.0117011	0.0566791	0.1812051	1.514753	3.479594	1.037675
8304	-1792.962	-2075.39	282.4284	0.368613	0.493212	0.0239626	0.114213	0.1585652	1.396924	3.867588	1.322788
8310	-1791.977	-2075.597	283.6206	0.365659	0.48926	0.0171447	0.127936	0.1585652	1.37485	3.185494	1.322788
8316	-1794.083	-2078.816	284.7333	0.428028	0.392084	0.110074	0.0698143	0.2114729	1.653211	2.412999	1.260051
8322	-1794.283	-2077.952	283.669	0.424046	0.411028	0.0304853	0.134441	0.2039269	1.377393	3.270102	1.179908
8328	-1800.72	-2083.126	282.4065	0.440927	0.38825	0.0493938	0.121429	0.1663963	1.230181	4.002536	1.288089
8334	-1794.62	-2077.137	282.5173	0.440927	0.38825	0.0493938	0.121429	0.1787396	1.203082	3.950373	1.317675
8340	-1803.474	-2085.896	282.4222	0.494767	0.39024	0.0472175	0.0677757	0.1678014	1.203082	4.04496	1.222911
8346	-1803.453	-2086.92	283.4669	0.395547	0.477231	0.0577431	0.069479	0.2241172	1.545884	3.399878	0.9994265
8352	-1805.013	-2087.843	282.8295	0.424755	0.412333	0.0922118	0.0707003	0.1612978	1.53725	3.399878	1.634433
8358	-1805.419	-2087.161	281.7422	0.467963	0.381362	0.0852857	0.0653899	0.1664501	1.441018	4.034503	1.751103
8364	-1809.729	-2091.783	282.0537	0.435075	0.354539	0.115725	0.0946603	0.1276116	1.35164	3.847999	1.749182
8370	-1803.28	-2085.717	282.4363	0.451348	0.3678	0.120053	0.0607991	0.1468633	1.281672	3.847999	1.450234
8376	-1816.252	-2098.236	281.9841	0.391011	0.411226	0.104005	0.0937582	0.1665574	1.239689	4.155099	1.450234
8382	-1799.071	-2082.689	283.618	0.494917	0.41798	0.0135101	0.0735931	0.2030995	1.61639	3.078385	1.324518
8388	-1803.943	-2087.3	283.3575	0.512501	0.374555	0.0139901	0.0989537	0.2030995	1.61639	3.133299	1.515147
8394	-1808.299	-2092.507	284.2082	0.366484	0.473043	0.0297059	0.130766	0.154552	1.614689	2.531026	1.600855
8400	-1802.228	-2087.575	285.3471	0.440296	0.404921	0.0280199	0.126763	0.1615442	1.876063	1.860794	1.204143
8406	-1801.052	-2086.945	285.8924	0.398766	0.347392	0.13815	0.115692	0.1615442	1.878153	1.682404	0.9080425
8412	-1809.933	-2095.466	285.5328	0.386928	0.322291	0.169136	0.121646	0.1615442	1.795341	1.826532	1.146264
8418	-1792.674	-2077.94	285.2662	0.448455	0.371524	0.0977187	0.0823025	0.1654304	1.710828	2.067832	1.146264
8424	-1801.101	-2085.724	284.6232	0.438614	0.363371	0.162337	0.0356776	0.1654304	1.620852	2.536465	1.146264
8430	-1811.861	-2095.852	283.9909	0.450559	0.379566	0.132608	0.0372677	0.1654304	1.654477	2.887003	1.174511
8436	-1807.008	-2091.518	284.5097	0.503949	0.321687	0.117021	0.0573431	0.1654304	1.538526	2.526538	1.374763
8442	-1801.7	-2085.762	284.0625	0.346245	0.439903	0.0306527	0.183199	0.2001239	1.643148	2.79386	1.322885
8448	-1801.166	-2084.013	282.8476	0.41897	0.37555	0.0550306	0.150449	0.1573123	1.388201	3.754309	1.092881
8454	-1818.205	-2101.599	283.3936	0.339547	0.385255	0.120098	0.155099	0.2010446	1.311561	3.493919	1.135444
8460	-1809.108	-2091.965	282.8566	0.356156	0.44943	0.133435	0.0609789	0.1758828	1.412359	3.77789	1.051428
8466	-1804.343	-2087.109	282.766	0.420522	0.4045	0.120095	0.0548827	0.1338666	1.294494	3.790726	1.142399
8472	-1804.703	-2085.268	280.5653	0.266969	0.582296	0.054271	0.0964632	0.1532594	1.32563	5.088386	1.063969
8478	-1814.171	-2095.561	281.3897	0.412492	0.410678	0.075381	0.101449	0.193001	1.17342	4.609671	1.32851
8484	-1816.358	-2099.702	283.3441	0.715341	0.135185	0.0405295	0.108945	1.272542	1.489329	2.379178	2.065365
8490	-1826.018	-2108.069	282.0507	0.342696	0.326536	0.0354203	0.295347	0.1760699	1.284072	4.271176	1.12386
8496	-1837.962	-2118.246	280.2841	0.261756	0.373138	0.0437207	0.321385	0.2237486	0.9749113	5.377066	1.267124
8502	-1815.464	-2097.148	281.6839	0.265431	0.6029	0.0839996	0.0476686	0.2099399	1.166101	4.491253	1.260385
8508	-1808.964	-2092.223	283.2594	0.435592	0.334319	0.170166	0.0599226	0.2370114	1.544844	3.246954	1.507277
8514	-1788.27	-2072.167	283.8965	0.394408	0.46018	0.092376	0.0530356	0.163654	1.510957	2.948847	1.316533
8520	-1788.746	-2072.927	284.1811	0.402371	0.469471	0.094241	0.0339169	0.195627	1.451455	2.934488	1.148241
8526	-1815.585	-2099.724	284.1393	0.374796	0.369895	0.139718	0.115592	0.1437704	1.451455	2.72279	1.47689
8532	-1801.588	-2085.556	283.9685	0.262013	0.623358	0.0438667	0.0707623	0.1424447	1.521964	2.941382	1.186456
8538	-1793.059	-2077.331	284.2723	0.487394	0.354652	0.108784	0.0491705	0.1424447	1.492631	2.74427	1.240121
8544	-1798.907	-2083.46	284.5525	0.484724	0.397797	0.0738032	0.0436759	0.2017096	1.642304	2.69219	0.9865787
8550	-1805.053	-2089.331	284.2782	0.568427	0.309112	0.0865478	0.0359131	0.1735384	1.509271	2.456208	1.836697
8556	-1808.777	-2091.919	283.1413	0.56822	0.308524	0.0871101	0.0361464	0.147033	1.390448	3.304703	1.591418
8562	-1809.353	-2092.517	283.1638	0.554087	0.255949	0.142	0.0479639	0.9395136	1.603782	2.67008	1.961704
8568	-1814.83	-2092.272	277.4418	0.804056	0.116546	0.054924	0.0244744	1.708785	0.9290792	5.689048	2.548761
8574	-1803.459	-2081.876	278.4177	0.690436	0.100077	0.0713658	0.138121	1.550401	1.138888	5.134361	2.477518
8580	-1798.825	-2079.863	281.0377	0.70019	0.0392021	0.0627641	0.197844	1.409576	1.193882	3.843998	2.103547
8586	-1794.369	-2075.227	280.8583	0.728808	0.054418	0.107093	0.109681	2.075109	1.33962	3.353637	2.597684
8592	-1789.774	-2072.005	282.2315	0.733479	0.110829	0.0769161	0.0787752	1.196428	1.21104	3.353637	1.87557
8598	-1795.344	-2077.549	282.205	0.741834	0.165122	0.0119833	0.0810611	1.150105	1.194549	3.331592	2.039526
8604	-1810.842	-2093.247	282.4047	0.654616	0.270379	0.0192382	0.0557666	1.616937	1.43719	2.987869	1.679286
8610	-1826.482	-2106.629	280.1468	0.783094	0.00176082	0.154656	0.0604892	1.798665	1.26181	4.094173	2.185961
8616	-1822.993	-2102.98	279.9861	0.783094	0.00176082	0.154656	0.0604892	1.557945	1.106016	4.331675	2.320983
8622	-1810.326	-2090.804	280.4783	0.851682	0.00755474	0.0734724	0.0672911	1.296684	1.28756	3.865036	2.898845
8628	-1810.453	-2093.32	282.8668	0.602214	0.231978	0.0731402	0.0926685	0.9398322	1.236091	3.096604	1.908667
8634	-1801.369	-2083.989	282.6199	0.732193	0.0662109	0.0889265	0.11267	1.36195	1.532226	2.852341	1.848068
8640	-1814.103	-2095.009	280.906	0.790645	0.0476894	0.0857752	0.07589	1.8455	1.393976	3.356363	2.702598
8646	-1815.464	-2093.002	277.5376	0.636792	0.0914737	0.126168	0.145566	1.804987	1.200861	5.103098	3.592353
8652	-1799.189	-2077.279	278.0902	0.819201	0.0659279	0.0277377	0.0871333	1.872893	1.204714	4.992079	2.877523
8658	-1796.999	-2078.217	281.2182	0.744519	0.061583	0.0888165	0.105081	1.447729	1.406818	3.304623	2.849594
8664	-1800.271	-2081.668	281.3972	0.671549	0.0948692	0.0818081	0.151774	1.277841	1.380455	3.304623	2.849594
8670	-1807.497	-2089.115	281.6179	0.555791	0.124464	0.274129	0.0456159	1.185605	1.317392	3.369462	2.563976
8676	-1807.405	-2089.053	281.6478	0.650016	0.0563863	0.251712	0.0418856	1.375819	1.298194	3.369462	2.289414
8682	-1799.361	-2081.945	282.584	0.749935	0.0221388	0.18901	0.0389165	1.356877	1.408475	2.860082	2.04698
8688	-1810.316	-2092.805	282.4896	0.755917	0.0608188	0.105314	0.0779501	1.448373	1.421654	2.860082	2.04698
8694	-1815.735	-2097.937	282.2027	0.652643	0.0297599	0.228261	0.0893354	1.184939	1.223797	3.506411	1.585735
8700	-1815.387	-2094.556	279.1684	0.624013	0.0406971	0.171033	0.164258	2.588319	1.183635	4.397561	2.123034
8706	-1819.567	-2100.413	280.8452	0.576405	0.0979184	0.147908	0.177768	1.404128	1.162566	4.19863	1.601762
8712	-1814.184	-2093.097	278.9134	0.580481	0.0889552	0.326773	0.00379021	1.305434	1.308981	5.120371	1.886702
8718	-1820.221	-2101.567	281.3462	0.579616	0.0888225	0.327777	0.00378455	1.161485	1.100275	4.163361	1.423457
8724	-1803.282	-2084.021	280.739	0.665149	0.103413	0.222755	0.00868267	1.330664	1.333835	4.073926	1.874797
8730	-1806.563	-2088.231	281.668	0.483799	0.310056	0.16521	0.0409351	2.404958	1.425579	3.344363	1.175719
8736	-1801.006	-2083.271	282.2646	0.567303	0.238293	0.105777	0.0886273	1.154185	1.316245	3.385581	1.684014
8742	-1802.657	-2084.682	282.0253	0.532065	0.23777	0.135743	0.0944228	1.463564	1.592346	3.293428	1.490708
8748	-1798.926	-2078.366	279.44	0.503917	0.307963	0.147253	0.0408669	1.463564	1.099773	4.909577	1.785935
8754	-1792.595	-2073	280.4047	0.531084	0.294135	0.131711	0.0430701	1.463564	1.126886	4.550788	1.371057
8760	-1803.068	-2084.422	281.3541	0.601204	0.33297	0.0479283	0.0178975	1.135709	1.257807	3.57646	2.589473
8766	-1793.673	-2075.469	281.7958	0.49933	0.287057	0.20448	0.00913367	1.881175	1.400193	3.57646	1.052239
8772	-1806.953	-2086.718	279.7652	0.621467	0.209894	0.14714	0.0215002	1.482568	1.118445	4.880045	1.419147
8778	-1798.823	-2080.198	281.3753	0.48611	0.355557	0.134992	0.023341	1.462567	1.330921	4.143902	0.899382
8784	-1799.282	-2081.434	282.1523	0.521873	0.318378	0.144923	0.0148252	1.136938	1.262673	3.683326	1.303872
8790	-1813.087	-2095.335	282.2479	0.451935	0.255705	0.265228	0.027132	1.343234	1.177041	3.584402	1.269459
8796	-1798.774	-2079.313	280.5391	0.454367	0.350953	0.180346	0.0143345	1.343234	1.332845	4.42658	1.356775
8802	-1800.915	-2082.251	281.3359	0.54073	0.213017	0.222561	0.0236914	1.343234	1.390753	3.819172	1.601596
8808	-1803.097	-2085.54	282.4431	0.563523	0.140195	0.267778	0.0285046	1.343234	1.342891	3.236014	1.532201
8814	-1809.62	-2090.028	280.4079	0.544955	0.283767	0.143713	0.0275654	1.063354	1.213534	4.673512	1.440859
8820	-1822.471	-2102.707	280.2368	0.658973	0.0543262	0.26835	0.0183508	0.9081413	1.037212	4.798361	1.775544
8826	-1808.83	-2090.152	281.3225	0.598479	0.0620741	0.271112	0.0683351	1.163576	1.071121	4.024165	1.775544
8832	-1807.19	-2087.34	280.1505	0.644113	0.0743491	0.236012	0.0455264	1.853542	1.039827	4.27019	2.002183
8838	-1825.444	-2105.679	280.2348	0.703131	0.0859332	0.0661344	0.144802	2.40035	1.323757	3.832893	2.002183
8844	-1818.551	-2100.523	281.9717	0.64165	0.0857342	0.128149	0.144466	1.584468	1.15914	3.43964	1.649495
8850	-1810.897	-2094.083	283.1863	0.732609	0.0978877	0.12279	0.0467132	1.475888	1.624492	2.416765	1.779823
8856	-1809.276	-2092.29	283.0146	0.83556	0.0213695	0.00591573	0.137154	1.961783	1.554562	2.093845	2.246567
8862	-1817.618	-2099.321	281.7032	0.744688	0.0241975	0.00137024	0.229745	2.606414	1.740936	2.280161	2.830028
8868	-1808.72	-2090.646	281.9253	0.835905	0.0128114	0.00294645	0.148337	2.452269	1.57494	2.309458	2.830028
8874	-1800.578	-2082.267	281.6891	0.714351	0.185472	0.0389417	0.0612353	2.681613	1.455637	2.85485	1.858114
8880	-1814.193	-2095.836	281.6437	0.49399	0.411612	0.0707669	0.0236308	1.585139	1.329953	3.81151	1.108365
8886	-1797.164	-2079.838	282.6741	0.49399	0.411612	0.0707669	0.0236308	1.064882	1.557375	3.254056	1.290962
8892	-1806.357	-2088.411	282.0534	0.506728	0.265099	0.176153	0.0520203	1.540877	1.53857	3.322959	1.386901
8898	-1809.741	-2091.131	281.3902	0.747522	0.029862	0.149848	0.0727681	1.540877	1.265111	3.498739	2.184374
8904	-1803.508	-2087.182	283.6739	0.712998	0.015398	0.163071	0.108532	0.986126	1.449465	2.568207	1.660503
8910	-1809.075	-2093.297	284.2221	0.628144	0.0439961	0.143664	0.184196	0.986126	1.567596	2.223377	1.516733
8916	-1808.074	-2091.819	283.7442	0.551176	0.298421	0.0363026	0.1141	1.261902	1.776957	2.225129	1.516336
8922	-1828.631	-2113.169	284.5387	0.614143	0.306077	0.0583181	0.0214625	1.261902	1.81434	1.749742	1.377736
8928	-1814.596	-2099.726	285.1294	0.669347	0.230251	0.034052	0.0663505	0.9930674	1.83051	1.292822	1.685915
8934	-1795.27	-2080.369	285.0987	0.43802	0.389688	0.0599966	0.112295	0.7988559	1.83051	1.712063	1.306886
8940	-1801.839	-2087.121	285.2817	0.473367	0.350033	0.0614967	0.115103	0.8244773	1.905543	1.599082	1.17053
8946	-1805.172	-2089.277	284.1045	0.509965	0.28915	0.0699535	0.130931	1.372268	1.863244	1.633946	1.918764
8952	-1789.181	-2073.425	284.2437	0.769255	0.0806503	0.0610295	0.0890656	1.1837	1.647575	1.833868	1.8746
8958	-1799.553	-2082.356	282.8029	0.745161	0.0326116	0.107636	0.114591	1.010872	1.6441	2.681339	2.277803
8964	-1795.542	-2077.039	281.4967	0.711332	0.0513399	0.168847	0.0684809	1.560512	1.437661	3.394158	2.024472
8970	-1796.938	-2076.208	279.2704	0.704191	0.0303138	0.167152	0.0983435	1.839667	1.293238	4.42004	2.531229
8976	-1804.848	-2085.508	280.6599	0.608749	0.212345	0.0476203	0.131285	1.355231	0.9766428	4.515296	1.432028
8982	-1796.353	-2078.82	282.467	0.411639	0.436262	0.032201	0.119897	1.246633	1.380817	3.303077	1.432028
8988	-1816.935	-2101.677	284.7417	0.431171	0.433547	0.020998	0.114284	0.6912247	1.398041	1.988916	1.902208
8994	-1799.453	-2081.35	281.8969	0.514351	0.386841	0.0479994	0.0508079	1.97104	1.414497	3.406254	1.162983
9000	-1796.193	-2078.031	281.8374	0.469714	0.353269	0.0251574	0.15186	1.633895	1.518516	3.349986	1.514715
9006	-1796.944	-2079.981	283.0371	0.435639	0.400185	0.0233324	0.140843	1.122685	1.54693	2.716477	1.865891
9012	-1808.888	-2092.057	283.1693	0.376168	0.483011	0.0281589	0.112662	2.046341	1.604508	2.120205	1.83228
9018	-1817.284	-2100.392	283.1079	0.547237	0.371486	0.0162523	0.0650249	1.707343	1.813825	2.130457	1.961366
9024	-1805.936	-2088.903	282.9667	0.551579	0.378997	0.0163813	0.0530435	1.707343	1.569561	2.042881	2.709524
9030	-1815.855	-2099.57	283.7157	0.614545	0.260498	0.0400319	0.0849246	1.010725	1.55142	2.042881	2.550278
9036	-1804.732	-2087.847	283.1155	0.640879	0.105442	0.0934017	0.160277	1.687504	1.525129	1.917093	2.869128
9042	-1818.127	-2100.115	281.9878	0.572922	0.372243	0.0202924	0.0345426	1.515966	1.333643	3.69842	1.013851
9048	-1804.518	-2084.119	279.601	0.58318	0.265696	0.0744222	0.0767014	1.142699	1.161747	4.794606	2.151241
9054	-1806.214	-2087.986	281.7723	0.49788	0.205242	0.229436	0.0674418	1.11342	1.107475	4.03707	1.241177
9060	-1790.648	-2072.12	281.4723	0.696979	0.0945589	0.16386	0.0446016	1.26111	1.145721	4.03707	1.374553
9066	-1806.878	-2088.126	281.2483	0.651385	0.17209	0.153141	0.0233841	1.26111	1.410876	3.975757	1.449369
9072	-1798.021	-2077.248	279.2269	0.679784	0.126217	0.122632	0.071368	2.266293	1.117197	4.477435	2.240447
9078	-1799.468	-2081.36	281.8919	0.535876	0.164212	0.184139	0.115773	1.25631	1.2679	3.681696	1.466652
9084	-1803.441	-2085.976	282.5358	0.5549	0.28567	0.113371	0.046059	0.8389504	1.322771	3.681696	1.152015
9090	-1815.636	-2098.008	282.3718	0.431671	0.331479	0.153512	0.0833382	0.7350418	1.349784	3.814141	1.169351
9096	-1811.081	-2091.023	279.9419	0.686992	0.205955	0.0207375	0.0863156	1.70862	1.127233	4.382211	2.053749
9102	-1810.49	-2091.634	281.1439	0.62381	0.165696	0.106134	0.104359	1.509129	1.17283	3.948739	1.647159
9108	-1801.283	-2083.097	281.8139	0.62572	0.101629	0.106459	0.166192	1.128062	1.392988	3.63593	1.647159
9114	-1804.57	-2086.337	281.7675	0.767122	0.0176438	0.0951643	0.12007	1.492228	1.2827	2.873561	3.286832
9120	-1801.246	-2083.946	282.6992	0.687848	0.0836584	0.0674107	0.161083	1.611522	1.296745	2.807492	1.865805
9126	-1820.462	-2101.005	280.5431	0.62413	0.158944	0.00452393	0.212402	1.28623	1.338552	4.209683	1.865805
9132	-1810.652	-2092.8	282.1471	0.668013	0.20299	0.0583273	0.0706696	1.778619	1.536746	2.873024	1.953959
9138	-1803.594	-2082.378	278.7841	0.620611	0.251806	0.0449419	0.0826411	2.274433	1.127241	4.960437	1.667288
9144	-1811.904	-2093.796	281.8917	0.774021	0.147234	0.0716603	0.00708466	1.442016	1.254317	3.695079	1.269388
9150	-1811.976	-2093.443	281.4675	0.443142	0.462957	0.0724891	0.0214119	1.442016	1.272334	3.760819	1.601787
9156	-1809.84	-2090.222	280.382	0.448758	0.410263	0.109748	0.031231	1.442016	1.253814	3.754876	3.221968
9162	-1819.43	-2100.032	280.6022	0.657664	0.22233	0.0921146	0.0278916	1.756955	1.351822	3.870478	2.02075
9168	-1820.388	-2100.972	280.5842	0.660812	0.152931	0.158232	0.0280251	0.8352032	1.327052	4.440545	1.872412
9174	-1819.401	-2100.687	281.2864	0.652886	0.151097	0.156334	0.0396837	1.369121	1.242256	3.594194	2.344875
9180	-1800.81	-2081.222	280.4122	0.698413	0.161633	0.126015	0.0139387	1.369121	1.266835	4.160904	2.150224
9186	-1811.447	-2094.538	283.0918	0.543028	0.296622	0.150851	0.00949879	1.22752	1.482536	3.039027	1.144804
9192	-1809.874	-2093.243	283.3692	0.520383	0.309229	0.157262	0.0131256	1.15716	1.470434	2.587826	1.764679
9198	-1808.016	-2090.568	282.5525	0.590056	0.223429	0.113628	0.0728873	1.534938	1.392487	3.09198	1.434321
9204	-1801.851	-2086.773	284.9229	0.285704	0.612541	0.0476785	0.0540759	0.1535773	1.809898	2.034938	1.439855
9210	-1801.432	-2087.229	285.7963	0.382501	0.516109	0.060255	0.0411346	0.2294849	1.73822	1.914083	0.8784876
9216	-1800.343	-2086.196	285.8532	0.382501	0.516109	0.060255	0.0411346	0.2052817	1.750994	1.682981	1.130923
9222	-1797.855	-2083.076	285.2216	0.310903	0.489674	0.168626	0.030797	0.19594	1.55469	2.011691	1.505477
9228	-1805.181	-2090.522	285.3413	0.255405	0.623402	0.110307	0.010886	0.1716133	1.857584	1.825393	1.305377
9234	-1792.755	-2077.971	285.2163	0.272301	0.611203	0.112245	0.00425166	0.2095795	1.734652	2.019976	1.306441
9240	-1791.164	-2074.658	283.4944	0.340559	0.546928	0.108407	0.00410628	0.1640453	1.319838	3.250654	1.414294
9246	-1790.995	-2073.747	282.7519	0.501183	0.414212	0.0789958	0.00560872	0.1613061	1.344321	3.721379	1.310182
9252	-1806.275	-2089.156	282.8815	0.451567	0.436088	0.0801888	0.032156	0.1702669	1.231067	3.721379	1.310182
9258	-1813.997	-2096.499	282.5025	0.475563	0.504632	0.0120714	0.00773279	0.1702669	1.412354	3.416653	2.206538
9264	-1802.781	-2085.702	282.9218	0.659661	0.0496345	0.188066	0.102638	0.8451707	1.23594	3.194005	1.754144
9270	-1808.221	-2090.649	282.4274	0.737438	0.0574776	0.114364	0.0907202	1.261851	1.320274	3.194005	1.754144
9276	-1809.881	-2091.569	281.688	0.5525	0.299352	0.0988726	0.0492747	1.399217	1.324287	3.725108	1.401418
9282	-1797.069	-2080.121	283.0511	0.598588	0.258754	0.10712	0.035538	1.399217	1.577096	2.864246	1.229207
9288	-1802.943	-2086.402	283.4586	0.632083	0.282447	0.0479429	0.0375266	1.461888	1.754057	2.470446	1.229207
9294	-1809.976	-2092.57	282.5942	0.808947	0.107726	0.0353005	0.0480269	2.23286	1.694939	2.272287	1.981174
9300	-1809.071	-2091.245	282.1741	0.700564	0.190117	0.0598303	0.049489	1.878135	1.394213	2.784543	2.202494
9306	-1799.028	-2082.561	283.5331	0.703845	0.191007	0.0579445	0.047203	0.8334063	1.412819	2.808884	1.590729
9312	-1808.257	-2092.222	283.9646	0.397811	0.497383	0.00697981	0.0978259	0.1711828	1.61823	3.013029	1.033566
9318	-1796.972	-2081.458	284.4862	0.24822	0.565946	0.00718335	0.178652	0.1997994	1.53895	2.880608	0.8485161
9324	-1801.941	-2082.565	280.6242	0.716125	0.0570671	0.159966	0.0668427	1.525655	0.9322064	4.419743	1.547925
9330	-1811.656	-2093.394	281.738	0.746548	0.0594914	0.166761	0.0271996	1.337454	1.081829	3.690938	1.765773
9336	-1815.043	-2095.712	280.669	0.631567	0.129516	0.192828	0.0460885	1.840847	1.294131	3.940091	1.765773
9342	-1809.931	-2090.401	280.47	0.556287	0.195139	0.169844	0.0787302	1.680208	1.180324	4.254637	1.629784
9348	-1799.87	-2082.833	282.9631	0.759189	0.0814587	0.0533064	0.106046	1.225342	1.51121	2.69266	1.932039
9354	-1812.28	-2093.658	281.3777	0.683164	0.133674	0.0601521	0.12301	1.312152	1.432681	3.242635	2.916263
9360	-1804.018	-2086.158	282.1397	0.544526	0.248616	0.0679344	0.138924	1.138724	1.578022	2.557323	3.596634
9366	-1803.999	-2087.03	283.0316	0.502572	0.26221	0.106374	0.128844	1.185538	1.562657	2.498097	2.247468
9372	-1803.828	-2084.789	280.9612	0.520581	0.271606	0.074352	0.133461	1.802858	1.202524	3.955072	1.527713
9378	-1791.355	-2073.415	282.0597	0.679362	0.0972306	0.0874349	0.135972	2.709155	1.507235	2.295104	2.499444
9384	-1800.817	-2083.294	282.4773	0.518447	0.175766	0.205135	0.100652	1.216297	1.554476	2.353428	3.480108
9390	-1815.074	-2097.195	282.1203	0.831931	0.0797076	0.0427168	0.0456446	2.3034	1.656903	1.909446	3.584617
9396	-1810.464	-2093.545	283.081	0.73537	0.10613	0.106797	0.051703	1.430117	1.593204	1.98122	3.016724
9402	-1790.081	-2073.539	283.4577	0.624559	0.219512	0.0489899	0.106939	1.030074	1.474701	2.365531	2.280454
9408	-1811.972	-2095.904	283.9313	0.597968	0.242647	0.0411753	0.11821	1.021028	1.347758	2.365531	1.825209
9414	-1810.224	-2092.469	282.2453	0.612832	0.248678	0.0215648	0.116925	1.367933	1.477427	3.041909	1.990439
9420	-1797.941	-2079.064	281.1226	0.586255	0.127355	0.167408	0.118982	2.295855	1.238511	3.587876	1.614649
9426	-1813.396	-2092.5	279.1042	0.681704	0.0632014	0.22177	0.0333247	1.137478	1.327148	4.646697	3.073447
9432	-1787.691	-2067.712	280.0211	0.629192	0.0394322	0.204686	0.12669	1.390958	1.361692	3.961729	3.115026
9438	-1790.177	-2069.844	279.6673	0.609517	0.0694685	0.198286	0.122728	1.117946	1.212109	4.150718	3.894838
9444	-1791.297	-2071.203	279.9062	0.681695	0.0395909	0.199352	0.0793617	1.239389	1.184503	4.807575	1.583261
9450	-1803.736	-2083.421	279.6846	0.75301	0.0412287	0.116682	0.089079	1.39517	1.236245	4.415537	2.564409
9456	-1807.386	-2088.606	281.2197	0.75301	0.0412287	0.116682	0.089079	1.39517	1.182187	3.565419	2.572486
9462	-1798.762	-2078.277	279.515	0.80137	0.075765	0.0976396	0.0252256	1.637018	1.47441	3.976706	3.388068
9468	-1795.23	-2076.163	280.9329	0.690742	0.0741051	0.168649	0.0665039	1.110806	1.270665	3.976706	2.205173
9474	-1797.582	-2078.233	280.6512	0.712183	0.142239	0.0270955	0.118482	1.407559	1.27719	3.976706	2.205173
9480	-1797.914	-2078.516	280.6017	0.659607	0.099228	0.0781936	0.162971	1.464596	1.000899	4.524313	1.3435
9486	-1801.55	-2082.123	280.5728	0.668433	0.12005	0.147693	0.0638238	1.31433	0.9917367	4.656052	1.274767
9492	-1803.38	-2084.813	281.4325	0.690225	0.123964	0.152508	0.0333029	1.31433	1.347627	3.725003	1.768054
9498	-1805.606	-2088.134	282.5278	0.765803	0.0562095	0.103044	0.0749432	1.096615	1.43579	3.118075	1.840832
9504	-1815.849	-2096.783	280.9341	0.756903	0.0502145	0.112955	0.0799281	2.337671	1.427933	3.168913	2.538663
9510	-1819.726	-2102.061	282.3357	0.666573	0.207996	0.0803648	0.0450656	1.181582	1.406088	3.232978	1.773215
9516	-1832.686	-2114.569	281.8827	0.640995	0.0576563	0.183876	0.117472	1.361311	1.388505	3.232978	2.175656
9522	-1813.644	-2096.663	283.0195	0.754638	0.0896402	0.0832611	0.0724612	1.520981	1.586578	2.332197	2.175656
9528	-1807.728	-2090.174	282.4456	0.697112	0.112656	0.120243	0.0699885	1.575069	1.297701	3.155253	1.504762
9534	-1800.725	-2082.381	281.6555	0.733979	0.0441564	0.126603	0.0952616	1.490932	1.167568	3.414429	2.21153
9540	-1793.29	-2075.179	281.8887	0.781156	0.0298764	0.0958391	0.0931283	2.179319	1.578759	2.559718	2.555401
9546	-1812.908	-2095.785	282.877	0.79326	0.0407299	0.0680561	0.0979538	2.179319	1.493889	1.937078	2.652467
9552	-1804.798	-2088.195	283.3977	0.812336	0.034201	0.0696926	0.0837706	1.133746	1.628192	2.078663	2.652467
9558	-1798.98	-2080.839	281.8593	0.674206	0.190821	0.0433573	0.091616	1.90267	1.495194	2.952086	2.089505
9564	-1809.162	-2092.417	283.2549	0.617258	0.148205	0.0847435	0.149793	1.523189	1.702458	1.742042	2.99287
9570	-1802.51	-2085.884	283.3739	0.738571	0.106439	0.0290981	0.125893	1.475549	1.519373	2.054917	2.43404
9576	-1801.38	-2084.882	283.5019	0.660803	0.187156	0.0168275	0.135213	1.618809	1.591169	1.608125	2.945391
9582	-1812.865	-2091.055	278.1898	0.832355	0.043993	0.0884521	0.0351995	1.289845	1.263911	4.128616	7.041554
9588	-1805.693	-2081.217	275.5242	0.812043	0.0561819	0.0862936	0.0454811	1.465984	1.064031	6.54723	3.21828
9594	-1801.474	-2078.339	276.8659	0.578763	0.125912	0.193396	0.10193	2.00979	1.094964	5.552617	3.240532
9600	-1796.886	-2076.986	280.0996	0.464977	0.348975	0.0982111	0.0878367	1.152077	1.136493	4.744864	1.642392
9606	-1796.252	-2076.711	280.4593	0.43729	0.38607	0.0845201	0.09212	1.152077	1.112776	4.744864	1.258861
9612	-1803.677	-2082.729	279.0518	0.567292	0.288381	0.0690588	0.0752685	1.152077	1.019257	5.243198	1.981929
9618	-1793.747	-2072.111	278.3647	0.350663	0.494516	0.0915785	0.0632424	0.8922609	1.131884	5.891933	1.547126
9624	-1807.011	-2086.098	279.0865	0.315279	0.475166	0.152693	0.0568609	2.044776	1.00328	5.025238	1.513417
9630	-1800.8	-2080.643	279.8427	0.543431	0.333767	0.082862	0.0399403	1.792915	1.067399	4.771837	1.318905
9636	-1809.279	-2090.288	281.0095	0.498137	0.412647	0.0601995	0.0290167	1.695749	1.172327	3.794446	1.959414
9642	-1803.105	-2085.366	282.2616	0.498963	0.307907	0.0527709	0.140359	1.397296	1.427597	2.710712	2.801324
9648	-1813.947	-2096.138	282.1912	0.767709	0.130718	0.0195796	0.0819938	1.310591	1.389697	2.974074	2.420146
9654	-1811.982	-2093.245	281.2628	0.493898	0.332598	0.0924986	0.0810048	1.217016	1.255194	3.941073	1.7386
9660	-1806.951	-2089.665	282.714	0.650691	0.0601879	0.202341	0.0867802	1.448213	1.575968	2.754856	1.779497
9666	-1815.778	-2097.244	281.4652	0.581503	0.171578	0.198598	0.0483215	1.448213	1.22993	3.866279	1.43404
9672	-1805.87	-2086.372	280.5027	0.76521	0.0486818	0.127422	0.0586853	1.450955	1.237465	3.856656	2.741384
9678	-1812.703	-2093.686	280.9834	0.736443	0.0243868	0.122632	0.116538	1.181107	1.272972	3.394042	3.653735
9684	-1819.453	-2101.198	281.7451	0.520331	0.0926442	0.339254	0.0477714	1.284466	1.167767	3.884969	1.318556
9690	-1805.11	-2085.873	280.7636	0.567747	0.198397	0.18011	0.0537455	1.284466	1.239529	4.067146	2.037708
9696	-1824.484	-2103.361	278.8778	0.563035	0.175435	0.138218	0.123313	0.9223633	0.9492977	5.605841	1.741783
9702	-1816.627	-2094.285	277.6575	0.583218	0.145968	0.143081	0.127733	1.25831	0.9040333	6.152827	1.66469
9708	-1803.087	-2084.292	281.2058	0.533276	0.186952	0.130829	0.148943	1.332814	1.114654	4.232434	1.252169
9714	-1808.167	-2088.4	280.2327	0.598333	0.229602	0.0076348	0.16443	1.320274	1.363712	4.298581	1.992841
9720	-1811.575	-2090.746	279.1709	0.552617	0.234089	0.0614269	0.151867	1.376788	1.253031	5.085371	1.633397
9726	-1807.765	-2089.68	281.915	0.338168	0.556981	0.0685077	0.036343	0.9448916	1.18355	4.231168	0.843305
9732	-1796.054	-2076.863	280.8091	0.502821	0.447408	0.0325192	0.0172513	1.517164	1.198672	4.121247	1.64685
9738	-1793.959	-2076.314	282.3545	0.689513	0.264146	0.0191991	0.027142	1.196392	1.570118	2.86716	2.331852
9744	-1814.755	-2095.209	280.4535	0.69804	0.161671	0.0929482	0.0473413	2.097392	1.346165	3.600716	2.53487
9750	-1817.333	-2101.044	283.7101	0.440616	0.470105	0.011641	0.0776383	1.723306	1.989476	1.583377	1.97008
9756	-1812.923	-2097.302	284.3783	0.512604	0.387902	0.00917145	0.090323	1.216435	2.079159	1.202222	2.202373
9762	-1807.817	-2091.739	283.9224	0.559917	0.353858	0.00382855	0.0823959	1.390739	1.727251	1.762491	2.078841
9768	-1821.181	-2104.843	283.662	0.610705	0.237703	0.00257181	0.14902	1.390739	1.694566	1.980747	2.042716
9774	-1806.015	-2088.818	282.8023	0.754724	0.0937298	0.0031783	0.148368	1.379479	1.698717	2.209615	2.804263
9780	-1807.44	-2091.655	284.2156	0.66451	0.183629	0.00142128	0.150439	1.109006	1.726906	1.805807	1.954092
9786	-1802.256	-2086.358	284.1018	0.569523	0.300979	0.000563074	0.128935	1.414269	1.803963	1.551986	2.101715
9792	-1821.058	-2104.94	283.8821	0.817735	0.121617	0.0001814	0.0604665	2.086786	1.689771	1.394736	2.101715
9798	-1827.114	-2109.667	282.5529	0.665687	0.273961	0.000180515	0.0601715	2.237285	1.854699	1.629472	3.254431
9804	-1809.058	-2092.964	283.9058	0.576145	0.347422	0.000127056	0.0763062	0.9568125	1.64934	1.519134	3.408615
9810	-1800.351	-2083.635	283.2848	0.597796	0.326212	0.000149022	0.0758436	1.32232	1.637319	1.930003	2.892354
9816	-1801.495	-2083.293	281.7981	0.631261	0.334234	0.000851822	0.0336531	1.564144	1.547344	2.833566	2.797433
9822	-1816.644	-2100.273	283.6286	0.555493	0.424742	0.000711154	0.0190542	1.416874	1.46507	2.661396	1.073677
9828	-1810.166	-2093.065	282.8998	0.458152	0.525547	0.000586536	0.0157153	1.36607	1.406861	2.801388	1.754228
9834	-1815.896	-2098.695	282.7988	0.429165	0.555314	0.00178139	0.0137389	0.7463426	1.271975	3.249	1.877949
9840	-1813.202	-2093.52	280.3178	0.299571	0.593696	0.00119116	0.105542	1.599531	1.080224	4.674003	1.152574
9846	-1811.549	-2095.009	283.4598	0.441236	0.473598	0.000973753	0.0841922	1.748393	1.440443	2.642278	1.018108
9852	-1809.416	-2094.018	284.6022	0.463875	0.497897	0.00102371	0.037204	1.069167	1.631075	2.109569	1.130898
9858	-1802.768	-2087.286	284.5175	0.589254	0.279762	0.00130041	0.129684	1.027136	1.631075	1.689925	2.006662
9864	-1818.165	-2101.861	283.6954	0.598847	0.324162	0.00530758	0.0716836	1.213257	1.538568	2.345174	1.689656
9870	-1806.225	-2089.146	282.9212	0.623591	0.337556	0.00507682	0.0337768	1.413296	1.588841	2.345174	2.418451
9876	-1802.612	-2084.794	282.1827	0.718279	0.227422	0.0172803	0.0370194	1.447294	1.579523	2.345174	3.615251
9882	-1797.192	-2079.395	282.2029	0.791371	0.119367	0.0190388	0.070223	1.277957	1.51637	2.380181	3.88323
9888	-1798.58	-2079.496	280.9155	0.777448	0.119133	0.0981583	0.00526006	2.205224	1.319539	3.090373	3.105
9894	-1799.224	-2080.802	281.5771	0.713352	0.10531	0.166215	0.0151234	1.545539	1.32773	2.944619	3.255079
9900	-1819.715	-2099.99	280.2752	0.939498	0.00927822	0.0379164	0.0133074	1.506238	1.578076	2.67224	6.713957
9906	-1806.012	-2087.627	281.6146	0.792437	0.028891	0.0665987	0.112073	1.374176	1.362017	3.137828	2.841935
9912	-1816.554	-2097.467	280.9136	0.744259	0.0945921	0.0120094	0.149139	1.6276	1.3193	3.569667	2.514575
9918	-1811.548	-2092.535	280.9871	0.777416	0.0856516	0.0108743	0.126058	1.27589	1.294276	2.745816	5.793798
9924	-1797.206	-2074.84	277.634	0.757077	0.160902	0.00776203	0.0742594	1.75576	1.191727	4.94437	4.05312
9930	-1799.977	-2078.568	278.591	0.564253	0.314086	0.049723	0.0719378	1.408164	1.189762	4.94437	2.853725
9936	-1801.135	-2083.537	282.402	0.545478	0.275393	0.0404051	0.138724	0.9841679	1.459523	3.01814	2.359894
9942	-1796.388	-2076.915	280.5274	0.493109	0.336577	0.0488364	0.121478	1.50009	1.297194	4.042211	2.078629
9948	-1807.183	-2087.795	280.6118	0.472041	0.265964	0.0644564	0.197539	1.283656	1.297194	4.225711	1.798098
9954	-1798.696	-2079.834	281.1383	0.742037	0.0696997	0.0596393	0.128624	1.079351	1.346798	3.668288	2.625121
9960	-1800.969	-2081.58	280.611	0.649349	0.164181	0.115957	0.0705135	1.060612	1.122562	4.110054	2.625121
9966	-1802.555	-2083.63	281.0756	0.519244	0.227024	0.107898	0.145834	1.682837	1.162088	3.756231	1.987294
9972	-1810.119	-2088.724	278.6052	0.705328	0.0768639	0.0943814	0.123426	1.447084	1.115211	4.570144	4.121494
9978	-1809.538	-2086.718	277.1804	0.854445	0.0338476	0.0448068	0.0669004	1.994528	1.057165	5.575949	2.728747
9984	-1791.808	-2073.963	282.1553	0.501653	0.364872	0.113626	0.0198493	1.160909	1.446993	3.515772	1.390565
9990	-1788.817	-2069.818	281.0011	0.836073	0.0929706	0.0476354	0.0233214	1.527985	1.29249	3.464142	2.833463
9996	-1812.36	-2094.029	281.6691	0.686741	0.111096	0.180839	0.0213233	1.209174	1.299132	3.397237	2.410434
10002	-1806.155	-2085.96	279.8051	0.698561	0.0946079	0.157327	0.049504	1.78047	1.219036	4.306832	2.220037
10008	-1796.799	-2076.163	279.3639	0.694593	0.111164	0.102542	0.0917002	1.450502	1.301087	4.34933	3.086724
10014	-1797.433	-2078.957	281.5238	0.657419	0.232759	0.0869251	0.0228968	1.083025	1.317843	3.184174	3.405024
10020	-1804.942	-2084.968	280.0269	0.656609	0.152254	0.168268	0.0228686	1.700001	1.184215	4.364647	1.916085
10026	-1806.182	-2086.937	280.7557	0.561484	0.209468	0.200326	0.0287227	1.018906	1.000146	4.376061	1.98024
10032	-1808.86	-2090.521	281.6604	0.4805	0.324228	0.124236	0.0710363	1.018906	1.123052	3.9263	1.679284
10038	-1807.58	-2089.745	282.1657	0.679243	0.208444	0.0798704	0.0324427	1.502963	1.576489	2.991456	1.919361
10044	-1824.42	-2105.725	281.3053	0.759168	0.123178	0.0447067	0.072947	2.036779	1.390388	3.396038	1.838224
10050	-1820.181	-2100.667	280.4859	0.762212	0.160664	0.0303222	0.0468017	1.424875	1.155602	3.790711	3.13067
10056	-1821.399	-2102.198	280.7993	0.641234	0.263274	0.0187993	0.0766923	1.388917	1.205297	3.773091	2.640402
10062	-1825.276	-2104.803	279.527	0.496602	0.368447	0.0240967	0.110855	1.992849	1.107152	4.901834	1.198481
10068	-1812.717	-2094.114	281.3975	0.714649	0.111193	0.144305	0.0298539	2.240632	1.212842	3.419032	1.710704
10074	-1793.463	-2073.967	280.5035	0.598669	0.183423	0.143945	0.0739624	1.193285	1.247796	4.316755	1.901922
10080	-1801.587	-2082.272	280.6853	0.698363	0.176699	0.00272445	0.122213	1.174045	1.097794	4.104704	2.399567
10086	-1815.865	-2096.395	280.5302	0.698405	0.119046	0.00478591	0.177762	1.309005	1.084449	3.735894	3.53238
10092	-1811.884	-2093.195	281.311	0.423376	0.278999	0.141984	0.155641	1.240038	1.171901	4.084675	1.455119
10098	-1806.583	-2087.899	281.3156	0.591253	0.198614	0.197144	0.0129888	1.095259	1.230616	4.07138	1.56902
10104	-1811.316	-2092.631	281.3152	0.556649	0.129559	0.311369	0.00242358	2.994268	1.314122	2.928578	2.123525
10110	-1820.433	-2100.52	280.0877	0.513263	0.164134	0.115191	0.207411	1.540202	1.436027	4.615488	1.182844
10116	-1801.157	-2085.714	284.5569	0.417526	0.273383	0.27959	0.0295012	0.8345289	1.452523	2.412628	1.120088
10122	-1788.685	-2071.838	283.1533	0.484917	0.238657	0.244076	0.0323491	1.064556	1.689452	2.772372	1.507196
10128	-1785.318	-2066.112	280.7935	0.438385	0.282233	0.267529	0.0118524	1.552281	1.184155	4.276533	1.331106
10134	-1795.994	-2075.928	279.9342	0.490936	0.272845	0.222946	0.0132732	1.264159	1.203447	4.975145	1.169202
10140	-1781.048	-2062.335	281.287	0.533612	0.0764441	0.324077	0.0658671	1.898664	1.447271	3.279265	2.19159
10146	-1788.636	-2070.496	281.8605	0.649213	0.0421583	0.256497	0.0521318	1.467344	1.54297	3.402262	1.520515
10152	-1793.774	-2075.628	281.8538	0.549425	0.160831	0.217072	0.0726717	1.790921	1.469733	3.125326	1.863147
10158	-1815.891	-2099.75	283.8585	0.521443	0.235219	0.206016	0.0373219	1.100236	1.462947	2.5512	1.332442
10164	-1806.961	-2091.517	284.5558	0.612704	0.101944	0.23167	0.0536819	1.710359	1.679918	1.584924	1.332442
10170	-1818.519	-2099.409	280.8901	0.617925	0.254619	0.10818	0.0192753	0.99721	1.077533	4.309049	1.886552
10176	-1814.188	-2092.106	277.9176	0.554355	0.246901	0.181452	0.0172923	2.434285	1.068368	5.38933	1.716877
10182	-1808.208	-2087.927	279.7195	0.424742	0.316563	0.232649	0.0260456	0.7880446	1.094163	5.110475	1.805511
10188	-1799.851	-2079.604	279.7528	0.633727	0.240377	0.11111	0.0147856	1.212541	1.023683	5.110475	1.347697
10194	-1809.76	-2088.275	278.5157	0.608623	0.223594	0.145307	0.0224754	1.212541	1.057454	5.530469	1.876602
10200	-1807.599	-2087.253	279.6538	0.404721	0.475879	0.094894	0.0245052	1.212541	1.10382	4.93349	1.743943
10206	-1809.269	-2088.967	279.6982	0.513439	0.164467	0.103621	0.218473	1.23145	1.112849	4.666853	2.286426
10212	-1815.105	-2096.543	281.4382	0.579535	0.306311	0.0500921	0.064062	1.298848	1.31814	3.402269	2.590827
10218	-1822.549	-2101.364	278.8156	0.721163	0.0872524	0.126488	0.0650964	1.460729	1.109788	5.135046	2.060956
10224	-1827.545	-2104.697	277.1514	0.696652	0.060801	0.0873399	0.155207	1.882639	1.062195	5.550995	2.979589
10230	-1815.828	-2094.489	278.6601	0.744598	0.0618719	0.0355897	0.15794	1.444632	1.160775	4.788407	3.202274
10236	-1823.253	-2104.567	281.3138	0.51572	0.198981	0.139618	0.145681	1.382211	1.254188	3.77623	1.846489
10242	-1830.165	-2108.966	278.8002	0.657989	0.124674	0.116715	0.100622	1.813203	1.153607	4.692288	2.757542
10248	-1810.021	-2089.917	279.896	0.675225	0.0116539	0.281157	0.0319644	1.096066	1.176796	4.416883	2.757542
10254	-1810.533	-2090.517	279.9846	0.8166	0.014094	0.15361	0.0156958	1.265817	1.127586	4.278176	2.829706
10260	-1819.693	-2100.271	280.5779	0.674194	0.167634	0.119878	0.0382929	1.281812	1.363933	4.011549	2.260523
10266	-1804.46	-2082.172	277.7122	0.730198	0.0714959	0.165023	0.0332837	1.223833	1.057694	5.799216	2.287649
10272	-1789.534	-2067.979	278.4452	0.707039	0.0692283	0.159789	0.0639438	1.954046	1.052445	5.074758	2.247786
10278	-1807.151	-2083.971	276.82	0.786499	0.0594014	0.101263	0.052836	2.205984	1.054848	5.865869	2.247786
10284	-1802.665	-2082.364	279.6982	0.694828	0.0819801	0.0457497	0.177442	1.024099	1.064195	4.712725	2.531446
10290	-1813.195	-2091.069	277.8741	0.648608	0.14715	0.0391321	0.16511	1.471475	0.9901674	5.905313	1.616243
10296	-1810.96	-2091.931	280.9714	0.687871	0.034413	0.117068	0.160648	1.149282	1.362029	3.809194	2.384286
10302	-1809.966	-2090.417	280.4509	0.784262	0.0232193	0.0752704	0.117248	1.083669	1.19163	3.768215	3.775367
10308	-1817.247	-2097.961	280.7132	0.620483	0.0440533	0.0352274	0.300236	1.768306	1.465223	3.486069	2.641953
10314	-1809.623	-2093.406	283.7824	0.712283	0.134419	0.0371585	0.11614	1.643401	1.651255	1.852932	1.903803
10320	-1825.339	-2109.198	283.8597	0.632173	0.15222	0.11253	0.103078	1.495557	1.673332	1.793884	2.051126
10326	-1815.311	-2099.508	284.1969	0.63755	0.185131	0.105547	0.0717715	1.22475	1.590792	1.750515	2.120809
10332	-1810.013	-2093.298	283.2848	0.528785	0.204184	0.146199	0.120832	1.473069	1.489137	2.744544	1.214278
10338	-1809.013	-2092.129	283.1155	0.594179	0.200493	0.139169	0.0661585	1.473069	1.658339	2.210636	2.264491
10344	-1800.626	-2083.585	282.9593	0.561347	0.155698	0.182586	0.100369	1.502442	1.373684	2.796214	1.586461
10350	-1815.013	-2097.157	282.1439	0.620908	0.0661141	0.201959	0.111019	1.632643	1.375929	3.145832	1.734144
10356	-1818.601	-2097.888	279.2863	0.791672	0.0613403	0.0259527	0.121035	3.621038	1.560166	3.145832	3.884842
10362	-1821.093	-2102.575	281.4812	0.666348	0.0628945	0.155211	0.115546	1.354374	1.247043	3.611337	2.043204
10368	-1807.49	-2088.676	281.1867	0.733937	0.0617321	0.11062	0.093711	1.327771	1.269982	3.611337	2.462058
10374	-1805.461	-2084.468	279.0074	0.722963	0.0608091	0.107758	0.10847	1.456603	1.12006	4.82414	2.580485
10380	-1814.84	-2096.478	281.6377	0.702683	0.0970113	0.0272583	0.173047	1.861108	1.475553	2.912023	2.580485
10386	-1816.842	-2100.054	283.2118	0.674442	0.0159149	0.185544	0.124099	1.057762	1.291745	2.726995	2.032216
10392	-1814.112	-2095.64	281.5283	0.630898	0.148458	0.196529	0.0241147	0.9297378	1.285608	3.555497	2.648138
10398	-1797.332	-2077.365	280.0333	0.740979	0.0661591	0.147798	0.0450639	1.698149	1.110293	4.405876	1.910761
10404	-1799.013	-2079.778	280.7647	0.839585	0.00576048	0.1247	0.0299539	1.357498	1.188166	3.512994	3.536392
10410	-1795.022	-2075.5	280.4782	0.755775	0.00471978	0.135679	0.103826	1.337867	1.155665	4.081183	2.456443
10416	-1807.012	-2087.441	280.4297	0.800606	0.00604145	0.0352987	0.158054	1.147774	1.077948	4.299732	2.33661
10422	-1792.75	-2073.007	280.257	0.811964	0.00673321	0.0210068	0.160296	2.145698	1.204409	3.534633	3.212165
10428	-1806.578	-2084.919	278.3413	0.856188	0.0230099	0.016862	0.10394	3.02774	1.081383	4.023649	4.391381
10434	-1802.021	-2083.41	281.3889	0.626535	0.0283951	0.063061	0.282009	1.75636	1.336189	3.217885	2.518408
10440	-1809.084	-2092.75	283.6659	0.706152	0.0170179	0.114807	0.162023	0.9980347	1.507422	2.393245	1.934682
10446	-1806.57	-2089	282.4299	0.727617	0.0138935	0.149811	0.108678	1.56477	1.678536	2.758314	1.875512
10452	-1796.628	-2080.503	283.8749	0.717392	0.0140871	0.120458	0.148063	1.002653	1.593237	1.869166	2.651077
10458	-1798.206	-2081.234	283.0283	0.762689	0.0430782	0.11539	0.078842	1.69573	1.660057	1.989942	2.611376
10464	-1795.303	-2079.695	284.3916	0.752371	0.0514822	0.137902	0.0582451	0.922865	1.653399	1.811188	2.05397
10470	-1800.379	-2084.678	284.2988	0.781603	0.0511075	0.141236	0.0260543	0.9890631	1.481557	2.167252	1.626894
10476	-1796.043	-2078.382	282.3391	0.666922	0.1206	0.197698	0.0147799	1.540811	1.314488	3.085192	1.79076
10482	-1794.879	-2076.637	281.758	0.619605	0.143096	0.234574	0.00272481	0.9321693	1.21206	4.004198	1.403119
10488	-1804.327	-2083.374	279.0466	0.619149	0.142991	0.234402	0.00345857	2.048906	1.093198	4.166739	3.746963
10494	-1799.711	-2076.079	276.3677	0.638127	0.167676	0.191373	0.00282369	1.733496	1.017674	6.263843	2.417285
10500	-1808.003	-2085.881	277.8784	0.75477	0.0970582	0.138892	0.00928005	1.77388	1.068532	5.287042	2.70683
10506	-1794.993	-2073.757	278.7642	0.622102	0.127593	0.208296	0.0420084	1.762077	0.986991	4.90372	2.547016
10512	-1810.606	-2090.429	279.8235	0.700625	0.0565805	0.238432	0.00436241	1.378266	1.004358	4.90372	1.540213
10518	-1812.801	-2090.917	278.116	0.624818	0.151692	0.220562	0.00292758	2.257561	1.078144	5.124775	2.235382
10524	-1813.146	-2091.964	278.8186	0.668184	0.056223	0.265037	0.010556	2.073382	1.245223	4.646075	2.411892
10530	-1809.599	-2086.581	276.9818	0.66111	0.0329866	0.262232	0.043672	2.325777	1.064734	5.670662	2.392871
10536	-1819.114	-2100.29	281.1761	0.70158	0.103661	0.13941	0.0553495	2.211179	1.329576	3.433545	1.837087
10542	-1810.55	-2092.068	281.5179	0.747908	0.0214256	0.148616	0.0820502	2.204015	1.472549	3.02701	2.111148
10548	-1806.524	-2088.099	281.5752	0.701989	0.173513	0.0494991	0.0749992	1.983562	1.432854	2.76119	2.995863
10554	-1793.137	-2076.243	283.1062	0.701989	0.173513	0.0494991	0.0749992	1.311197	1.50863	2.458911	2.142682
10560	-1806.092	-2089.674	283.5824	0.679789	0.0791628	0.117343	0.123705	1.269921	1.477314	2.458911	1.618447
10566	-1811.943	-2094.286	282.3422	0.556345	0.102157	0.151427	0.190071	1.22576	1.561594	2.640806	2.891255
10572	-1803.635	-2087.465	283.8299	0.82411	0.0744779	0.0422835	0.0591291	1.500934	1.736848	2.058099	1.512746
10578	-1810.156	-2093.506	283.3499	0.640412	0.136172	0.151367	0.0720494	1.508483	1.714188	2.213137	1.827498
10584	-1818.95	-2101.547	282.5971	0.732844	0.0901848	0.0636947	0.113277	1.570888	1.412797	2.861468	1.778598
10590	-1823.463	-2104.607	281.1442	0.755312	0.0390394	0.147434	0.0582154	2.064693	1.336981	3.082364	2.886808
10596	-1816.98	-2098.345	281.3651	0.848491	0.0316957	0.0578675	0.0619462	1.243147	1.066084	3.913463	1.878494
10602	-1806.487	-2087.113	280.626	0.711586	0.0486604	0.0663983	0.173355	1.335973	1.139465	4.202967	1.973555
10608	-1817.18	-2098.857	281.677	0.542463	0.274766	0.0506174	0.132153	1.439681	1.1931	3.681549	1.61263
10614	-1828.671	-2111.724	283.0531	0.441796	0.351029	0.057376	0.149799	1.111465	1.338267	3.25951	1.065007
10620	-1825.816	-2108.082	282.2655	0.666061	0.158066	0.0907368	0.0851358	1.979757	1.197264	3.25951	1.26032
10626	-1800.79	-2080.005	279.2147	0.778973	0.0380502	0.0600649	0.122912	1.921997	0.9660202	4.821976	1.968456
10632	-1824.01	-2104.26	280.2502	0.65673	0.0577933	0.248669	0.0368079	1.017544	0.9956692	4.821976	1.622487
10638	-1808.812	-2089.261	280.4484	0.753283	0.0431434	0.115216	0.0883573	1.280471	1.170761	4.251764	2.123083
10644	-1820.053	-2102.657	282.6037	0.612098	0.20747	0.0103083	0.170124	1.758447	1.26558	3.124714	1.252769
10650	-1812.05	-2093.113	281.0622	0.692923	0.0517673	0.0742339	0.181076	1.966082	1.456249	3.158801	2.7391
10656	-1805.969	-2087.766	281.7969	0.596871	0.214775	0.0453387	0.143016	1.131506	1.298876	3.25302	2.701594
10662	-1811.634	-2093.646	282.012	0.59289	0.232981	0.0450363	0.129093	1.786447	1.342069	3.357951	1.360412
10668	-1827.156	-2108.708	281.5518	0.638796	0.181757	0.0309959	0.148452	1.37276	1.537599	3.483791	1.835415
10674	-1818.483	-2103.039	284.5551	0.279146	0.571239	0.0603318	0.0892835	0.1789779	1.691834	2.555245	1.134351
10680	-1805.654	-2089.815	284.1605	0.40097	0.395518	0.0911414	0.11237	0.2158785	1.629254	2.856925	1.133178
10686	-1796.352	-2079.582	283.2299	0.475462	0.308762	0.0825298	0.133246	0.1553604	1.348156	3.396017	1.382014
10692	-1802.589	-2086.484	283.8955	0.421447	0.273685	0.0995352	0.205333	0.1290484	1.348156	2.955042	1.382014
10698	-1814.424	-2096.903	282.4791	0.417811	0.346631	0.137	0.098558	0.1234537	1.295146	4.142813	0.7772724
10704	-1812.844	-2095.753	282.9095	0.493004	0.261785	0.128916	0.116296	0.1930952	1.370211	3.455116	1.681651
10710	-1804.181	-2087.406	283.2249	0.57797	0.262459	0.129248	0.0303229	0.2066822	1.266074	3.311355	1.737111
10716	-1817.868	-2100.848	282.9805	0.545527	0.308358	0.102737	0.0433779	0.2221934	1.021699	3.77898	1.376729
10722	-1816.473	-2099.968	283.4947	0.400801	0.334725	0.150591	0.113883	0.2024993	1.24417	3.46912	1.145785
10728	-1820.177	-2104.035	283.8581	0.399946	0.358857	0.189257	0.0519412	0.2224503	1.229034	3.26298	1.160746
10734	-1796.069	-2079.124	283.055	0.213674	0.643268	0.123739	0.0193191	0.2146283	1.319583	3.753448	1.02522
10740	-1813.624	-2095.656	282.0324	0.178016	0.588757	0.113254	0.119973	0.2146283	1.290036	4.476194	0.8124238
10746	-1796.644	-2081.04	284.3957	0.242993	0.556887	0.0866403	0.113479	0.1744188	1.26114	2.983046	1.014545
10752	-1796.006	-2077.935	281.9288	0.265006	0.54385	0.0705728	0.120572	0.1744188	1.199197	4.347498	1.196535
10758	-1799.159	-2079.668	280.5094	0.290904	0.596998	0.0774695	0.0346294	0.2433726	1.12447	5.209054	1.196535
10764	-1803.317	-2087.692	284.3754	0.160998	0.674263	0.116875	0.0478645	0.2720463	1.357613	3.028623	0.9097294
10770	-1796.645	-2080.993	284.3482	0.505365	0.398549	0.0551793	0.0409074	0.2083293	1.493445	2.703978	1.341787
10776	-1807.365	-2091.489	284.1239	0.330601	0.544085	0.0719633	0.0533503	0.20277	1.548383	2.921547	1.135576
10782	-1815.898	-2100.152	284.254	0.197732	0.600944	0.0950058	0.106317	0.20277	1.445766	3.003288	0.9696596
10788	-1823.164	-2105.198	282.0339	0.240864	0.620647	0.0286857	0.109803	0.20277	1.095414	4.476607	0.9925834
10794	-1821.318	-2103.543	282.2256	0.172085	0.672542	0.0610065	0.0943664	0.2894342	1.285599	4.091939	1.313763
10800	-1818.493	-2099.837	281.3435	0.701266	0.15033	0.0188594	0.129545	1.476913	1.262361	3.162684	3.243289
10806	-1834.757	-2115.827	281.0695	0.54951	0.21008	0.0292857	0.211125	1.26151	1.267082	3.853874	2.119854
10812	-1824.245	-2107.688	283.4435	0.277398	0.66195	0.0447409	0.0159106	0.1706037	1.182778	3.71726	0.7959414
10818	-1816.801	-2098.869	282.0675	0.243993	0.582235	0.122844	0.0509289	0.18584	1.071836	4.573541	0.7988315
10824	-1808.016	-2089.499	281.4823	0.256033	0.572962	0.120887	0.0501178	0.2017837	1.037385	4.733106	1.147172
10830	-1819.51	-2099.811	280.3013	0.368266	0.555439	0.0164122	0.0598827	0.2124348	1.058275	5.355024	1.196544
10836	-1836.501	-2117.275	280.7736	0.27716	0.585665	0.0791616	0.0580138	0.170472	1.206819	4.967512	1.233346
10842	-1818.471	-2100.652	282.1804	0.379911	0.487793	0.0527752	0.0795211	0.2691022	1.233625	4.355591	0.938184
10848	-1807.461	-2091.113	283.6511	0.146821	0.616324	0.0666811	0.170174	0.1517152	1.346052	3.39376	0.938184
10854	-1816.099	-2100.615	284.5162	0.584585	0.207899	0.0584215	0.149095	0.1649114	1.507554	2.209538	2.015029
10860	-1809.689	-2094.573	284.8845	0.51027	0.357603	0.0476676	0.0844587	0.1333464	1.471154	2.343961	1.265325
10866	-1811.017	-2094.837	283.82	0.587112	0.221241	0.10093	0.0907161	0.1477792	1.730167	2.343961	2.328913
10872	-1818.575	-2101.065	282.4896	0.332164	0.406681	0.231923	0.029232	0.1383647	1.322871	3.60401	1.815515
10878	-1811.002	-2094.017	283.0148	0.418752	0.353953	0.201853	0.0254419	0.1824898	1.473737	3.350077	1.631162
10884	-1815.304	-2099.668	284.3643	0.394135	0.460559	0.135742	0.00956427	0.1849696	1.760122	2.47262	1.419135
10890	-1815.189	-2099.708	284.5187	0.524117	0.378657	0.0429518	0.0542742	0.1929124	1.597795	2.483031	1.419135
10896	-1813.526	-2098.17	284.6443	0.573723	0.274635	0.0593046	0.0923382	0.1755099	1.410757	2.483031	1.464739
10902	-1810.209	-2093.824	283.6151	0.692803	0.166331	0.0145498	0.126316	0.1510697	1.467165	2.833254	1.900598
10908	-1807.794	-2091.725	283.9315	0.622296	0.149403	0.0170524	0.211248	0.1690557	1.405091	2.596	2.127246
10914	-1800.689	-2083.689	283.0004	0.679334	0.143734	0.020882	0.15605	0.1053507	1.263048	3.07693	2.216333
10920	-1808.657	-2091.724	283.0677	0.611656	0.210657	0.0260627	0.151624	0.1499055	1.28635	3.457712	1.502417
10926	-1798.566	-2081.753	283.1871	0.612705	0.184647	0.0228448	0.179803	0.1499055	1.327521	3.322269	1.58506
10932	-1795.877	-2079.463	283.5863	0.541791	0.301755	0.0935265	0.0629269	0.1499055	1.435867	3.069134	1.490692
10938	-1795.544	-2078.226	282.6812	0.517682	0.315219	0.116035	0.0510643	0.1432718	1.442522	3.542738	1.580901
10944	-1787.831	-2071.647	283.8158	0.603881	0.306164	0.0247406	0.065214	0.1918389	1.650865	2.73957	1.694886
10950	-1792.643	-2077.06	284.4169	0.614831	0.327852	0.0265825	0.0307349	0.1918389	1.624302	2.73957	1.054288
10956	-1804.825	-2088.439	283.6141	0.472937	0.439556	0.0424372	0.0450699	0.2012408	1.529113	3.082017	1.417884
10962	-1794.807	-2079.302	284.4945	0.15127	0.76707	0.0658813	0.0157784	0.2050253	1.621775	2.844139	0.8227014
10968	-1788.82	-2073.184	284.3638	0.202807	0.733831	0.0482666	0.0150947	0.1552633	1.545147	2.717624	1.16828
10974	-1791.647	-2074.017	282.3698	0.33308	0.533557	0.101357	0.0320054	1.569295	1.423346	3.409167	0.9937804
10980	-1797.946	-2079.731	281.7846	0.3638	0.53916	0.0646989	0.0323415	1.301268	1.345792	3.736866	1.345412
10986	-1822.325	-2104.77	282.4458	0.474222	0.445199	0.0553992	0.0251796	1.020348	1.330041	3.395904	1.58512
10992	-1818.702	-2100.416	281.7137	0.608645	0.346168	0.041651	0.00353647	1.545603	1.493105	3.334759	1.817689
10998	-1807.984	-2089.551	281.5674	0.481757	0.375176	0.0956844	0.0473817	1.121811	1.397368	3.962349	1.28176
11004	-1797.005	-2079.037	282.0321	0.455325	0.354592	0.144323	0.0457598	1.29122	1.589451	3.31566	1.623246
11010	-1819.689	-2102.372	282.6826	0.59616	0.193972	0.173636	0.0362324	1.747768	1.422999	3.056395	1.132968
11016	-1819.594	-2103.168	283.5742	0.588028	0.197877	0.177133	0.036962	1.258248	1.56501	2.521064	1.422574
11022	-1809.726	-2094.2	284.4737	0.667299	0.0957901	0.196493	0.040418	0.9863689	1.676735	1.860398	1.741471
11028	-1799.922	-2084.747	284.8257	0.575572	0.0943718	0.169483	0.160573	1.292751	1.679996	1.527256	1.523946
11034	-1811.188	-2094.726	283.5379	0.624975	0.147356	0.161841	0.0658281	1.292751	1.390854	2.64975	1.389884
11040	-1803.603	-2087.174	283.5714	0.701555	0.0437755	0.180775	0.0738942	0.8701402	1.22961	3.031997	1.291222
11046	-1809.331	-2091.81	282.4787	0.701417	0.0452658	0.179815	0.0735019	1.48508	1.453419	3.031997	1.616623
11052	-1817.036	-2100.42	283.3844	0.682836	0.0600034	0.238359	0.0188019	1.115046	1.426256	2.652178	1.721512
11058	-1817.166	-2100.675	283.5082	0.467642	0.178964	0.310439	0.042955	1.541985	1.611018	2.320571	1.521354
11064	-1803.765	-2086.916	283.1509	0.536349	0.268179	0.13966	0.0558124	1.541985	1.565314	2.641684	1.395848
11070	-1815.84	-2097.056	281.2157	0.418822	0.39082	0.0934701	0.0968875	1.324486	1.207512	4.189232	1.231747
11076	-1818.712	-2099.693	280.9815	0.433182	0.31591	0.17244	0.0784686	1.324486	1.319801	4.258359	1.231747
11082	-1814.518	-2096.41	281.8924	0.666307	0.156769	0.0512913	0.125632	2.508376	1.46986	2.738592	1.970508
11088	-1811.845	-2095.759	283.9149	0.629327	0.151792	0.0427264	0.176154	0.8247117	1.526561	2.306659	1.994721
11094	-1810.446	-2094.107	283.6608	0.676619	0.163199	0.0402606	0.119921	1.377637	1.644255	2.069497	1.94902
11100	-1798.204	-2082.353	284.1485	0.73032	0.176152	0.0376227	0.055906	1.360734	1.538849	1.809269	1.973949
11106	-1806.79	-2090.385	283.5953	0.695526	0.0958917	0.0542796	0.154302	1.360734	1.64521	1.990603	2.21905
11112	-1791.195	-2071.868	280.6729	0.6274	0.0736051	0.257914	0.0410814	1.515331	1.325255	4.094204	1.718595
11118	-1802.796	-2084.966	282.1701	0.59426	0.235854	0.0746478	0.0952388	1.180884	1.186541	3.485425	1.718595
11124	-1812.529	-2094.931	282.4014	0.660414	0.262109	0.0535431	0.0239341	0.8844676	1.472019	3.545645	1.337366
11130	-1807.066	-2090.19	283.1236	0.560261	0.248802	0.159102	0.0318349	1.559139	1.440866	2.934063	1.031268
11136	-1802.592	-2084.411	281.8186	0.418374	0.359221	0.118809	0.103596	0.9337585	1.396157	3.919066	1.295002
11142	-1810.263	-2091.254	280.9903	0.513047	0.367377	0.021398	0.0981784	1.017816	1.12543	4.643901	1.017267
11148	-1808.717	-2090.072	281.3557	0.522284	0.313035	0.0647352	0.099946	0.9664726	1.15262	4.3047	1.29048
11154	-1805.888	-2086.676	280.7886	0.587353	0.265937	0.0343123	0.112398	1.186357	1.050784	4.367616	1.685849
11160	-1799.49	-2076.97	277.4797	0.657038	0.221027	0.0285178	0.0934167	1.837385	1.100073	5.685839	2.107762
11166	-1803.734	-2085.898	282.1644	0.574221	0.197009	0.134272	0.0944982	1.415005	1.341044	3.460224	1.344366
11172	-1804.982	-2085.884	280.9024	0.577636	0.144004	0.0867879	0.191573	1.415005	1.195239	3.460224	3.344509
11178	-1802.213	-2085.173	282.96	0.54782	0.124082	0.168199	0.159899	1.050082	1.457027	2.990297	1.601171
11184	-1797.194	-2080.005	282.8109	0.606565	0.260082	0.0634148	0.0699378	0.9621527	1.418031	3.177574	1.556107
11190	-1812.909	-2095.506	282.5972	0.541529	0.302402	0.0787763	0.0772929	0.9621527	1.151988	3.78764	0.9485892
11196	-1825.28	-2107.199	281.9193	0.417383	0.421391	0.108523	0.0527031	1.50459	1.435846	3.744995	0.9103102
11202	-1814.554	-2094.728	280.1749	0.82284	0.101108	0.0186179	0.0574334	1.737177	1.093576	4.384377	1.759915
11208	-1812.426	-2091.092	278.666	0.588977	0.227854	0.0323065	0.150862	1.934521	1.152793	5.181222	1.599004
11214	-1822.393	-2103.182	280.7886	0.696642	0.108094	0.067836	0.127429	2.091517	1.197494	3.518515	2.4735
11220	-1816.662	-2098.424	281.7623	0.800807	0.0636648	0.0887869	0.0467413	1.178205	1.298804	3.518515	2.029268
11226	-1800.414	-2082.053	281.6391	0.730555	0.00983575	0.12792	0.131689	1.178205	1.313203	3.42381	2.410154
11232	-1808.444	-2089.555	281.1112	0.734544	0.00988945	0.128618	0.126949	1.29631	1.28207	3.533709	2.811204
11238	-1810.356	-2091.617	281.261	0.714244	0.00818793	0.106489	0.171079	1.368407	1.28207	3.478959	2.620266
11244	-1817.321	-2097.668	280.3466	0.711734	0.0116737	0.106114	0.170478	1.470919	1.300369	3.478959	4.044888
11250	-1809.899	-2090.558	280.6589	0.672108	0.0687403	0.155269	0.103883	1.226046	1.133686	3.911832	2.829216
11256	-1801.927	-2083.471	281.544	0.767918	0.0517162	0.102211	0.0781552	1.177227	1.113193	3.55231	2.523341
11262	-1808.104	-2088.228	280.1246	0.654926	0.188573	0.0871713	0.0693299	1.349122	1.334363	3.908498	3.208489
11268	-1813.084	-2092.133	279.0494	0.64515	0.161004	0.0755143	0.118332	1.958713	1.176685	3.9725	4.39657
11274	-1814.705	-2096.294	281.589	0.542003	0.365733	0.0577318	0.0345314	1.709312	1.381975	3.210129	2.234018
11280	-1810.007	-2091.687	281.6801	0.723445	0.112345	0.0397117	0.124498	1.523957	1.458268	3.078936	2.538138
11286	-1806.704	-2088.701	281.9972	0.693862	0.138144	0.075606	0.0923873	1.223773	1.210833	3.229775	2.456147
11292	-1801.155	-2083.943	282.7888	0.686819	0.194662	0.0227358	0.0957825	1.345757	1.315305	3.229775	1.187807
11298	-1810.496	-2091.142	280.6464	0.644749	0.12978	0.117244	0.108227	1.814119	1.2604	3.871315	2.02107
11304	-1803.507	-2085.771	282.2644	0.637516	0.139543	0.115928	0.107012	1.381767	1.221974	3.142882	2.063761
11310	-1788.702	-2072.071	283.3684	0.620459	0.0852835	0.180645	0.113613	1.268024	1.305066	2.792867	1.440178
11316	-1787.928	-2071.575	283.6476	0.724161	0.09556	0.132866	0.0474132	1.53629	1.45151	2.116601	1.943245
11322	-1798.267	-2081.373	283.1059	0.648466	0.124523	0.169028	0.0579822	1.555507	1.575631	2.370357	1.952378
11328	-1812.707	-2095.362	282.6543	0.750546	0.108584	0.106331	0.0345393	1.463611	1.575631	2.571059	2.239473
11334	-1793.586	-2076.352	282.7656	0.671008	0.0399125	0.189106	0.0999728	1.852374	1.498382	2.300112	2.348073
11340	-1801.282	-2084.946	283.6638	0.645614	0.190005	0.0974578	0.0669228	0.8236668	1.476433	2.864651	1.277012
11346	-1795.519	-2077.714	282.1951	0.677993	0.124441	0.102345	0.0952211	1.393862	1.383062	2.864651	2.58415
11352	-1808.563	-2090.77	282.2074	0.635996	0.116733	0.157948	0.0893229	1.154486	1.309856	3.164825	2.261148
11358	-1810.553	-2091.809	281.2552	0.657468	0.123216	0.163281	0.0560354	0.9377817	1.182364	3.918416	2.261148
11364	-1816.044	-2097.103	281.059	0.528795	0.154596	0.259189	0.0574198	1.414685	1.128592	4.069499	1.647264
11370	-1820.655	-2102.068	281.4127	0.677891	0.0717411	0.0877634	0.162604	1.170286	1.334996	3.469928	2.610858
11376	-1818.278	-2100.051	281.7735	0.555743	0.264998	0.0459535	0.133305	1.387811	1.397513	3.75882	1.176082
11382	-1810.574	-2093.606	283.0321	0.555743	0.264998	0.0459535	0.133305	1.029955	1.39407	3.031899	1.531837
11388	-1812.761	-2094.254	281.4929	0.592542	0.22108	0.0454846	0.140894	1.454501	1.315668	3.607524	1.830247
11394	-1819.026	-2099.818	280.7919	0.557601	0.257365	0.0524485	0.132585	1.119826	1.160066	4.121107	2.190811
11400	-1805.369	-2085.649	280.2798	0.602324	0.14988	0.128343	0.119453	1.624028	1.269895	4.248231	1.825678
11406	-1810.539	-2091.514	280.9746	0.634215	0.157407	0.107927	0.100451	1.709881	1.278523	3.792139	1.857131
11412	-1814.123	-2092.729	278.6056	0.722841	0.0482516	0.114419	0.114488	1.348869	1.179659	5.169008	2.309172
11418	-1814.599	-2091.71	277.1116	0.752768	0.0523887	0.0547412	0.140102	1.332159	0.9949768	5.930241	2.777049
11424	-1797.787	-2079.009	281.2226	0.733923	0.0571346	0.0561478	0.152794	1.332159	1.235309	3.707115	2.215184
11430	-1798.472	-2080.375	281.9023	0.708208	0.0929639	0.0513875	0.147441	0.832135	1.153075	3.707115	2.06433
11436	-1807.008	-2089.025	282.0162	0.715135	0.10543	0.0305523	0.148883	1.73747	1.300149	3.076375	2.036717
11442	-1811.473	-2096.163	284.6902	0.585644	0.256932	0.0870728	0.0703511	1.271911	1.806833	1.70406	1.280473
11448	-1821.455	-2106.014	284.5595	0.585644	0.256932	0.0870728	0.0703511	1.201398	1.741852	1.784226	1.444105
11454	-1797.006	-2081.708	284.7018	0.546609	0.239807	0.147922	0.065662	1.235991	1.813915	1.784226	1.173936
11460	-1797.767	-2082.391	284.6235	0.617003	0.17071	0.141415	0.0708724	1.235991	1.917142	1.766828	1.173936
11466	-1810.483	-2095.623	285.1394	0.450729	0.23704	0.208144	0.104086	1.068689	1.930337	1.375747	1.349968
11472	-1811.955	-2093.293	281.338	0.684537	0.100694	0.0811119	0.133657	0.9681255	1.239461	3.982318	1.878878
11478	-1814.387	-2095.076	280.6893	0.642859	0.113998	0.0918281	0.151315	1.42908	1.302156	3.608736	3.064385
11484	-1811.017	-2092.524	281.5073	0.645961	0.14252	0.0594736	0.152045	1.23974	1.399574	3.608736	1.951233
11490	-1811.679	-2093.62	281.9409	0.619853	0.13676	0.0974872	0.1459	1.652897	1.427099	2.779549	2.784739
11496	-1806.412	-2088.801	282.3889	0.777612	0.0780126	0.030634	0.113741	1.462156	1.41333	2.740483	2.462996
11502	-1801.445	-2084.05	282.6051	0.714193	0.10026	0.03937	0.146178	1.405967	1.231416	3.217409	1.445277
11508	-1827.562	-2109.134	281.5726	0.422246	0.45154	0.0397916	0.0864232	1.075719	1.263239	3.977727	1.445277
11514	-1813.639	-2095.105	281.4663	0.391535	0.491431	0.0368974	0.0801374	1.002684	1.263239	4.180739	1.248397
11520	-1829.394	-2111.498	282.1042	0.565272	0.313552	0.039339	0.0818365	1.142184	1.251765	3.783453	1.17573
11526	-1832.306	-2110.045	277.7395	0.658696	0.0965257	0.0833578	0.16142	1.625691	1.201916	5.57678	2.118799
11532	-1800.946	-2081.14	280.1944	0.74598	0.122133	0.105472	0.0264154	1.034645	0.9978524	4.609741	2.159899
11538	-1795.461	-2075.181	279.7204	0.543768	0.0882515	0.205699	0.162282	1.74377	1.163686	4.255447	2.602884
11544	-1812.863	-2092.632	279.7687	0.807839	0.0452226	0.0552548	0.0916834	2.106434	1.137826	3.906131	3.109316
11550	-1806.234	-2087.418	281.1831	0.761384	0.0324709	0.0576955	0.148449	1.417155	1.408436	3.206544	3.230636
11556	-1813.963	-2092.407	278.4438	0.781905	0.0360116	0.0296329	0.152451	2.195322	1.204109	4.745983	2.636653
11562	-1806.887	-2086.36	279.4727	0.672709	0.0232357	0.0254946	0.278561	1.533805	1.144662	4.824982	1.803088
11568	-1795.489	-2076.859	281.37	0.680288	0.0343722	0.0257818	0.259558	1.777464	1.32962	3.429864	2.018534
11574	-1815.193	-2094.981	279.7877	0.668466	0.12999	0.0138133	0.187731	1.318721	1.100211	4.46518	2.585198
11580	-1814.558	-2093.827	279.2691	0.785105	0.0745981	0.011715	0.128582	1.965286	1.155579	4.490758	2.406817
11586	-1817.002	-2097.676	280.6749	0.763005	0.0559556	0.0113853	0.169654	1.420379	1.433286	3.257419	3.965792
11592	-1810.207	-2093.418	283.2107	0.842725	0.0336901	0.0139519	0.109633	1.68267	1.458205	2.222462	2.138308
11598	-1824.016	-2106.396	282.3803	0.831809	0.0332537	0.0267255	0.108212	1.687217	1.188107	2.812556	2.353605
11604	-1813.192	-2095.629	282.4369	0.277965	0.603637	0.0311611	0.0872367	1.47308	1.422892	3.265456	1.263733
11610	-1816.311	-2098.466	282.1552	0.580571	0.258772	0.0591806	0.101476	1.439392	1.527453	2.997747	2.057906
11616	-1807.621	-2090.854	283.2326	0.63913	0.226798	0.041013	0.0930589	1.39142	1.674271	2.252139	2.089751
11622	-1813.141	-2096.673	283.5313	0.36165	0.530604	0.0020592	0.105687	1.110461	1.547068	2.751383	1.232765
11628	-1822.984	-2104.834	281.85	0.528269	0.257174	0.0144594	0.200097	1.744005	1.333457	3.240933	1.84101
11634	-1842.777	-2127.178	284.4009	0.682193	0.110456	0.0405736	0.166778	1.01023	1.535109	2.045649	1.63738
11640	-1815.354	-2098.119	282.7643	0.563394	0.285545	0.0353219	0.115738	1.965741	1.584873	2.654352	1.402779
11646	-1822.854	-2106.845	283.9911	0.780754	0.0099065	0.0489492	0.16039	1.083696	1.611755	2.206177	1.655587
11652	-1801.962	-2083.885	281.9226	0.77784	0.00944665	0.0316549	0.181058	2.518812	1.427577	2.462417	2.61513
11658	-1810.954	-2091.113	280.1591	0.750089	0.00394553	0.124935	0.121031	2.40992	1.230857	3.715104	2.522394
11664	-1843.353	-2123.217	279.8635	0.524629	0.361659	0.0698482	0.0438638	2.577393	1.092174	4.485905	1.211176
11670	-1816.088	-2097.076	280.9881	0.684125	0.0116722	0.14096	0.163243	1.31787	1.077334	4.061851	1.927029
11676	-1806.533	-2084.879	278.3452	0.649892	0.025308	0.206044	0.118755	2.106375	1.171017	5.132163	1.927029
11682	-1800.376	-2079.179	278.803	0.692829	0.0601868	0.219657	0.027327	1.690705	0.9648465	5.117701	2.053765
11688	-1805.241	-2086.854	281.6131	0.728611	0.0872349	0.144876	0.0392776	1.226683	1.082326	3.819776	1.769548
11694	-1811.078	-2091.325	280.2468	0.557049	0.302835	0.0388726	0.101243	1.30078	1.030996	4.902918	1.123305
11700	-1800.486	-2079.781	279.2948	0.530711	0.328247	0.0370346	0.104008	1.30078	1.107964	5.042343	1.841109
11706	-1808.469	-2086.372	277.9032	0.669972	0.170869	0.0278595	0.1313	1.813193	1.225001	5.640327	1.541536
11712	-1812.507	-2090.484	277.9766	0.627511	0.126518	0.0413382	0.204633	1.131489	1.12803	5.640327	2.349557
11718	-1803.672	-2083.658	279.9865	0.685206	0.0462072	0.045139	0.223448	1.033152	1.122558	4.65478	2.165924
11724	-1819.577	-2100.437	280.8601	0.607382	0.215726	0.00260375	0.174288	1.721023	1.209007	4.004085	1.61581
11730	-1808.287	-2090.572	282.2854	0.414415	0.465264	0.00140447	0.118916	1.125443	1.213233	3.65212	1.283475
11736	-1817.242	-2096.288	279.0462	0.451361	0.365164	0.00326417	0.18021	1.942251	0.9993359	4.637738	2.609875
11742	-1824.116	-2105.043	280.9267	0.418389	0.412034	0.00253169	0.167046	1.628841	1.070664	4.156257	1.475264
11748	-1821.313	-2100.761	279.4477	0.491445	0.384211	0.00188421	0.12246	1.08448	1.199125	5.248682	1.350601
11754	-1828.232	-2109.486	281.2549	0.510218	0.163004	0.100745	0.226033	0.8962299	1.401112	3.978058	1.881551
11760	-1809.012	-2092.814	283.8022	0.562382	0.269009	0.149555	0.0190549	1.154249	1.554978	2.443498	1.426884
11766	-1811.599	-2092.597	280.9985	0.652234	0.257117	0.0724368	0.0182126	1.583448	1.393466	3.977088	1.426884
11772	-1810.236	-2092.122	281.8854	0.463461	0.390856	0.110115	0.0355686	1.583448	1.393466	3.73793	0.9313106
11778	-1807.098	-2087.954	280.8555	0.577447	0.236558	0.147635	0.0383593	1.439949	1.111149	4.150378	1.716483
11784	-1822.143	-2102.895	280.7528	0.781813	0.116385	0.0580252	0.0437765	1.236876	1.097397	4.393006	1.561764
11790	-1809.604	-2089.934	280.3293	0.349163	0.422078	0.0819827	0.146776	1.210552	1.485749	4.393006	1.633032
11796	-1812.693	-2095.017	282.3244	0.553487	0.103174	0.182009	0.161329	1.210552	1.469161	3.253657	1.633032
11802	-1808.644	-2091.03	282.3857	0.601847	0.154727	0.11329	0.130136	1.366883	1.458812	2.892344	2.164014
11808	-1822.323	-2105.598	283.2744	0.691002	0.156815	0.0923126	0.0598708	1.366883	1.626981	2.427849	1.764871
11814	-1819.501	-2102.043	282.5425	0.666256	0.0828037	0.155094	0.0958465	1.258834	1.4805	2.821546	2.215556
11820	-1810.013	-2092.734	282.7211	0.566574	0.220029	0.13189	0.0815065	1.065969	1.352506	3.062987	1.856603
11826	-1811.307	-2093.491	282.1844	0.542985	0.16421	0.190896	0.101908	1.699095	1.637622	2.784972	2.048332
11832	-1812.583	-2095.448	282.8644	0.549039	0.166041	0.193025	0.0918956	1.414096	1.397139	2.784972	1.790943
11838	-1814.993	-2096.759	281.7657	0.627734	0.123014	0.143006	0.106246	2.520436	1.344062	2.894364	1.95503
11844	-1812.476	-2095.043	282.5666	0.624719	0.127226	0.142319	0.105736	1.71322	1.446081	2.894364	1.565454
11850	-1799.151	-2079.43	280.2789	0.679074	0.120464	0.164368	0.0360934	1.603477	1.334359	3.918064	2.569349
11856	-1825.17	-2106.942	281.7715	0.746541	0.133007	0.0286409	0.0918118	1.377897	1.454264	3.060602	2.647099
11862	-1838.139	-2120.822	282.6828	0.609863	0.229163	0.0493467	0.111627	1.377897	1.55097	3.148776	1.164708
11868	-1808.857	-2092.174	283.3166	0.611714	0.229859	0.0464621	0.111965	1.370243	1.423289	2.886351	1.100855
11874	-1808.37	-2091.124	282.7534	0.494636	0.333799	0.0501158	0.12145	1.655284	1.445328	3.135621	0.9798907
11880	-1834.435	-2118.143	283.7087	0.539845	0.303937	0.0456325	0.110585	1.264923	1.629332	2.45038	1.319851
11886	-1823.674	-2106.68	283.0063	0.507369	0.221885	0.215076	0.0556707	0.9908374	1.576615	2.688204	2.100499
11892	-1808.763	-2092.282	283.5197	0.532612	0.357396	0.00611048	0.103882	0.9519905	1.605506	2.580687	1.675713
11898	-1802.864	-2085.539	282.675	0.54125	0.210357	0.0186546	0.229738	1.388104	1.265545	3.180458	1.41594
11904	-1810.231	-2088.251	278.0208	0.588693	0.27637	0.0199736	0.114964	2.916493	1.260317	4.945899	1.96813
11910	-1815.803	-2098.011	282.2079	0.665935	0.181423	0.0225943	0.130048	2.42614	1.365445	2.577713	2.112049
11916	-1804.544	-2086.246	281.7021	0.609677	0.243508	0.0211338	0.12568	1.805867	1.281112	3.13004	2.298356
11922	-1800.207	-2082.01	281.8027	0.616743	0.321879	0.0222034	0.039174	1.485033	1.531519	3.351428	1.688403
11928	-1802.374	-2084.003	281.6282	0.572956	0.252918	0.0847071	0.0894186	1.282093	1.4612	3.60026	1.688403
11934	-1809.241	-2089.99	280.7488	0.645071	0.063396	0.197216	0.0943175	1.499197	1.315168	4.078614	1.688403
11940	-1810.289	-2091.711	281.4214	0.555414	0.197922	0.178963	0.0677012	1.487818	1.525732	3.424554	2.021307
11946	-1818.357	-2098.602	280.2451	0.683447	0.152803	0.091983	0.0717669	1.713221	1.220276	4.632045	1.06367
11952	-1815.89	-2093.734	277.8434	0.620532	0.086018	0.187294	0.106155	1.885275	1.021783	5.849543	1.341801
11958	-1807.241	-2084.117	276.8769	0.623827	0.138835	0.13062	0.106719	1.444738	1.05354	6.185846	2.189403
11964	-1801.446	-2078.588	277.1427	0.614138	0.192743	0.088058	0.105061	1.34984	0.9030178	6.185846	2.146524
11970	-1808.38	-2085.772	277.3923	0.492975	0.221657	0.219333	0.0660351	1.106196	1.034172	6.185846	1.940829
11976	-1816.554	-2094.617	278.0624	0.460439	0.207028	0.204857	0.127676	1.564909	0.8909398	5.850156	1.535217
11982	-1823.433	-2101.79	278.3569	0.633706	0.236425	0.0508836	0.0789854	1.564909	0.8017271	5.850156	1.302931
11988	-1816.082	-2095.009	278.9276	0.662433	0.0912442	0.133967	0.112355	1.06577	1.009783	5.376754	1.949498
11994	-1808.818	-2089.618	280.8001	0.683259	0.0626739	0.138179	0.115888	1.331083	1.008547	4.227989	1.865546
12000	-1820.234	-2101.616	281.3826	0.670759	0.0653299	0.214541	0.0493706	1.821666	1.478203	3.453892	1.713765
12006	-1807.948	-2089.82	281.8721	0.653285	0.0606289	0.238002	0.0480844	1.839161	1.384465	3.266731	1.603457
12012	-1803.475	-2084.962	281.4869	0.573124	0.0730901	0.206512	0.147274	0.9233343	1.271098	3.648836	2.498059
12018	-1808.263	-2089.549	281.2857	0.674717	0.0959315	0.172289	0.0570632	2.205325	1.377432	3.539915	1.432906
12024	-1815.959	-2093.863	277.9046	0.761747	0.0280093	0.104715	0.105529	1.679613	1.082328	5.234627	2.917567
12030	-1808.306	-2087.491	279.1846	0.647238	0.0022306	0.243762	0.10677	1.540378	0.9412087	4.668177	2.910682
12036	-1808.27	-2087.516	279.2458	0.804443	0.00188472	0.148253	0.0454197	1.714508	1.034504	4.668177	2.44362
12042	-1812.737	-2091.993	279.2561	0.747741	0.00825114	0.0908267	0.153181	1.714508	1.136615	4.668177	2.279992
12048	-1816.605	-2096.208	279.6036	0.832245	0.0054871	0.0604008	0.101867	1.696202	1.049736	4.219566	3.143667
12054	-1823.89	-2105.239	281.3488	0.568172	0.164566	0.173176	0.0940858	1.46416	1.14106	3.752058	1.908079
12060	-1820.133	-2100.103	279.9701	0.646515	0.212004	0.0778431	0.0636375	1.12852	1.180333	4.947964	1.346286
12066	-1818.679	-2099.565	280.886	0.653466	0.127895	0.154317	0.0643216	1.762565	1.318039	3.629675	2.244852
12072	-1815.712	-2095.375	279.6624	0.667737	0.172483	0.0107152	0.149065	3.301734	1.439889	3.629675	2.350385
12078	-1814.291	-2093.168	278.8773	0.521332	0.335501	0.00504167	0.138125	0.9394168	1.200098	5.500003	1.649664
12084	-1822.177	-2102.198	280.021	0.472763	0.368053	0.0076578	0.151527	1.006138	1.023107	5.056245	1.381306
12090	-1817.287	-2095.927	278.6404	0.52962	0.227754	0.00543919	0.237186	1.223268	1.218702	5.362859	1.887447
12096	-1823.554	-2104.272	280.718	0.56173	0.236304	0.042766	0.1592	1.87526	1.317568	3.606791	2.416934
12102	-1822.298	-2103.856	281.5579	0.556034	0.233908	0.0524722	0.157586	1.070692	1.111481	3.941593	1.723859
12108	-1819.803	-2100.738	280.935	0.567567	0.218018	0.0535605	0.160854	1.979865	1.167201	3.679695	2.033422
12114	-1829.2	-2111.061	281.8608	0.674661	0.16355	0.105126	0.0566626	1.987302	1.084916	3.525788	1.322843
12120	-1803.251	-2084.093	280.8423	0.677291	0.191944	0.0621427	0.0686215	1.849867	1.345873	3.746868	1.898306
12126	-1807.483	-2089.686	282.2037	0.748691	0.0689342	0.0656996	0.116675	1.599432	1.501809	2.923689	2.008186
12132	-1812.367	-2092.235	279.8681	0.783749	0.0460291	0.0711167	0.0991051	1.341434	1.348071	4.312868	2.465879
12138	-1831.668	-2111.249	279.5819	0.499224	0.0603487	0.287056	0.153371	1.630426	1.140518	4.525332	2.271348
12144	-1812.927	-2094.229	281.3019	0.358205	0.274039	0.332843	0.0349124	1.411372	1.426729	3.485581	2.271348
12150	-1821.044	-2102.037	280.9928	0.64347	0.261274	0.0104782	0.0847777	0.96194	1.176664	3.881879	2.721432
12156	-1817.963	-2100.155	282.1922	0.554919	0.273367	0.0169756	0.154739	1.176121	1.26092	3.135307	2.395727
12162	-1812.41	-2093.54	281.1295	0.591157	0.206057	0.0341378	0.168649	1.605553	1.14626	3.546352	2.538098
12168	-1825.255	-2105.639	280.3842	0.759359	0.112021	0.0205726	0.108047	1.759332	1.217266	3.69134	3.01411
12174	-1817.04	-2098.45	281.4095	0.759389	0.0620399	0.0823298	0.0962411	1.0946	1.207189	3.915337	1.817998
12180	-1805.635	-2088.164	282.529	0.679705	0.15657	0.0736907	0.0900348	0.8263886	1.272112	3.319701	1.963746
12186	-1809.882	-2092.083	282.2016	0.644833	0.179149	0.103883	0.0721347	1.544824	1.169984	3.322715	1.639944
12192	-1804.941	-2086.879	281.9376	0.587807	0.183198	0.135149	0.0938454	1.544752	1.319222	3.322715	1.781312
12198	-1808.079	-2089.47	281.3912	0.804705	0.0902439	0.0373837	0.0676678	1.544752	1.328717	3.467448	2.164429
12204	-1803.727	-2086.707	282.9808	0.713118	0.065995	0.0385487	0.182338	1.185777	1.402609	2.878815	1.707014
12210	-1803.333	-2085.939	282.6059	0.745423	0.0435113	0.0927512	0.118314	1.333184	1.265677	3.06383	1.790998
12216	-1806.971	-2090.324	283.3531	0.696648	0.127829	0.0530415	0.122482	1.679346	1.375069	2.387884	1.725865
12222	-1793.727	-2075.673	281.9455	0.729955	0.106513	0.0351946	0.128338	1.434649	1.031269	3.664545	1.526404
12228	-1806.555	-2090.136	283.5816	0.57852	0.236923	0.0557768	0.12878	1.434649	1.333386	2.414454	1.69972
12234	-1815.465	-2099.08	283.6156	0.640299	0.202196	0.0476013	0.109904	0.9054683	1.466874	2.415374	2.135617
12240	-1809.635	-2093.591	283.9556	0.557606	0.204554	0.14213	0.09571	0.9375601	1.451741	2.415374	1.671944
12246	-1808.087	-2089.332	281.245	0.501359	0.257778	0.125744	0.115119	0.8446512	1.141492	4.33289	1.512029
12252	-1808.718	-2091.798	283.0794	0.622919	0.111843	0.138469	0.126769	1.229858	1.441728	2.871903	1.5065
12258	-1818.083	-2100.588	282.5049	0.695855	0.0415059	0.121027	0.141612	1.250212	1.239282	3.186456	1.787933
12264	-1810.61	-2093.813	283.2031	0.683011	0.108218	0.187553	0.021218	1.37978	1.597296	2.552894	1.629345
12270	-1811.796	-2092.566	280.7699	0.730367	0.141021	0.0228411	0.10577	2.197011	1.440711	3.172332	2.925062
12276	-1804.104	-2084.702	280.598	0.564652	0.363587	0.0294671	0.0422935	1.712722	1.229023	4.188817	1.526488
12282	-1811.3	-2093.185	281.8846	0.292855	0.587781	0.0149014	0.104462	1.245207	1.112825	3.975551	1.099232
12288	-1798.931	-2080.613	281.6821	0.443601	0.43479	0.0151818	0.106428	1.446786	1.246431	3.789354	1.323965
12294	-1802.895	-2087.744	284.8487	0.616194	0.239808	0.00776283	0.136236	1.207167	1.902012	1.560364	1.286978
12300	-1795.761	-2080.722	284.9614	0.514451	0.315475	0.0194669	0.150607	1.226002	1.855663	1.560364	1.19673
12306	-1803.945	-2087.817	283.8724	0.443115	0.350255	0.0394195	0.167211	0.8552139	1.325118	2.763581	1.36072
12312	-1798.773	-2082.89	284.1173	0.536173	0.270197	0.0369394	0.156691	1.223465	1.519719	2.11721	1.618138
12318	-1808.46	-2090.631	282.1705	0.340385	0.372843	0.0944353	0.192338	0.8989119	1.406965	3.420239	1.933968
12324	-1804.644	-2086.125	281.4803	0.328473	0.418735	0.0671852	0.185607	1.189569	1.500462	4.001982	1.122636
12330	-1799.205	-2080.286	281.0802	0.374323	0.44538	0.0901886	0.0901083	1.587862	1.500462	4.027514	1.122636
12336	-1804.585	-2087.717	283.1313	0.458993	0.36715	0.106038	0.0678194	1.191446	1.38431	3.299673	0.8005871
12342	-1792.833	-2075.315	282.4815	0.454186	0.418852	0.0312356	0.095727	1.192161	1.465043	3.299673	1.384744
12348	-1791.713	-2073.786	282.0725	0.463168	0.418735	0.0594342	0.058662	1.398636	1.337241	3.503387	1.384744
12354	-1823.787	-2106.469	282.6819	0.49604	0.181748	0.226835	0.0953777	1.105472	1.238859	3.297015	1.51424
12360	-1808.335	-2088.763	280.4276	0.674023	0.0618881	0.124158	0.139931	1.405563	1.18656	4.058564	2.454542
12366	-1798.891	-2079.302	280.4103	0.608382	0.0584224	0.270665	0.0625298	1.183806	1.20281	4.205424	2.375331
12372	-1795.942	-2075.142	279.2002	0.734803	0.0327007	0.188865	0.0436319	1.821755	1.14233	4.672496	2.218666
12378	-1801.153	-2083.103	281.9504	0.69892	0.0641483	0.213372	0.0235597	0.9848867	1.14233	3.476131	2.350201
12384	-1814.639	-2096.428	281.79	0.624961	0.0888149	0.260111	0.0261129	1.173392	1.30552	3.781504	1.431604
12390	-1805.541	-2089.26	283.7198	0.594605	0.154621	0.226955	0.0238193	1.183482	1.50279	2.5031	1.440158
12396	-1806.406	-2089.406	282.9995	0.609099	0.0844391	0.279835	0.0266266	1.237852	1.315515	3.216978	1.093763
12402	-1815.778	-2099.015	283.2373	0.433827	0.329792	0.199311	0.0370696	1.310186	1.353377	3.060228	1.013769
12408	-1804.438	-2088.488	284.0494	0.356286	0.34976	0.25464	0.0393141	1.318803	1.498304	2.493647	0.9772587
12414	-1819.798	-2103.6	283.8021	0.384452	0.319275	0.218339	0.0779342	1.054943	1.703516	2.373892	1.493638
12420	-1815.388	-2096.159	280.7709	0.544156	0.206603	0.187639	0.0616018	1.953308	1.386049	3.472708	2.489785
12426	-1805.086	-2084.974	279.8886	0.545594	0.287969	0.125301	0.0411362	2.674855	1.473053	3.84992	1.983739
12432	-1791.72	-2075.591	283.8715	0.596685	0.307696	0.0220243	0.0735944	1.015843	1.452979	2.649232	1.247106
12438	-1816.913	-2101.053	284.1392	0.541559	0.282649	0.0404909	0.135301	1.06097	1.563929	2.216864	1.542855
12444	-1804.345	-2086.893	282.5476	0.677436	0.185642	0.0699362	0.0669854	1.06097	1.471221	2.925689	2.245333
12450	-1812.098	-2096.361	284.2633	0.686423	0.183274	0.0641725	0.0661308	1.06097	1.469618	2.245442	1.456881
12456	-1814.572	-2098.362	283.7904	0.500203	0.301293	0.065058	0.133446	0.7658424	1.496518	2.533572	1.808276
12462	-1814.96	-2097.649	282.6887	0.607908	0.216944	0.14969	0.0254588	1.652996	1.681976	2.726874	1.526289
12468	-1807.187	-2090.004	282.8169	0.643521	0.229653	0.0872069	0.0396185	1.381661	1.431204	3.08612	1.257741
12474	-1805.181	-2088.895	283.7145	0.459939	0.368553	0.0965286	0.0749795	0.9310809	1.37186	2.859289	1.225255
12480	-1808.566	-2092.368	283.8018	0.530015	0.30224	0.0715048	0.0962402	1.121745	1.396755	2.652603	1.264964
12486	-1806.13	-2089.77	283.6398	0.537681	0.322938	0.0417492	0.0976321	1.121745	1.396755	2.659117	1.432844
12492	-1808.855	-2090.305	281.4493	0.471988	0.27437	0.106602	0.14704	1.460826	1.153587	4.002677	1.260214
12498	-1807.303	-2087.281	279.9781	0.557283	0.304402	0.0382048	0.100111	1.185801	1.311788	4.854311	1.317588
12504	-1806.741	-2087.528	280.7869	0.4496	0.396522	0.0175216	0.136357	1.239296	1.545439	4.069838	1.66414
12510	-1819.916	-2103.207	283.2914	0.375366	0.298172	0.0679738	0.258488	1.449539	1.764597	2.348733	1.638581
12516	-1792.707	-2074.907	282.2002	0.704968	0.150471	0.0242312	0.12033	1.889403	1.716305	2.61938	2.081403
12522	-1799.253	-2081.89	282.6362	0.52935	0.22359	0.0682585	0.178802	1.790487	1.686718	2.659483	1.580683
12528	-1796.897	-2079.465	282.5685	0.535086	0.227116	0.0390614	0.198737	1.463088	1.422366	2.795752	2.06508
12534	-1813.095	-2096.241	283.1464	0.297899	0.581001	0.0104567	0.110643	0.7819901	1.446571	3.314443	1.104965
12540	-1793.096	-2076.849	283.7535	0.468263	0.436237	0.0124248	0.083075	1.078153	1.416513	2.870951	0.9685553
12546	-1793.998	-2077.007	283.0097	0.491768	0.406997	0.00502173	0.0962134	1.509262	1.44743	2.980991	1.104665
12552	-1795.717	-2077.85	282.1325	0.584044	0.295725	0.00596401	0.114267	1.231362	1.225573	3.35534	1.938909
12558	-1797.757	-2079.205	281.4474	0.743283	0.147787	0.0054034	0.103526	1.081706	1.242752	3.899441	1.776101
12564	-1804.173	-2085.349	281.1763	0.66706	0.203198	0.00227582	0.127466	1.219498	1.403784	3.542626	2.605409
12570	-1788.538	-2069.649	281.1111	0.593766	0.290294	0.00165697	0.114283	1.35479	1.347168	3.819948	1.921912
12576	-1796.79	-2078.299	281.5091	0.491147	0.168576	0.202521	0.137756	1.202564	1.342985	3.819948	1.605243
12582	-1800.247	-2080.339	280.0916	0.498587	0.359759	0.0162421	0.125411	1.017161	1.132316	4.842432	1.605243
12588	-1810.041	-2089.897	279.8559	0.454093	0.327654	0.0147927	0.20346	1.288234	1.057747	4.974036	1.390361
12594	-1804.823	-2088.983	284.16	0.65476	0.181123	0.132821	0.0312958	1.293478	1.698337	1.742945	1.95472
12600	-1800.524	-2084.227	283.7029	0.608968	0.220411	0.118802	0.0518184	1.012323	1.698337	2.228964	1.95472
12606	-1799.527	-2082.082	282.5552	0.535525	0.162777	0.287884	0.0138127	1.362439	1.404073	3.255057	1.28103
12612	-1817.117	-2098.432	281.3153	0.625449	0.242537	0.00499865	0.127015	1.583888	1.405038	3.70449	1.596009
12618	-1826.625	-2111.115	284.4897	0.625657	0.229113	0.000895856	0.144335	1.210471	1.540786	2.040715	1.314001
12624	-1819.773	-2104.193	284.4192	0.58334	0.316524	0.000499455	0.0996362	0.8547723	1.594394	1.625859	2.577605
12630	-1828.109	-2110.419	282.3109	0.579135	0.252566	0.129062	0.0392368	1.331867	1.327803	3.240138	1.713066
12636	-1807.995	-2089.685	281.6903	0.584676	0.254983	0.114081	0.046261	1.36608	1.392401	3.647508	1.508234
12642	-1807.244	-2090.345	283.1018	0.550536	0.290062	0.113832	0.0455697	1.264763	1.465939	2.982679	1.214307
12648	-1802.502	-2083.315	280.8123	0.623145	0.225595	0.0886974	0.0625618	1.796977	1.368429	3.760566	1.931272
12654	-1813.146	-2094.295	281.1483	0.664364	0.20569	0.0575396	0.0724069	1.714444	1.384988	3.341297	2.543251
12660	-1800.702	-2081.794	281.0914	0.55743	0.272605	0.0564825	0.113482	0.8793576	1.512645	3.82384	2.344442
12666	-1796.9	-2076.58	279.6793	0.695539	0.187536	0.0388566	0.0780691	1.639405	1.388971	4.545543	1.752199
12672	-1807.299	-2089.738	282.4389	0.637177	0.219999	0.0870075	0.0558164	1.616331	1.758791	2.110869	3.223746
12678	-1808.689	-2091.825	283.1361	0.657889	0.102494	0.0733847	0.166232	1.616331	1.758791	2.248563	1.856733
12684	-1796.817	-2077.764	280.9471	0.633508	0.164215	0.0120179	0.190259	1.729404	1.355365	3.681292	2.023384
12690	-1796.714	-2076.684	279.9702	0.457205	0.383013	0.0675454	0.0922368	1.414546	1.325539	4.542505	1.715634
12696	-1786.269	-2067.089	280.8194	0.56382	0.379804	0.0147964	0.0415794	1.414546	1.317543	4.332069	1.182202
12702	-1789.199	-2070.005	280.8052	0.46567	0.240499	0.222377	0.0714538	1.34019	1.169435	4.332069	1.432618
12708	-1782.383	-2064.336	281.953	0.516027	0.35335	0.0769481	0.0536745	0.9820791	1.418743	3.797468	1.301334
12714	-1789.542	-2069.796	280.2537	0.675022	0.172002	0.0827635	0.0702124	1.436545	1.310944	4.466386	1.531838
12720	-1791.238	-2073.071	281.8331	0.569343	0.170246	0.234129	0.026282	2.034913	1.511296	2.720167	2.507723
12726	-1799.478	-2082.12	282.6424	0.600871	0.179674	0.095855	0.123599	1.741661	1.570267	2.838103	1.415093
12732	-1807.901	-2091.57	283.6695	0.605634	0.164281	0.170608	0.0594777	1.741661	1.842075	2.018157	1.415093
12738	-1810.155	-2092.733	282.5781	0.57739	0.328222	0.0556782	0.0387093	1.355544	1.406021	3.242391	1.284032
12744	-1808.24	-2089.341	281.1007	0.313732	0.421481	0.24177	0.0230167	1.830952	1.144384	4.017671	1.28758
12750	-1790.892	-2072.537	281.6454	0.641746	0.220027	0.126212	0.0120155	1.120034	1.465816	3.518409	2.037026
12756	-1812.799	-2096.344	283.5448	0.641746	0.220027	0.126212	0.0120155	1.232339	1.446197	2.529011	1.608366
12762	-1813.835	-2097.443	283.6077	0.48124	0.35459	0.14632	0.0178508	0.8220862	1.242654	3.268387	0.8839239
12768	-1809.77	-2092.012	282.242	0.574292	0.28119	0.0447522	0.0997653	1.524121	1.240799	3.217739	1.743235
12774	-1793.257	-2074.865	281.608	0.622551	0.224683	0.0737282	0.0790378	2.191003	1.290003	3.029812	2.246303
12780	-1796.684	-2078.866	282.1823	0.655967	0.154323	0.138624	0.0510856	1.900213	1.536368	2.467793	2.715924
12786	-1816.028	-2099.013	282.9853	0.600348	0.141239	0.0835162	0.174897	1.214166	1.575107	2.20792	2.958815
12792	-1812.164	-2095.884	283.7202	0.479628	0.421714	0.0040222	0.0946361	1.051247	1.501482	2.374055	1.843024
12798	-1809.833	-2093.286	283.4521	0.469149	0.4125	0.0143523	0.103999	1.910432	1.44982	2.610887	0.9403123
12804	-1805.709	-2090.208	284.4987	0.567684	0.289107	0.0173667	0.125842	0.8131124	1.564951	2.129282	1.573654
12810	-1802.642	-2082.843	280.2011	0.679701	0.108601	0.0222363	0.189462	2.178919	1.284023	3.798576	2.405242
12816	-1796.123	-2076.87	280.7468	0.763692	0.0331195	0.0786438	0.124545	2.178919	1.225831	3.552551	2.314522
12822	-1786.67	-2068.286	281.6164	0.747283	0.0287629	0.115792	0.108162	2.152666	1.350981	3.044315	2.153928
12828	-1797.957	-2077.037	279.0796	0.767227	0.103747	0.0179773	0.111049	1.923384	1.187984	4.796922	1.912165
12834	-1786.317	-2068.382	282.0642	0.591407	0.269051	0.0212163	0.118326	1.697197	1.355108	3.417306	1.256804
12840	-1820.182	-2101.647	281.4645	0.754101	0.044717	0.00898159	0.192201	2.072292	1.323479	3.062745	2.451194
12846	-1819.776	-2100.15	280.3734	0.821722	0.0621439	0.0154183	0.100716	1.482737	1.25656	3.864787	2.850922
12852	-1823.752	-2103.719	279.9664	0.742322	0.0561391	0.110555	0.090984	1.482737	1.190573	4.482054	1.95327
12858	-1825.113	-2106.508	281.3951	0.724935	0.0739189	0.10696	0.0941861	0.880234	1.335358	4.043641	1.66509
12864	-1838.223	-2119.907	281.6845	0.843893	0.0113058	0.0454835	0.0993176	1.10462	1.171414	3.666588	2.057408
12870	-1831.143	-2111.562	280.4191	0.837398	0.0201854	0.0240389	0.118377	1.745434	1.181687	3.603834	3.294366
12876	-1827.669	-2107.662	279.993	0.669075	0.0392983	0.0611621	0.230465	1.468415	1.074823	4.462817	2.136089
12882	-1825.163	-2105.366	280.2031	0.770182	0.0293667	0.0409457	0.159505	1.907043	1.200411	3.911237	2.535909
12888	-1806.695	-2084.61	277.9147	0.709125	0.0994631	0.0445519	0.14686	1.03988	0.9174577	5.794133	2.468997
12894	-1806.906	-2087.325	280.4189	0.626598	0.148803	0.0288807	0.195718	1.239045	1.000355	4.394165	2.10456
12900	-1819.936	-2100.061	280.125	0.495693	0.226415	0.0423403	0.235552	1.239045	1.254357	4.022362	3.17661
12906	-1820.975	-2101.306	280.3311	0.36349	0.437215	0.0265648	0.172729	1.231042	1.320812	4.22954	2.195577
12912	-1822.914	-2104.815	281.9001	0.616855	0.16629	0.00395449	0.212901	1.181661	1.472269	3.452579	1.768011
12918	-1823.04	-2103.469	280.4292	0.574619	0.225995	0.00106299	0.198323	1.181661	1.508553	3.975271	2.49594
12924	-1818.384	-2099.016	280.6315	0.710594	0.104232	0.0530819	0.132092	1.85593	1.13823	3.813242	2.305807
12930	-1808.64	-2092.186	283.5457	0.640526	0.314022	0.000670043	0.0447821	1.498525	1.562524	2.478837	1.293251
12936	-1796.348	-2078.894	282.5461	0.561296	0.302798	0.00108784	0.134818	1.448468	1.440853	3.038946	1.57545
12942	-1803.018	-2084.62	281.601	0.507753	0.333209	0.00127301	0.157766	1.300783	1.242752	3.736688	1.679587
12948	-1811.644	-2091.573	279.9293	0.56461	0.334453	0.00072757	0.100209	1.238346	1.50419	4.558735	1.707425
12954	-1808	-2088.533	280.5323	0.636508	0.226049	0.0945097	0.0429331	1.297755	1.168856	4.276767	1.932706
12960	-1809.055	-2091.212	282.1563	0.493284	0.364415	0.129044	0.0132577	0.9518738	1.123344	3.895677	1.249018
12966	-1795.837	-2075.94	280.1024	0.492903	0.281078	0.100005	0.126014	0.9089803	1.020601	4.847328	1.854547
12972	-1813.713	-2094.926	281.2123	0.721756	0.124119	0.0474798	0.106646	1.014073	1.199164	3.996137	2.004325
12978	-1791.968	-2075.107	283.1397	0.743225	0.0667476	0.111182	0.078845	1.097208	1.402496	2.463816	2.527939
12984	-1799.003	-2079.347	280.344	0.616817	0.127119	0.149819	0.106245	1.199826	1.361478	4.270509	2.062836
12990	-1799.572	-2081.915	282.3437	0.657772	0.135559	0.0987805	0.107888	1.427823	1.29952	3.049073	2.009513
12996	-1790.616	-2072.499	281.8827	0.713994	0.0932565	0.12513	0.0676195	1.503011	1.394022	3.329067	1.787685
13002	-1804.457	-2087.339	282.8815	0.53561	0.216559	0.160888	0.0869426	1.817472	1.481994	2.67293	1.482586
13008	-1805.041	-2088.343	283.3025	0.575563	0.263677	0.121044	0.0397168	0.8935869	1.495852	2.974201	1.373795
13014	-1801.175	-2084.618	283.4429	0.460815	0.36579	0.0905681	0.0828274	1.580109	1.626453	2.544192	1.148838
13020	-1812.685	-2096.353	283.6674	0.601423	0.218916	0.0715605	0.108101	1.248656	1.670809	2.472136	1.29821
13026	-1807.687	-2091.138	283.4508	0.475693	0.461648	0.0361109	0.0265472	1.205837	1.409194	2.765303	1.346575
13032	-1817.127	-2096.029	278.9021	0.500327	0.191065	0.147213	0.161394	1.726683	1.109572	5.101156	1.738916
13038	-1809.898	-2091.018	281.1206	0.595905	0.181174	0.030695	0.192226	0.7561685	1.124417	4.28296	1.908745
13044	-1813.648	-2096.039	282.3914	0.605708	0.184154	0.0147501	0.195388	0.9813062	1.462261	3.179469	1.998163
13050	-1808.703	-2089.441	280.7386	0.559754	0.230884	0.0177175	0.191644	1.390355	1.334417	4.182213	1.573143
13056	-1800.719	-2083.805	283.0857	0.632116	0.164238	0.0175775	0.186068	1.480845	1.35718	2.797113	1.477977
13062	-1808.251	-2091.363	283.1117	0.640623	0.130521	0.105164	0.123692	1.728995	1.568374	2.092296	2.352197
13068	-1820.31	-2102.511	282.201	0.673783	0.0466999	0.206974	0.0725431	1.728995	1.420637	2.432722	3.192066
13074	-1819.354	-2102.783	283.4285	0.759266	0.0336316	0.183646	0.0234561	1.027318	1.375772	2.755781	1.62825
13080	-1796.944	-2079.718	282.7746	0.589987	0.143226	0.142702	0.124085	1.511879	1.674578	2.309623	2.464019
13086	-1802.975	-2085.294	282.3199	0.589809	0.156173	0.161398	0.0926203	1.654608	1.607683	2.927446	1.659181
13092	-1819.468	-2101.451	281.9827	0.681684	0.130303	0.126312	0.0617012	1.654608	1.835134	2.285007	3.363534
13098	-1818.667	-2101.212	282.5447	0.658031	0.118447	0.196497	0.0270254	1.553046	1.704784	2.68515	1.860506
13104	-1808.416	-2089.829	281.4132	0.64635	0.053133	0.200489	0.100028	2.098465	1.404918	3.264111	1.910682
13110	-1802.164	-2085.695	283.5313	0.581869	0.139847	0.242762	0.0355214	1.129732	1.568928	2.841348	1.037133
13116	-1792.225	-2075.333	283.1084	0.578771	0.207895	0.160528	0.0528055	1.408724	1.529286	2.765244	1.387842
13122	-1800.032	-2082.602	282.5703	0.511251	0.309955	0.131431	0.0473626	0.9953219	1.678027	2.810388	2.282237
13128	-1812.73	-2095.821	283.0907	0.584102	0.199415	0.160484	0.0559983	1.523772	1.779203	2.066176	2.382118
13134	-1824.786	-2106.955	282.1698	0.725386	0.101117	0.143283	0.030214	2.574847	1.893315	2.194407	2.135274
13140	-1839.312	-2122.924	283.612	0.499608	0.318914	0.091676	0.0898012	1.08725	1.548202	2.76003	1.155103
13146	-1820.238	-2102.697	282.459	0.724611	0.118278	0.121148	0.0359624	1.442762	1.520143	2.824839	2.040365
13152	-1822.992	-2106.367	283.3753	0.542065	0.196681	0.201454	0.0598006	1.444982	1.323374	2.90159	1.049476
13158	-1821.778	-2104.664	282.8859	0.494428	0.381708	0.0558375	0.0680265	1.113084	1.189896	3.452986	1.049476
13164	-1806.447	-2088.313	281.8662	0.443138	0.39077	0.0748736	0.0912182	1.113084	1.315811	4.045419	0.9173554
13170	-1804.398	-2085.666	281.2673	0.494098	0.365043	0.0403488	0.10051	0.8585192	1.136649	4.629568	0.9173554
13176	-1793.953	-2076.886	282.933	0.466458	0.351581	0.0969326	0.0850281	1.060202	1.485626	3.149239	1.284752
13182	-1802.828	-2087.643	284.8147	0.477683	0.306051	0.115207	0.101058	1.060202	1.721692	2.010556	0.9841694
13188	-1813.936	-2098.594	284.6575	0.547964	0.35108	0.0303205	0.0706356	1.057632	1.60593	2.339624	0.7602039
13194	-1819.596	-2103.922	284.3268	0.563728	0.264236	0.106634	0.0654015	2.11388	1.721784	1.778609	0.9222863
13200	-1823.32	-2106.814	283.494	0.679631	0.0960676	0.11404	0.110261	2.254061	1.721784	1.79388	1.698989
13206	-1819.181	-2102.381	283.2002	0.53047	0.135534	0.178309	0.155687	3.01161	1.666708	1.59522	1.872554
13212	-1803.238	-2086.108	282.87	0.601788	0.0259015	0.202282	0.170029	1.99493	1.7145	2.020684	2.34752
13218	-1810.954	-2093.958	283.0042	0.737298	0.0317341	0.0226509	0.208317	1.886961	1.608848	2.207101	2.025636
13224	-1804.255	-2086.036	281.781	0.760098	0.0664788	0.0957671	0.0776557	1.30546	1.139185	3.598234	1.878487
13230	-1815.272	-2097.062	281.7895	0.634525	0.0961363	0.0264139	0.242924	1.242362	1.285599	3.022527	3.202755
13236	-1818.759	-2102.544	283.7854	0.641906	0.0972545	0.01131	0.249529	1.018285	1.38494	2.333087	2.037671
13242	-1811.825	-2094.275	282.4505	0.786744	0.0780334	0.0163298	0.118892	1.713198	1.36171	2.878057	1.844979
13248	-1811.034	-2094.319	283.2847	0.704321	0.100151	0.158564	0.0369646	1.636882	1.323094	2.557336	1.586482
13254	-1808.121	-2091.462	283.3408	0.723776	0.14471	0.0781035	0.053411	1.470496	1.388975	2.557336	1.60958
13260	-1818.692	-2102.424	283.732	0.712198	0.0552935	0.0305103	0.201998	1.470496	1.420747	2.275453	1.638409
13266	-1818.395	-2103.143	284.748	0.608383	0.126162	0.151137	0.114319	1.233924	1.75963	1.494393	1.638409
13272	-1806.907	-2089.039	282.1324	0.692611	0.103753	0.156399	0.0472379	2.271129	1.380466	3.157185	1.165148
13278	-1807.147	-2089.002	281.8557	0.647924	0.223456	0.0159217	0.112698	2.093987	1.380466	3.157185	1.618135
13284	-1824.84	-2105.823	280.9831	0.63699	0.219686	0.0325288	0.110796	2.219001	1.140133	3.629848	1.888262
13290	-1825.334	-2106.627	281.2925	0.673766	0.148475	0.0593657	0.118393	2.216272	1.273125	3.37288	1.888262
13296	-1821.532	-2102.539	281.0069	0.699822	0.0383745	0.0616615	0.200142	1.61649	1.193154	3.872412	1.844705
13302	-1811.9	-2094.335	282.4352	0.600413	0.312124	0.0248442	0.062618	1.363297	1.212881	3.110784	1.942232
13308	-1805.722	-2085.818	280.0957	0.700936	0.146555	0.00661074	0.145898	1.489932	1.093526	4.56311	1.720379
13314	-1821.596	-2102.865	281.2695	0.686139	0.164572	0.00647118	0.142818	1.818036	1.373833	3.545396	1.792847
13320	-1805.017	-2087.878	282.8616	0.58196	0.320114	0.00548865	0.0924368	1.356396	1.373833	3.022113	1.414965
13326	-1809.505	-2092.288	282.7835	0.541838	0.298044	0.0339474	0.12617	1.356396	1.52914	2.877845	1.603727
13332	-1801.218	-2083.05	281.8325	0.686132	0.233433	0.0435737	0.0368616	1.446729	1.39689	3.635368	1.286436
13338	-1800.665	-2081.932	281.2667	0.739641	0.177943	0.0426795	0.0397364	1.446729	1.244031	3.712942	1.989749
13344	-1804.166	-2083.605	279.4392	0.603174	0.157354	0.0348049	0.204667	1.478138	1.239596	4.759685	1.936238
13350	-1802.905	-2083.233	280.3276	0.666958	0.162272	0.0518227	0.118947	1.104336	1.114913	4.599065	1.765369
13356	-1800.999	-2081.31	280.3106	0.596672	0.140347	0.105998	0.156982	1.060244	0.9560148	4.677829	1.864763
13362	-1800.812	-2081.94	281.1272	0.728261	0.0806843	0.0582387	0.132816	1.060244	1.193828	3.700902	2.824614
13368	-1806.809	-2089.321	282.5123	0.651167	0.10133	0.0153155	0.232187	1.168812	1.084038	3.333997	1.756094
13374	-1803.567	-2085.963	282.3964	0.597655	0.175182	0.0140569	0.213106	0.9943911	1.193213	3.290303	2.083578
13380	-1804.346	-2087.787	283.4415	0.685025	0.214862	0.00418984	0.0959235	1.230129	1.254317	2.734528	1.566014
13386	-1805.093	-2086.737	281.6439	0.751874	0.175888	0.00302321	0.0692141	1.339255	1.064743	3.446578	2.492537
13392	-1808.52	-2091.124	282.6041	0.582722	0.235778	0.00441504	0.177085	0.9791569	1.37834	3.02852	2.170347
13398	-1806.992	-2087.55	280.5581	0.759619	0.0309183	0.00518109	0.204281	1.054586	1.171814	3.886584	3.287509
13404	-1801.631	-2082.212	280.5814	0.83475	0.0285751	0.00627497	0.1304	1.873739	1.316162	3.324165	3.438239
13410	-1796.728	-2077.192	280.4643	0.795787	0.0121405	0.00689958	0.185173	1.977636	1.219285	3.413513	3.406076
13416	-1795.696	-2077.434	281.7372	0.77292	0.0326533	0.00481364	0.189613	1.842576	1.217776	3.06987	2.44467
13422	-1794.77	-2077.317	282.5464	0.58674	0.24561	0.0893357	0.078315	1.842576	1.252425	3.025273	1.441464
13428	-1786.565	-2069.371	282.8051	0.851043	0.0699508	0.0232352	0.0557711	1.528464	1.360212	2.594779	2.197884
13434	-1798.966	-2082.944	283.9787	0.726277	0.147863	0.0882991	0.0375606	1.127974	1.613951	1.858857	2.303842
13440	-1809.138	-2093.224	284.086	0.4241	0.456485	0.0292094	0.0902057	0.8085501	1.749158	2.367701	1.414681
13446	-1806.701	-2090.851	284.1497	0.556692	0.288079	0.0481719	0.107057	1.30366	1.751015	2.045557	1.353837
13452	-1804.209	-2086.835	282.6259	0.552418	0.285867	0.055479	0.106235	1.425591	1.722968	3.003715	1.255574
13458	-1816.586	-2099.395	282.8087	0.556091	0.287768	0.0491999	0.106942	1.178312	1.566368	2.883009	1.717532
13464	-1812.574	-2092.472	279.8976	0.55323	0.334684	0.0251251	0.0869607	1.178312	1.100152	4.638488	2.165332
13470	-1799.718	-2080.823	281.1042	0.783554	0.132913	0.0187248	0.0648085	1.393617	1.28331	3.906042	1.776213
13476	-1809.887	-2092.991	283.1042	0.658742	0.157793	0.0223252	0.161139	1.167148	1.598876	2.695389	1.70594
13482	-1812.272	-2095.116	282.8442	0.699675	0.116646	0.0645593	0.119119	1.268744	1.413447	2.457161	2.732766
13488	-1800.176	-2081.976	281.7999	0.691078	0.124638	0.0647722	0.119512	1.268744	1.24731	3.447933	2.096966
13494	-1805.933	-2088.417	282.4843	0.654206	0.139849	0.107406	0.0985399	1.357065	1.339682	3.125027	1.695882
13500	-1807.645	-2087.706	280.0605	0.723811	0.154728	0.0122011	0.109259	1.358611	1.318645	4.412841	1.966763
13506	-1803.857	-2085.474	281.6172	0.679415	0.145238	0.0171021	0.158245	1.567112	1.456754	3.104615	2.514897
13512	-1805.481	-2087.579	282.0981	0.703888	0.205286	0.0119947	0.078831	1.484653	1.410544	2.964293	2.323483
13518	-1812.449	-2096.001	283.5519	0.619406	0.180648	0.130577	0.0693695	0.978155	1.677698	2.363466	1.948778
13524	-1817.063	-2099.961	282.8984	0.629015	0.18345	0.168166	0.0193681	1.373847	1.575531	2.258655	2.734169
13530	-1822.476	-2104.584	282.1075	0.843396	0.0662764	0.0315852	0.0587426	1.654523	1.575531	2.606743	2.729211
13536	-1828.511	-2110.866	282.3548	0.623185	0.102024	0.0484763	0.226314	1.543979	1.374982	2.63509	2.729211
13542	-1820.25	-2100.965	280.7149	0.552008	0.241361	0.114681	0.0919502	1.698224	1.196311	3.695113	2.586263
13548	-1805.598	-2088.875	283.2776	0.606893	0.225643	0.0663715	0.101092	1.5421	1.386529	2.569899	1.590199
13554	-1811.032	-2094.561	283.5297	0.480187	0.306963	0.0843594	0.12849	1.5421	1.407169	2.523108	1.362759
13560	-1809.584	-2093.403	283.8195	0.603717	0.249431	0.0553514	0.0915008	1.289449	1.606905	2.153087	1.733373
13566	-1809.876	-2092.053	282.1767	0.579201	0.282357	0.05492	0.0835215	1.260144	1.185706	3.394046	1.813863
13572	-1796.597	-2078.301	281.7042	0.532942	0.285593	0.0555493	0.125916	1.159491	1.255574	3.69861	1.781172
13578	-1812.115	-2092.655	280.5406	0.637446	0.139666	0.066442	0.156446	1.159491	0.9910815	4.32651	2.218832
13584	-1808.967	-2088.123	279.1554	0.635776	0.0984196	0.0792352	0.186569	2.743922	1.080608	4.32651	2.322943
13590	-1805.62	-2087.593	281.9731	0.65171	0.100886	0.0561595	0.191245	1.58296	1.306067	3.192374	1.995882
13596	-1808.769	-2089.737	280.9686	0.644545	0.144757	0.00531966	0.205378	1.315038	1.26552	3.503389	3.133447
13602	-1791.415	-2072.956	281.5414	0.653601	0.155682	0.0067581	0.183959	1.403106	1.239191	3.746108	1.624638
13608	-1801.558	-2082.241	280.6829	0.737363	0.175633	0.00762418	0.0793793	1.647088	1.368708	3.980775	1.761245
13614	-1810.995	-2090.852	279.8565	0.648704	0.170124	0.0158763	0.165297	1.191556	1.309749	4.580624	2.05861
13620	-1801.103	-2083.848	282.7445	0.473097	0.387235	0.0199347	0.119733	1.191556	1.298942	3.196285	1.474027
13626	-1807.482	-2090.834	283.352	0.626997	0.188025	0.0262958	0.158683	1.10547	1.257626	3.016851	1.270184
13632	-1799.242	-2078.608	279.3667	0.59824	0.186966	0.121673	0.0931213	1.10547	1.187803	4.943962	2.118339
13638	-1803.841	-2084.694	280.8522	0.573389	0.190076	0.147281	0.0892531	1.10547	1.152262	4.405894	1.500765
13644	-1807.518	-2085.415	277.8973	0.61497	0.154576	0.144418	0.0860355	1.808887	1.108349	5.728552	1.500765
13650	-1802.268	-2082.78	280.5118	0.519664	0.297408	0.0959034	0.0870241	1.871925	1.287172	4.233439	1.32568
13656	-1808.376	-2087.496	279.1203	0.384503	0.498265	0.0631835	0.0540494	1.871925	0.9059999	5.234963	1.30587
13662	-1794.777	-2077.18	282.4023	0.406329	0.445224	0.0553195	0.0931268	1.670427	1.442354	3.319135	1.011345
13668	-1810.159	-2092.875	282.7155	0.406329	0.445224	0.0553195	0.0931268	1.601563	1.366562	3.112565	1.184711
13674	-1805.219	-2088.698	283.4783	0.340608	0.522407	0.0952817	0.0417029	1.008909	1.393292	2.723834	1.632162
13680	-1803.984	-2086.613	282.629	0.516233	0.436593	0.0127306	0.0344435	1.008909	1.334282	3.158758	1.864243
13686	-1821.334	-2104.382	283.0478	0.568632	0.304233	0.0702372	0.0568986	1.049028	1.381313	3.248921	1.107199
13692	-1809.667	-2092.627	282.96	0.48833	0.40449	0.0933834	0.0137963	1.049028	1.408934	3.275644	1.122667
13698	-1803.411	-2085.678	282.2662	0.399696	0.486708	0.0978671	0.0157284	1.353942	1.389987	3.481477	1.200659
13704	-1795.669	-2078.322	282.6527	0.514752	0.353432	0.086584	0.0452327	0.9675054	1.251675	3.42084	1.447542
13710	-1799.176	-2081.681	282.5045	0.535567	0.356593	0.0607788	0.0470618	0.915901	1.314096	3.621122	1.220786
13716	-1792.292	-2075.329	283.0364	0.45992	0.273283	0.177556	0.0892411	1.145678	1.360332	3.148212	1.220786
13722	-1789.841	-2072.122	282.281	0.597968	0.142175	0.161335	0.0985222	1.431612	1.138752	3.500794	1.345993
13728	-1799.601	-2081.396	281.7956	0.594944	0.149698	0.16052	0.0948377	1.484655	1.174762	3.552097	1.714221
13734	-1811.939	-2093.393	281.454	0.75453	0.0441474	0.0491357	0.152187	2.157164	1.337318	3.14211	2.166137
13740	-1801.919	-2083.407	281.4881	0.590975	0.210034	0.0899383	0.109053	2.282936	1.321715	3.362864	1.550062
13746	-1797.023	-2078.477	281.4542	0.56316	0.305436	0.0274829	0.103921	1.630664	1.235475	3.808619	1.377762
13752	-1819.734	-2103.27	283.536	0.66734	0.226399	0.0325669	0.073694	1.172681	1.395983	2.791874	1.254565
13758	-1809.345	-2093.476	284.131	0.594592	0.228377	0.0583428	0.118689	1.195932	1.633989	2.258288	1.254565
13764	-1812.298	-2095.224	282.9264	0.563739	0.229482	0.0909057	0.115873	1.404464	1.451626	2.997984	1.254565
13770	-1816.604	-2098.409	281.8044	0.687124	0.07457	0.110802	0.127504	1.422509	1.289981	3.400815	1.955377
13776	-1815.39	-2098.541	283.1515	0.598089	0.283392	0.0405761	0.0779435	1.28308	1.447049	2.971677	1.18308
13782	-1820.548	-2103.326	282.7787	0.58622	0.237203	0.0604524	0.116124	1.199905	1.682876	2.68892	1.988359
13788	-1800.283	-2081.434	281.1512	0.713304	0.142048	0.0347456	0.109903	1.390034	1.237392	3.741029	2.157283
13794	-1810.536	-2090.825	280.2883	0.73227	0.042108	0.10469	0.120932	1.239235	1.210469	4.55415	1.636885
13800	-1813.014	-2095.592	282.5771	0.556856	0.259118	0.0321193	0.151907	1.109293	1.34618	3.232216	1.636885
13806	-1806.204	-2088.27	282.0655	0.664519	0.103063	0.0433388	0.18908	1.486302	1.323096	3.343737	1.636885
13812	-1813.095	-2094.688	281.5932	0.721766	0.120364	0.0224405	0.13543	1.705187	1.434692	3.343737	1.857057
13818	-1799.079	-2080.998	281.9188	0.683875	0.152773	0.0284828	0.134868	1.375475	1.289733	3.324213	2.03266
13824	-1801.581	-2083.526	281.945	0.605469	0.147827	0.0360376	0.210666	1.135604	1.444035	3.226477	2.321698
13830	-1821.614	-2105.326	283.7124	0.311531	0.534503	0.0267373	0.127229	0.9680038	1.710485	2.70184	1.104005
13836	-1813.206	-2096.901	283.6954	0.540267	0.295882	0.0528335	0.111018	1.24133	1.430175	2.752368	1.052377
13842	-1820.64	-2103.859	283.2184	0.405656	0.222161	0.256775	0.115407	1.58023	1.535853	2.752368	1.125226
13848	-1808.337	-2089.817	281.4802	0.712077	0.0901617	0.0688906	0.128871	1.58023	1.656141	2.752368	3.354364
13854	-1797.817	-2080.911	283.0934	0.591174	0.030468	0.234732	0.143626	1.654619	1.609656	2.263056	2.037212
13860	-1800.835	-2084.597	283.7622	0.681158	0.119491	0.0877991	0.111551	1.221254	1.469064	2.213764	1.943557
13866	-1807.351	-2090.238	282.8873	0.513846	0.307876	0.0892866	0.088992	1.828668	1.46054	2.564333	1.699887
13872	-1804.557	-2085.665	281.1078	0.731626	0.039336	0.127129	0.101909	1.576504	1.237808	3.502769	2.582787
13878	-1814.705	-2094.013	279.3083	0.81388	0.0220234	0.0528219	0.111275	4.124699	1.393708	3.440397	2.796276
13884	-1823.321	-2101.599	278.2787	0.759233	0.00776406	0.0121696	0.220834	2.003217	1.058644	4.928159	2.833767
13890	-1817.636	-2095.817	278.1814	0.739826	0.0158222	0.0118586	0.232493	2.686233	1.123131	4.928159	2.174279
13896	-1801.186	-2080.595	279.4086	0.720377	0.116476	0.0142087	0.148939	1.476413	1.075896	4.959986	1.727976
13902	-1831.546	-2112.132	280.5863	0.725952	0.152125	0.02691	0.0950124	1.87551	1.450742	3.638826	2.333859
13908	-1816.341	-2098.356	282.015	0.821927	0.0478035	0.020044	0.110226	1.758063	1.439031	2.839154	2.372797
13914	-1811.483	-2093.912	282.4289	0.648832	0.243006	0.00983044	0.0983314	1.875714	1.502657	2.839538	1.616256
13920	-1818.398	-2102.481	284.0839	0.632195	0.264964	0.00277434	0.100066	0.8225082	1.63329	2.399097	1.47595
13926	-1798.856	-2083.003	284.1471	0.468627	0.401225	0.0115055	0.118643	0.8225082	1.509893	2.69689	1.025947
13932	-1811.361	-2094.497	283.1353	0.60192	0.316355	0.00246694	0.0792577	1.008262	1.536114	2.708789	1.914456
13938	-1808.127	-2092.594	284.4664	0.495285	0.407246	0.00322404	0.0942451	1.032662	1.639809	2.319158	0.9672661
13944	-1803.215	-2087.26	284.0444	0.454466	0.355649	0.0007238	0.189161	1.056709	1.695706	2.415004	1.161945
13950	-1826.681	-2111.653	284.9721	0.385301	0.491525	0.00392663	0.119248	1.170279	1.556157	2.128608	0.7163695
13956	-1797.455	-2081.216	283.7604	0.480513	0.279495	0.113544	0.126449	1.170279	1.578704	2.669069	1.041436
13962	-1809.489	-2093.499	284.0098	0.414345	0.37911	0.154012	0.0525334	0.9336402	1.743157	2.557338	1.041436
13968	-1816.683	-2100.005	283.3225	0.562859	0.216802	0.164297	0.0560418	1.041674	1.480726	3.069261	1.041436
13974	-1826.658	-2108.949	282.2909	0.609577	0.201679	0.0149577	0.173787	1.193501	1.404739	3.163431	1.969113
13980	-1814.442	-2097.567	283.1244	0.570334	0.337117	0.0057183	0.0868315	1.262146	1.46907	2.882458	1.370006
13986	-1807.587	-2090.347	282.7599	0.536502	0.253469	0.00492481	0.205104	1.262146	1.319975	3.127189	1.490003
13992	-1822.635	-2105.272	282.6365	0.529641	0.273717	0.0133483	0.183293	1.1749	1.403472	3.055811	1.780982
13998	-1814.721	-2096.448	281.727	0.529641	0.273717	0.0133483	0.183293	1.354002	1.445712	3.47012	1.780982
14004	-1816.385	-2099.417	283.0311	0.653039	0.0947852	0.0283197	0.223856	1.143375	1.507925	2.964799	1.403507
14010	-1810.234	-2090.286	280.0526	0.629668	0.193299	0.0930088	0.0840247	2.397073	1.497004	3.939861	1.775686
14016	-1812.496	-2094.362	281.8658	0.623275	0.145522	0.0920645	0.139138	0.8992228	1.296655	3.939861	1.351522
14022	-1815.767	-2097.773	282.0068	0.437097	0.387792	0.0439074	0.131204	0.8633128	1.359615	4.034863	1.000971
14028	-1818.677	-2103.335	284.658	0.483566	0.380745	0.00686971	0.12882	0.6411174	1.416323	2.630381	0.9090539
14034	-1817.709	-2100.65	282.9415	0.50385	0.385596	0.00492585	0.105628	1.178369	1.326644	3.259666	1.125392
14040	-1807.753	-2090.538	282.7854	0.707094	0.19481	0.0117506	0.0863457	1.046662	1.301637	3.059061	1.872174
14046	-1815.127	-2096.565	281.4383	0.504149	0.425544	0.00874353	0.0615634	1.202783	1.27368	4.247672	0.9454524
14052	-1815.027	-2096.929	281.9028	0.534167	0.425713	0.00684909	0.0332711	1.47928	1.09019	3.725455	1.343797
14058	-1828.659	-2108.225	279.5667	0.595955	0.133197	0.164892	0.105956	1.251619	1.329004	4.848819	1.716066
14064	-1819.296	-2101.642	282.3458	0.677569	0.16996	0.0300777	0.122394	1.379829	1.312288	3.481048	1.174882
14070	-1797.83	-2079.849	282.019	0.419364	0.439358	0.0917633	0.049514	0.1688472	1.376884	3.953911	1.668019
14076	-1813.561	-2093.87	280.309	0.515299	0.380141	0.0968876	0.00767229	0.1392278	1.173231	4.978577	1.699309
14082	-1808.422	-2089.858	281.4363	0.267537	0.558926	0.124865	0.0486721	0.1258655	1.136986	4.712998	0.970523
14088	-1805.066	-2088.324	283.2585	0.431639	0.29097	0.131312	0.146079	0.1787762	1.48579	3.430529	1.182879
14094	-1802.129	-2085.746	283.617	0.389547	0.33512	0.111718	0.163615	0.1604956	1.502424	2.919431	1.700483
14100	-1796.743	-2078.788	282.0445	0.466396	0.349255	0.0988784	0.08547	0.1826318	1.337482	4.05025	1.508326
14106	-1808.247	-2090.803	282.5557	0.4511	0.332774	0.129687	0.0864384	0.1826318	1.158188	3.912511	1.404138
14112	-1809.245	-2089.485	280.2399	0.493497	0.36405	0.0478899	0.0945624	0.1930955	1.074072	5.381763	1.177675
14118	-1806.378	-2087.08	280.7024	0.486867	0.348323	0.037214	0.127596	0.1498323	1.045691	4.917388	1.547483
14124	-1801.308	-2082.639	281.3308	0.491503	0.355969	0.0191994	0.133328	0.1675341	1.352238	4.64358	1.099936
14130	-1796.479	-2077.466	280.9862	0.436619	0.391615	0.0250868	0.146679	0.1513141	1.262126	4.775346	1.274504
14136	-1810.174	-2095.087	284.9136	0.291288	0.666872	0.00992529	0.0319148	0.2318771	1.46963	2.605181	0.9548338
14142	-1813.743	-2098.298	284.5555	0.304713	0.587117	0.006827	0.101343	0.3076118	1.529239	2.666239	1.144769
14148	-1821.002	-2105.084	284.0822	0.262655	0.506081	0.143908	0.0873556	0.1498824	1.534347	2.901399	1.144769
14154	-1810.296	-2092.638	282.3414	0.550235	0.31814	0.040573	0.0910518	0.1671309	1.410449	3.916313	1.328367
14160	-1818.01	-2096.648	278.6381	0.557442	0.25939	0.0232959	0.159872	1.324985	1.115982	5.694791	1.194003
14166	-1811.349	-2093.462	282.1126	0.557137	0.257655	0.0315187	0.15369	1.324985	1.350304	3.411749	1.580571
14172	-1820.335	-2102.969	282.6341	0.555172	0.272416	0.0293411	0.143071	0.8064216	1.36301	3.633467	1.129832
14178	-1835.023	-2117.183	282.1606	0.438552	0.317396	0.031737	0.212315	0.7112796	1.340251	3.815082	1.436288
14184	-1818.799	-2098.901	280.1018	0.559535	0.252232	0.018076	0.170156	1.38058	1.05606	4.67612	1.630144
14190	-1835.494	-2118.852	283.3578	0.2787	0.553976	0.0733996	0.0939239	0.9631547	1.435523	3.23627	0.851458
14196	-1816.086	-2099.301	283.2148	0.242812	0.523925	0.120857	0.112406	0.9005234	1.451119	3.272305	0.9787823
14202	-1826.422	-2108.362	281.9395	0.313106	0.463678	0.182694	0.0405223	1.261491	1.408344	3.835441	0.9767116
14208	-1815.719	-2099.745	284.0262	0.403611	0.278144	0.237422	0.0808226	0.915303	1.573543	2.444757	1.417888
14214	-1818.611	-2102.437	283.8253	0.586737	0.16092	0.240228	0.0121163	1.098529	1.560199	2.512321	1.332413
14220	-1826.904	-2108.737	281.8333	0.612189	0.188624	0.150212	0.0489761	0.880029	1.429168	3.234221	2.887457
14226	-1816.604	-2096.035	279.4314	0.724438	0.0398111	0.177795	0.0579562	1.063445	1.049188	5.118335	1.854334
14232	-1817.422	-2096.474	279.0522	0.596977	0.0659057	0.257606	0.0795107	0.90747	1.026064	5.118335	2.643644
14238	-1803.03	-2084.229	281.1999	0.751727	0.103108	0.0816088	0.0635564	0.90747	1.295244	3.9315	2.191349
14244	-1801.435	-2079.233	277.798	0.751589	0.0632238	0.0353342	0.149853	2.604325	1.049178	5.271163	2.026001
14250	-1803.912	-2084.024	280.1121	0.659717	0.168319	0.0733973	0.0985667	1.130216	1.066862	4.619914	2.026001
14256	-1815.566	-2096.535	280.9688	0.694552	0.124404	0.0772729	0.103771	1.881211	1.221967	3.552386	2.320476
14262	-1813.293	-2094.797	281.5041	0.62474	0.142983	0.113007	0.119269	2.570804	1.247244	3.389437	1.342731
14268	-1817.492	-2100.66	283.1683	0.694903	0.102712	0.123423	0.078962	1.477001	1.267736	2.686983	1.704493
14274	-1814.871	-2099.426	284.5549	0.672349	0.181514	0.0597812	0.0863556	0.9806971	1.638471	1.85278	1.709108
14280	-1810.209	-2094.206	283.9964	0.497832	0.390601	0.0467988	0.0647686	0.9946363	1.495064	2.487837	1.372126
14286	-1804.048	-2087.29	283.2419	0.456047	0.427025	0.0716813	0.0452467	0.9946363	1.513436	3.014445	1.235284
14292	-1801.404	-2085.853	284.4486	0.762679	0.0534512	0.121108	0.0627617	1.267798	1.660438	1.690925	1.758269
14298	-1805.292	-2089.509	284.2174	0.775435	0.0543451	0.123134	0.0470867	1.052381	1.565585	1.913891	2.029505
14304	-1805.111	-2089.325	284.2147	0.671238	0.228771	0.0372244	0.0627672	0.8198427	1.565585	1.911301	2.369386
14310	-1794.325	-2078.784	284.4592	0.525056	0.337893	0.0379474	0.0991037	1.776018	1.662595	1.620793	1.345441
14316	-1812.376	-2095.16	282.7839	0.652648	0.256499	0.0424467	0.0484064	1.85471	1.615539	2.236615	2.29287
14322	-1803.778	-2087.544	283.7658	0.755298	0.0756157	0.0459387	0.123147	1.175631	1.517386	2.193077	1.974026
14328	-1793.135	-2076.242	283.1068	0.750167	0.057854	0.1173	0.0746786	1.111342	1.612565	2.588797	1.974026
14334	-1795.756	-2078.317	282.5613	0.707603	0.05439	0.126529	0.111478	0.9579183	1.30329	2.941169	2.586026
14340	-1813.911	-2093.768	279.857	0.717338	0.102658	0.0951142	0.0848896	1.497195	1.156077	4.680671	1.671507
14346	-1828.159	-2110.084	281.9252	0.7503	0.092946	0.067964	0.0887903	1.27513	1.122717	3.763739	1.412497
14352	-1819.969	-2104.272	284.3027	0.618629	0.115854	0.229714	0.0358019	1.12259	1.454779	2.216086	1.412497
14358	-1818.625	-2100.407	281.7817	0.62204	0.19005	0.129511	0.0583985	1.658239	1.329085	3.286835	1.924636
14364	-1821.418	-2104.225	282.8067	0.666303	0.0721755	0.182465	0.0790571	1.287843	1.340405	2.931913	1.773019
14370	-1809.869	-2090.755	280.8855	0.58125	0.266463	0.029091	0.123196	1.54722	1.430499	3.957214	1.591187
14376	-1818.113	-2101.076	282.9632	0.452449	0.417998	0.0247482	0.104805	1.094522	1.467751	3.107652	1.31092
14382	-1808.768	-2091.697	282.9296	0.397119	0.365293	0.0204011	0.217187	1.094522	1.405217	3.158747	1.322136
14388	-1800.596	-2084.735	284.1391	0.399119	0.433833	0.0127676	0.154281	0.9515864	1.592916	2.575693	1.01439
14394	-1804.359	-2088.026	283.6667	0.478741	0.423856	0.0109652	0.0864386	0.7699198	1.140645	3.131021	1.218392
14400	-1803.933	-2084.696	280.7633	0.530648	0.344767	0.00212227	0.122463	1.10866	1.163788	4.166668	2.129178
14406	-1810.901	-2092.044	281.1426	0.531153	0.345095	0.00110079	0.122651	1.10866	1.308688	4.003022	1.816085
14412	-1803.241	-2083.491	280.2498	0.756778	0.151025	0.000415311	0.0917825	1.283591	1.003946	4.527244	1.954147
14418	-1805.383	-2085.258	279.8755	0.345393	0.563742	0.000409307	0.0904557	1.26421	1.049688	4.852028	1.658579
14424	-1806.664	-2087.026	280.3618	0.526102	0.41919	0.00060514	0.0541034	1.00177	1.079558	4.688466	1.694277
14430	-1807.355	-2089.135	281.7801	0.77854	0.168013	0.0281274	0.0253192	1.49126	1.315545	3.344252	2.001835
14436	-1836.952	-2117.099	280.1469	0.63016	0.117743	0.00745107	0.244646	1.503485	1.255808	3.82491	3.324124
14442	-1827.134	-2109.282	282.1479	0.606143	0.0958486	0.213114	0.084895	1.198587	1.214771	3.43793	1.791584
14448	-1819.038	-2101.003	281.965	0.612061	0.107094	0.238117	0.0427291	1.096416	1.168909	3.43793	2.227037
14454	-1811.063	-2091.877	280.8137	0.663531	0.1161	0.174047	0.0463223	1.6091	1.129064	3.70665	2.620188
14460	-1818.886	-2100.218	281.3319	0.676715	0.0888119	0.18723	0.0472427	1.6091	1.245423	3.547613	2.096883
14466	-1790.48	-2071.684	281.2038	0.601857	0.176111	0.16958	0.0524522	1.028851	1.297107	3.353497	3.601819
14472	-1804.422	-2083.524	279.1021	0.749706	0.111281	0.107154	0.0318594	2.740767	1.206796	4.370859	2.112905
14478	-1809.651	-2091.579	281.9279	0.654221	0.224471	0.0935064	0.0278017	1.313716	1.499577	3.192864	2.112905
14484	-1797.303	-2079.547	282.2445	0.567363	0.0516005	0.315569	0.0654678	1.847601	1.433177	2.469349	2.842593
14490	-1817.006	-2098.636	281.6295	0.549689	0.0811433	0.305739	0.0634284	1.209359	1.321973	3.2726	2.760109
14496	-1820.413	-2100.016	279.603	0.812258	0.0311257	0.129707	0.026909	1.067046	1.023189	4.538262	3.18798
14502	-1809.924	-2088.962	279.0377	0.78425	0.0785897	0.0692169	0.0679429	2.35729	1.198647	3.978799	3.771925
14508	-1816.018	-2094.349	278.3313	0.770883	0.0548915	0.0879221	0.0863038	1.315576	1.228709	4.445632	5.220813
14514	-1800.499	-2082.092	281.5922	0.767969	0.0114781	0.052085	0.168468	1.029191	1.200996	3.528518	2.597283
14520	-1811.947	-2090.389	278.4419	0.720699	0.0107716	0.0488791	0.21965	2.251812	1.17244	4.245678	4.223792
14526	-1811.404	-2092.236	280.832	0.724418	0.00566681	0.0491313	0.220784	1.394258	1.136951	4.041447	2.010855
14532	-1819.182	-2099.476	280.2943	0.896888	0.00125292	0.0185409	0.0833182	1.460804	1.229028	3.83826	3.137619
14538	-1811.134	-2092.93	281.7961	0.706074	0.00287477	0.227974	0.0630767	1.203971	1.2984	3.298033	2.480763
14544	-1795.862	-2078.019	282.1568	0.774139	0.0243247	0.0267574	0.174778	1.212326	1.538849	2.87352	2.636311
14550	-1815.504	-2096.168	280.6637	0.651343	0.20375	0.091299	0.0536079	1.514702	1.219761	3.939601	2.228133
14556	-1820.523	-2100.806	280.283	0.632545	0.176631	0.122116	0.0687084	1.514702	1.431044	4.203485	1.834519
14562	-1822.132	-2103.753	281.621	0.706432	0.0890945	0.13638	0.0680942	1.343687	1.372437	3.403533	2.181176
14568	-1814.091	-2097.496	283.4054	0.672524	0.0848181	0.177832	0.0648258	1.301116	1.713433	1.915395	2.644177
14574	-1806.395	-2089.306	282.9108	0.722631	0.0349569	0.191082	0.0513307	1.640856	1.85787	1.917091	2.725455
14580	-1800.594	-2084.219	283.6253	0.721104	0.0419531	0.175339	0.0616039	1.640856	1.579594	1.657	2.628905
14586	-1800.15	-2084.047	283.8964	0.554791	0.0705504	0.208718	0.165941	1.457725	1.732812	1.887245	1.791254
14592	-1804.361	-2087.766	283.4053	0.601339	0.198692	0.004745	0.195224	1.457725	1.644949	1.887245	2.598095
14598	-1805.064	-2086.854	281.7894	0.623154	0.272285	0.00583379	0.0987266	2.038979	1.56327	2.812164	2.270454
14604	-1798.663	-2083.116	284.4533	0.522841	0.192533	0.144518	0.140108	1.034846	1.719038	1.965897	1.471256
14610	-1814.999	-2097.257	282.2576	0.575302	0.227771	0.0488195	0.148108	1.100443	1.440547	2.90591	2.715839
14616	-1813.36	-2095.993	282.6333	0.746302	0.083617	0.0738012	0.0962802	1.26501	1.403812	2.90591	1.997955
14622	-1827.713	-2109.947	282.2347	0.637674	0.135964	0.116157	0.110204	1.26501	1.287763	3.326993	1.750557
14628	-1817.413	-2099.55	282.1369	0.486341	0.281042	0.0990472	0.13357	1.162702	1.287763	3.440755	1.750557
14634	-1818.765	-2098.963	280.1982	0.763262	0.0717008	0.0702719	0.0947653	1.222037	1.111721	4.459545	2.117154
14640	-1816.846	-2098.281	281.4348	0.660704	0.239727	0.0655052	0.0340646	1.923503	1.17925	3.742285	1.33027
14646	-1799.326	-2082.083	282.7563	0.516095	0.198246	0.208618	0.0770418	0.9840779	1.17925	3.108845	2.043774
14652	-1800.863	-2083.933	283.0698	0.524066	0.29899	0.149208	0.0277357	1.243835	1.235701	3.277723	0.9936894
14658	-1804.262	-2087.929	283.6667	0.503921	0.287497	0.105932	0.102649	1.312105	1.79934	2.538142	0.9936894
14664	-1806.842	-2089.09	282.2483	0.564902	0.322288	0.0430753	0.0697344	1.312105	1.556273	3.117285	1.786765
14670	-1794.913	-2077.697	282.7839	0.473593	0.355706	0.112238	0.0584627	0.9642354	1.461982	3.116704	1.65577
14676	-1794.794	-2076.076	281.2821	0.699398	0.136085	0.103131	0.0613855	1.219447	1.494808	3.545727	2.304885
14682	-1806.115	-2086.843	280.7279	0.647362	0.206886	0.0337013	0.112051	1.423037	1.187172	4.13295	1.83826
14688	-1806	-2086.35	280.3494	0.770491	0.0390686	0.0590689	0.131372	1.231415	1.378887	4.13295	2.328358
14694	-1811.631	-2093.89	282.259	0.738247	0.0153546	0.121562	0.124836	1.099351	1.199166	3.556598	1.543637
14700	-1820.117	-2098.346	278.2284	0.737627	0.0153417	0.121461	0.12557	1.59973	0.9500632	5.614759	1.746938
14706	-1821.047	-2100.443	279.3952	0.762692	0.040856	0.153579	0.0428732	1.293778	0.9655307	5.00665	1.98786
14712	-1819.109	-2099.012	279.9028	0.60393	0.137905	0.232343	0.0258223	1.549106	1.147666	4.791118	1.3469
14718	-1799.548	-2083.108	283.5597	0.599865	0.16066	0.154028	0.0854474	1.448636	1.268121	2.719902	1.222497
14724	-1803.539	-2087.16	283.6211	0.68506	0.0414537	0.175904	0.097583	1.925076	1.446216	1.969634	1.864791
14730	-1815.433	-2100.134	284.7006	0.737201	0.144981	0.0320525	0.0857653	1.503434	1.839843	1.402213	1.457502
14736	-1813.666	-2098.094	284.4276	0.721374	0.134538	0.0527701	0.0913179	1.373598	1.700923	1.786243	1.457502
14742	-1804.983	-2089.673	284.6902	0.593349	0.197045	0.0758616	0.133745	0.9280306	1.409722	2.133756	1.387121
14748	-1810.825	-2094.691	283.8661	0.66462	0.183658	0.0842031	0.0675184	1.896609	1.415809	2.105574	1.387121
14754	-1798.105	-2082.413	284.3075	0.559884	0.286825	0.0998011	0.0534895	1.068385	1.49982	2.202612	1.439467
14760	-1816.942	-2099.929	282.9874	0.66588	0.144856	0.112228	0.0770361	1.759847	1.346521	2.495569	1.926411
14766	-1802.541	-2085.824	283.2832	0.59618	0.0953124	0.147835	0.160673	2.12133	1.399944	2.293533	1.547672
14772	-1799.701	-2082.6	282.8996	0.621298	0.147902	0.114466	0.116334	2.18427	1.338568	2.547257	1.544152
14778	-1806.052	-2088.964	282.9122	0.516866	0.307376	0.0952261	0.0805316	1.366391	1.21909	3.30543	1.008866
14784	-1803.729	-2085.451	281.7228	0.443197	0.448009	0.054996	0.0537974	0.7094528	1.379761	3.974577	1.578231
14790	-1815.018	-2098.105	283.0861	0.558959	0.253719	0.0946928	0.092629	0.7094528	1.210867	3.481842	1.19585
14796	-1809.776	-2090.646	280.87	0.6363	0.216195	0.0627013	0.0848035	1.433418	1.252398	4.043559	1.762994
14802	-1809.133	-2092.483	283.3499	0.450752	0.407664	0.0416788	0.0999054	0.8924694	1.508222	3.066284	1.144724
14808	-1801.051	-2083.684	282.6332	0.563979	0.258871	0.0521484	0.125001	0.8529235	1.458136	3.066284	2.111055
14814	-1809.576	-2091.744	282.1678	0.786183	0.112423	0.0499701	0.0514244	1.468496	1.262027	3.211753	1.883934
14820	-1808.057	-2089.995	281.9384	0.585189	0.202161	0.174372	0.0382774	1.363837	1.420876	3.305639	1.889311
14826	-1817.814	-2098.957	281.1431	0.474689	0.291614	0.141446	0.092252	0.7619802	1.353375	4.177443	1.816992
14832	-1791.819	-2070.805	278.986	0.432133	0.405051	0.128765	0.0340508	0.9325812	1.085448	5.726979	1.196145
14838	-1797.107	-2078.714	281.6067	0.492268	0.314525	0.152766	0.0404419	0.9556598	1.20057	4.174688	1.227241
14844	-1807.545	-2087.699	280.1543	0.418399	0.417385	0.129842	0.0343733	0.9556598	1.18687	4.56018	2.185573
14850	-1805.81	-2086.114	280.3041	0.525681	0.388633	0.0424987	0.0431869	1.36698	1.148632	4.56018	1.539829
14856	-1803.511	-2086.021	282.5098	0.583358	0.263282	0.0472167	0.106143	1.205741	1.464994	2.870063	2.240651
14862	-1817.422	-2100.75	283.3282	0.665371	0.115586	0.145199	0.0738443	1.205741	1.421339	2.883831	1.254202
14868	-1803.337	-2085.659	282.3224	0.848309	0.0194088	0.106331	0.0259512	1.782617	1.631424	2.545051	2.314095
14874	-1794.559	-2076.494	281.9346	0.679451	0.0881849	0.143794	0.08857	1.617222	1.405552	2.721204	3.035587
14880	-1797.451	-2080.048	282.597	0.735411	0.062678	0.106046	0.0958647	1.57941	1.630644	2.153999	3.111552
14886	-1792.065	-2075.237	283.1725	0.636774	0.0867162	0.0854807	0.191029	1.577077	1.675344	2.010969	2.470977
14892	-1799.323	-2083.685	284.362	0.623939	0.105395	0.0755378	0.195128	1.067572	1.754541	1.77613	1.836428
14898	-1799.829	-2081.942	282.1126	0.70568	0.113824	0.114838	0.0656571	2.030971	1.401905	3.010632	1.634732
14904	-1807.075	-2089.872	282.7966	0.475512	0.324111	0.156992	0.0433849	0.8296277	1.293867	3.486893	1.272285
14910	-1794.685	-2075.21	280.5247	0.434642	0.382204	0.143499	0.0396559	0.9847868	1.137356	4.926684	0.997448
14916	-1806.696	-2088.8	282.104	0.351929	0.537839	0.0823541	0.0278779	0.9847868	1.228882	3.977582	1.010843
14922	-1802.836	-2084.805	281.9693	0.645724	0.285711	0.0436031	0.0249624	1.998999	1.362379	3.18864	1.525789
14928	-1807.8	-2087.572	279.7722	0.703727	0.139344	0.144754	0.0121744	1.100838	1.137604	4.964999	1.619339
14934	-1802.951	-2084.132	281.1815	0.597435	0.101131	0.241746	0.0596888	1.212475	1.070643	4.326321	1.266828
14940	-1795.489	-2075.975	280.4863	0.738087	0.0950046	0.043292	0.123616	1.283355	1.140658	4.326321	1.932461
14946	-1805.478	-2087.858	282.3794	0.644253	0.0762576	0.079583	0.199906	1.261196	1.312213	3.144726	1.932461
14952	-1801.811	-2084.327	282.5156	0.653725	0.0773788	0.0807531	0.188143	1.55231	1.559852	2.649948	2.17022
14958	-1809.204	-2089.61	280.406	0.735484	0.0200304	0.0936627	0.150823	1.654303	1.502095	3.948106	2.012645
14964	-1793.381	-2074.681	281.3002	0.688191	0.0620824	0.103469	0.146258	1.126157	1.411791	3.529955	2.572708
14970	-1799.832	-2082.678	282.8454	0.53351	0.285812	0.097153	0.083526	1.126157	1.474348	3.077095	1.458612
14976	-1807.899	-2088.741	280.8419	0.55872	0.236344	0.0543628	0.150573	1.579635	1.097031	4.366924	1.175705
14982	-1802.87	-2083.786	280.916	0.630287	0.198014	0.0455461	0.126153	1.431596	1.105793	4.366924	1.223004
14988	-1795.706	-2076.554	280.8475	0.562507	0.306984	0.021516	0.108992	0.9590897	1.165727	4.366924	1.747528
14994	-1805.907	-2087.583	281.676	0.269207	0.640267	0.0142777	0.0762484	1.221004	1.154637	3.882084	1.483084
15000	-1805.553	-2086.785	281.2322	0.573106	0.332769	0.0303954	0.0637293	1.918556	1.231009	3.764031	1.461743
15006	-1806.356	-2087.401	281.0455	0.708106	0.175949	0.0763817	0.0395627	1.554274	1.317599	3.696231	2.102609
15012	-1800.221	-2080.951	280.7306	0.598492	0.236354	0.0835646	0.0815888	1.554274	1.384568	3.620709	2.654597
15018	-1814.876	-2093.611	278.7348	0.612289	0.218981	0.0985769	0.0701532	1.207873	1.08733	5.365641	1.947803
15024	-1797.915	-2073.497	275.5811	0.714391	0.0551147	0.115015	0.11548	2.176068	0.9736677	6.714064	1.947803
15030	-1796.38	-2076.048	279.6681	0.751554	0.078811	0.0651036	0.104531	2.250928	1.17048	4.06588	2.598762
15036	-1796.857	-2078.506	281.6489	0.682891	0.0767519	0.0750222	0.165335	2.033326	1.257751	3.221145	1.952893
15042	-1786.697	-2068.05	281.3526	0.743676	0.0537683	0.0632234	0.139333	1.544485	1.153876	3.682683	1.952893
15048	-1792.452	-2075.103	282.6502	0.47595	0.330929	0.0602785	0.132842	1.317391	1.396012	2.734716	2.308471
15054	-1798.49	-2082.117	283.6268	0.53683	0.257521	0.0754095	0.13024	1.448137	1.700719	1.871623	2.235717
15060	-1806.639	-2087.862	281.2227	0.448895	0.352616	0.102679	0.0958107	2.017006	1.207634	3.975171	1.022485
15066	-1817.764	-2097.619	279.8549	0.636753	0.221683	0.0523569	0.0892078	2.622087	1.142235	4.089093	1.957764
15072	-1812.717	-2089.74	277.0231	0.556091	0.233365	0.139975	0.0705686	2.142801	1.130926	5.67292	2.419273
15078	-1816.889	-2095.592	278.7022	0.716857	0.0824171	0.109756	0.0909699	1.450625	1.13623	5.29016	1.818986
15084	-1804.996	-2079.206	274.209	0.604342	0.205869	0.0528708	0.136918	1.79078	1.016317	7.359196	2.543885
15090	-1805.61	-2084.168	278.5584	0.68472	0.0331887	0.0845856	0.197506	2.077547	1.099045	4.85032	2.468011
15096	-1811.435	-2091.256	279.8209	0.651323	0.0765283	0.0842763	0.187872	3.043161	1.171613	3.701524	2.551466
15102	-1806.918	-2087.482	280.5644	0.724856	0.0851681	0.120194	0.0697823	1.753208	1.299281	3.836806	2.229516
15108	-1796.861	-2077.158	280.2975	0.723452	0.104798	0.0735247	0.0982253	1.972457	1.213576	4.029005	2.018346
15114	-1803.093	-2084.4	281.3072	0.759443	0.104967	0.0730307	0.0625591	1.780602	1.449855	3.320951	2.190201
15120	-1796.731	-2078.165	281.4336	0.736862	0.101846	0.0467389	0.114553	1.732638	1.32968	3.511417	1.801085
15126	-1796.995	-2080.08	283.0845	0.6858	0.00957199	0.158911	0.145716	1.33921	1.630317	2.619301	1.64732
15132	-1792.387	-2075.159	282.7717	0.674014	0.0100965	0.174068	0.141821	1.33921	1.395372	2.910997	1.732966
15138	-1808.354	-2092.13	283.7757	0.610593	0.0120608	0.207934	0.169413	1.333976	1.599749	1.980368	2.086972
15144	-1805.078	-2087.632	282.5534	0.751314	0.0327255	0.123744	0.0922166	1.472015	1.51915	2.713867	2.125946
15150	-1825.085	-2104.978	279.8928	0.739969	0.00618009	0.0676806	0.18617	1.109151	1.167619	4.556078	2.379856
15156	-1835.588	-2115.222	279.6336	0.666887	0.0171514	0.148179	0.167783	1.428692	1.123436	4.556078	2.391508
15162	-1826.134	-2106.687	280.5529	0.808301	0.0143069	0.0297304	0.147662	1.313522	1.180294	3.984359	2.596189
15168	-1821.486	-2104.76	283.2739	0.760287	0.0104291	0.0384272	0.190856	1.47439	1.373227	2.253645	2.34902
15174	-1818.166	-2100.426	282.2599	0.726758	0.00204328	0.0454521	0.225747	1.953838	1.357555	2.602829	2.47552
15180	-1812.125	-2094.5	282.3754	0.487216	0.332142	0.121432	0.0592103	2.265956	1.311187	3.044798	1.184633
15186	-1806.06	-2088.248	282.1881	0.674646	0.213303	0.0870268	0.025024	2.265956	1.434047	2.808569	1.704014
15192	-1803.978	-2086.27	282.2922	0.550719	0.265597	0.0725672	0.111117	1.39156	1.330367	3.318628	1.50894
15198	-1798.919	-2081.185	282.2663	0.741001	0.119909	0.104382	0.0347069	1.079333	1.310337	3.073422	2.505045
15204	-1809.72	-2090.037	280.3174	0.763031	0.071834	0.076405	0.0887305	1.591646	1.12342	3.925204	2.836164
15210	-1804.085	-2084.794	280.7094	0.582221	0.247981	0.102094	0.0677047	1.66501	1.032248	3.586781	3.213497
15216	-1804.745	-2084.8	280.0548	0.576974	0.245746	0.112436	0.0648447	1.173825	1.071957	4.122078	3.422641
15222	-1801.173	-2080.544	279.3708	0.601141	0.191484	0.0351768	0.172198	1.790637	1.114349	4.51109	2.464366
15228	-1815.065	-2094.565	279.5006	0.680948	0.179721	0.0415404	0.0977904	1.790637	1.020356	4.195954	3.314883
15234	-1803.706	-2084.351	280.6448	0.627916	0.149252	0.0664354	0.156396	1.415338	1.027483	4.195954	2.019486
15240	-1819.846	-2103.323	283.4777	0.573254	0.286016	0.0419573	0.0987719	1.173485	1.427242	2.776208	1.311052
15246	-1792.199	-2075.221	283.0221	0.587438	0.262214	0.122563	0.0277848	1.441527	1.505747	2.591483	1.821833
15252	-1799.096	-2082.774	283.6775	0.638369	0.167415	0.133189	0.0610273	1.06648	1.657292	2.591483	1.282836
15258	-1818.072	-2101.663	283.5906	0.521444	0.221545	0.176253	0.0807591	1.401888	1.528018	2.659474	1.064899
15264	-1808.205	-2090.628	282.4231	0.659075	0.120795	0.178087	0.0420423	1.311328	1.399789	3.03634	1.938149
15270	-1806.661	-2089.689	283.0277	0.578923	0.280903	0.103245	0.0369294	1.767173	1.433346	2.61967	1.51596
15276	-1806.158	-2091.097	284.938	0.513017	0.284602	0.170394	0.0319869	1.168652	1.933534	1.532039	1.23719
15282	-1815.005	-2100.92	285.9147	0.431321	0.482522	0.031926	0.0542315	0.6816781	2.016166	0.9814246	1.336479
15288	-1822.032	-2107.94	285.9076	0.481287	0.366026	0.0921723	0.060514	0.9891727	1.957652	1.268769	0.7564169
15294	-1810.314	-2095.876	285.5612	0.440089	0.428381	0.0842824	0.0472476	0.9891727	2.003206	1.268769	1.05028
15300	-1805.55	-2090.626	285.0757	0.590122	0.28332	0.0669004	0.0596583	1.138372	2.088238	1.465554	1.054884
15306	-1799.778	-2084.643	284.8646	0.543597	0.288292	0.0817229	0.0863876	1.504397	1.894765	1.481669	1.106189
15312	-1803.505	-2087.003	283.4982	0.64341	0.12904	0.143629	0.0839214	1.504397	1.507979	2.2725	1.7885
15318	-1809.842	-2093.467	283.6248	0.454866	0.389368	0.121338	0.0344277	1.188118	1.614851	2.2725	1.85484
15324	-1813.487	-2098.061	284.5739	0.723111	0.130883	0.0617996	0.0842069	0.9071279	1.578399	1.99968	1.586029
15330	-1808.916	-2092.195	283.2783	0.74098	0.112476	0.0715715	0.0749727	1.171329	1.600687	2.621642	1.632625
15336	-1813.981	-2097.383	283.4023	0.600971	0.229248	0.10735	0.0624314	1.401142	1.638128	2.621642	1.210792
15342	-1811.734	-2094.244	282.5102	0.719515	0.0509867	0.203147	0.026351	1.823159	1.360645	2.982096	1.458803
15348	-1820.339	-2102.443	282.1041	0.63184	0.0324175	0.312602	0.0231401	1.626502	1.350434	3.291248	1.523298
15354	-1814.083	-2095.746	281.6627	0.699807	0.118755	0.164421	0.0170168	1.400673	1.128145	3.790773	1.523298
15360	-1814.296	-2096.133	281.8366	0.717516	0.127153	0.12452	0.0308115	1.483889	1.369051	3.478552	1.582922
15366	-1811.938	-2092.967	281.0288	0.533801	0.206748	0.200653	0.0587988	1.785494	1.251718	4.040339	1.245139
15372	-1813.994	-2095.144	281.1501	0.604055	0.175592	0.170415	0.0499382	1.909946	1.373131	3.81562	1.301633
15378	-1812.819	-2095.555	282.736	0.674493	0.196067	0.11203	0.0174095	1.000413	1.352719	3.174592	1.684268
15384	-1802.34	-2085.116	282.7759	0.449108	0.458882	0.0512649	0.0407457	1.220453	1.360666	3.427656	0.9300107
15390	-1802.239	-2085.11	282.8708	0.368578	0.471005	0.0636585	0.0967584	1.154966	1.16237	3.187857	1.542981
15396	-1795.169	-2077.528	282.3599	0.413966	0.529006	0.0234221	0.0336052	1.464789	1.182845	3.375378	1.415762
15402	-1790.614	-2072.031	281.4172	0.590991	0.327595	0.0334381	0.0479759	1.223596	1.250151	4.010817	1.410072
15408	-1814.992	-2098.114	283.1222	0.660705	0.145873	0.166069	0.0273541	0.9651029	1.290312	3.053526	1.581853
15414	-1808.079	-2089.282	281.2032	0.712357	0.113417	0.0763683	0.0978578	1.848676	1.180402	3.40217	2.451819
15420	-1823.28	-2104.081	280.8002	0.708153	0.126166	0.0663423	0.0993388	1.540509	1.24519	3.942521	1.969954
15426	-1808.28	-2087.579	279.2991	0.851007	0.031113	0.0669939	0.0508859	2.432431	1.362112	3.58502	4.183956
15432	-1809.734	-2090.202	280.4673	0.792119	0.02896	0.0252092	0.153712	2.61876	1.213285	3.515937	2.39447
15438	-1819.09	-2099.175	280.0849	0.633243	0.213971	0.0288136	0.123972	2.332977	1.288275	3.920036	2.109959
15444	-1808.625	-2089.039	280.4142	0.628895	0.241707	0.0249491	0.104449	1.958506	1.356605	3.920036	1.940749
15450	-1801.531	-2083.848	282.3168	0.628895	0.241707	0.0249491	0.104449	1.295862	1.498385	3.42373	1.192724
15456	-1804.484	-2087.04	282.5562	0.632586	0.207404	0.0370284	0.122982	1.629823	1.322053	2.528158	2.653576
15462	-1791.054	-2073.531	282.4767	0.703227	0.121175	0.0411633	0.134435	1.688484	1.613596	2.644933	2.006704
15468	-1786.887	-2069.878	282.9911	0.674834	0.156658	0.0395013	0.129007	1.046413	1.613596	2.5952	2.202404
15474	-1799.268	-2079.563	280.2948	0.651611	0.151267	0.038142	0.158981	2.134164	1.476395	3.379449	3.149975
15480	-1799.435	-2080.823	281.3879	0.706974	0.0945898	0.0523941	0.146042	2.0319	1.249102	3.379449	1.95561
15486	-1814.318	-2094.608	280.2898	0.721641	0.0965522	0.155591	0.0262165	1.588371	1.043755	4.325873	1.966624
15492	-1810.156	-2087.675	277.5185	0.601618	0.212483	0.142912	0.0429876	2.30495	0.7764265	5.692113	2.010697
15498	-1807.904	-2086.288	278.384	0.566152	0.220038	0.0523014	0.161509	1.746551	1.054241	5.241223	2.137212
15504	-1809.172	-2089.981	280.81	0.698909	0.183123	0.043527	0.0744413	1.71924	1.068633	3.825782	2.27435
15510	-1799.687	-2080.743	281.0559	0.653936	0.164879	0.0950491	0.0861355	1.340417	1.189393	4.068112	1.660764
15516	-1815.302	-2094.313	279.0112	0.679502	0.164631	0.0757664	0.0801003	1.345821	1.131797	5.243793	1.660764
15522	-1832.148	-2110.761	278.6129	0.556807	0.336957	0.0726701	0.0335666	1.521613	1.490259	5.287912	1.43201
15528	-1818.061	-2100.271	282.2102	0.604957	0.149597	0.239336	0.00611059	1.329469	1.315112	3.583076	1.178008
15534	-1806.857	-2088.056	281.1988	0.745723	0.0617705	0.0161461	0.17636	1.525172	1.235944	3.513427	2.486275
15540	-1802.927	-2082.668	279.7411	0.564952	0.299365	0.0246004	0.111082	1.750774	1.24113	4.216289	2.549744
15546	-1801.992	-2081.554	279.5621	0.602896	0.208519	0.017135	0.17145	2.047046	1.127717	4.408306	2.149936
15552	-1817.805	-2100.527	282.7213	0.440859	0.250576	0.2487	0.0598645	0.8387704	1.417627	3.327761	1.512026
15558	-1815.625	-2096.993	281.3685	0.625617	0.118527	0.165176	0.0906805	1.445532	1.412794	3.575946	1.945965
15564	-1816.194	-2097.072	280.8775	0.559781	0.194032	0.111188	0.134999	1.141132	1.208761	4.13585	1.945965
15570	-1826.433	-2106.78	280.3477	0.670732	0.116557	0.194721	0.0179897	1.35301	1.155134	4.457596	1.714152
15576	-1825.358	-2106.552	281.1934	0.619359	0.208128	0.131554	0.0409597	1.35301	1.04591	4.332277	1.132151
15582	-1820.156	-2101.071	280.9154	0.522285	0.383656	0.0526441	0.041415	0.9912577	1.375427	3.485816	3.642347
15588	-1814.573	-2097.349	282.7757	0.546552	0.294144	0.0550901	0.104214	1.460832	1.442387	2.365176	2.75311
15594	-1817.797	-2099.303	281.506	0.753556	0.0952723	0.0759553	0.0752165	2.004462	1.518148	2.877213	2.637569
15600	-1799.301	-2080.113	280.8114	0.765804	0.0516308	0.0739799	0.108585	1.517359	1.295026	3.808138	2.233434
15606	-1805.402	-2087.766	282.3642	0.623795	0.140547	0.134057	0.101602	1.138571	1.498918	2.763342	2.768108
15612	-1793.792	-2075.941	282.149	0.683326	0.0428385	0.263593	0.010242	1.634111	1.414644	2.940115	2.124249
15618	-1801.247	-2083.779	282.532	0.640922	0.0485748	0.29889	0.0116135	1.222155	1.509028	2.871195	2.124249
15624	-1804.559	-2087.597	283.0379	0.721707	0.0463369	0.220728	0.0112283	1.445559	1.522762	2.425875	2.124249
15630	-1816.53	-2098.006	281.4763	0.776386	0.0143535	0.191184	0.0180766	1.631194	1.462477	3.405961	1.913807
15636	-1801.822	-2083.073	281.2509	0.691887	0.0178594	0.237882	0.0523712	1.048708	1.303851	3.453022	3.164874
15642	-1805.942	-2086.686	280.7436	0.680728	0.033793	0.234046	0.0514335	1.129144	1.402997	3.394177	3.961594
15648	-1797.623	-2077.755	280.1319	0.777428	0.00985352	0.194125	0.0185932	1.566502	1.132586	4.08696	2.699843
15654	-1813.864	-2093.937	280.0726	0.670858	0.0166409	0.167515	0.144986	1.565343	1.178791	4.09498	2.699843
15660	-1815.389	-2095.464	280.075	0.582506	0.163112	0.218251	0.0361315	1.639445	1.152802	4.303217	2.105216
15666	-1802.548	-2083.184	280.6352	0.563906	0.251043	0.0947948	0.090256	0.7965258	1.168726	4.689029	1.511551
15672	-1796.295	-2075.564	279.2694	0.542697	0.218302	0.122431	0.116569	1.675716	1.236833	4.752173	1.96159
15678	-1809.17	-2089.079	279.9091	0.606083	0.229499	0.116415	0.048003	1.647285	1.236833	4.70463	1.32148
15684	-1810.851	-2092.025	281.1741	0.467924	0.420786	0.0172723	0.0940173	1.063736	1.186075	4.085902	1.802962
15690	-1809.829	-2089.771	279.9417	0.637606	0.294529	0.00205804	0.0658073	1.037555	1.270037	4.525492	2.340892
15696	-1803.434	-2083.23	279.7962	0.761689	0.0822606	0.0100295	0.146021	1.08176	1.219542	4.827886	1.815283
15702	-1808.79	-2087.717	278.927	0.77854	0.106512	0.0135483	0.101399	1.797099	1.360747	4.503378	2.782273
15708	-1810.484	-2089.83	279.346	0.616467	0.184463	0.0234635	0.175607	1.495871	1.491349	4.630812	2.010697
15714	-1806.327	-2088.16	281.8333	0.584122	0.267766	0.0496462	0.0984661	1.38677	1.299436	3.514252	1.700293
15720	-1820.437	-2102.938	282.5011	0.571124	0.190183	0.218696	0.0199973	1.021731	1.553353	3.272148	1.503417
15726	-1821.434	-2103.955	282.5216	0.469268	0.334608	0.179693	0.0164309	2.092901	1.780283	2.777753	1.133594
15732	-1818.693	-2102.209	283.5158	0.586779	0.14878	0.185386	0.079055	1.424718	1.57482	2.34255	1.634927
15738	-1820.757	-2103.248	282.4912	0.503701	0.223914	0.193168	0.0792171	1.431675	1.37466	3.197873	1.423598
15744	-1808.445	-2091.088	282.6435	0.620073	0.208722	0.0973625	0.0738425	1.251188	1.554478	2.757149	2.129075
15750	-1807.056	-2088.964	281.9088	0.534531	0.330627	0.076683	0.0581586	1.351768	1.540234	3.565595	1.270018
15756	-1783.346	-2066.909	283.563	0.496229	0.362264	0.0690383	0.072469	1.117323	1.3758	2.694631	1.48345
15762	-1816.388	-2097.612	281.2236	0.490252	0.3579	0.0802514	0.0715961	1.516057	1.333444	3.724723	1.824874
15768	-1807.055	-2089.486	282.4316	0.57095	0.34581	0.0124033	0.0708368	1.516057	1.487801	3.134856	1.400092
15774	-1817.189	-2098.377	281.1881	0.534691	0.323848	0.0116156	0.129845	2.451679	1.375928	3.508065	1.413876
15780	-1806.312	-2087.544	281.2321	0.733054	0.161565	0.0507552	0.0546264	1.605904	1.208094	3.588035	2.193858
15786	-1814.485	-2095.13	280.6451	0.467899	0.423148	0.0342611	0.0746923	1.801033	1.331123	4.036152	1.583263
15792	-1810.943	-2090.16	279.2173	0.751038	0.175828	0.0263292	0.0468044	1.446625	1.126772	4.134893	4.42779
15798	-1799.626	-2077.511	277.8854	0.725233	0.127024	0.00706748	0.140675	1.555939	1.091536	5.119689	3.47348
15804	-1793.34	-2073.022	279.6821	0.670692	0.129031	0.0270548	0.173222	1.631396	1.311685	4.515915	1.922922
15810	-1795.702	-2077.203	281.5003	0.770436	0.120974	0.01063	0.09796	1.379997	1.416728	3.343962	2.388815
15816	-1825.883	-2103.975	278.0915	0.828509	0.0375423	0.00890886	0.12504	1.447043	1.332227	5.037131	3.113173
15822	-1817.692	-2099.097	281.4048	0.445642	0.44284	0.0345029	0.077015	1.131135	1.094955	4.153303	1.416076
15828	-1811.35	-2092.113	280.763	0.457422	0.466052	0.035415	0.0411108	2.872621	1.254219	3.862311	1.054206
15834	-1803.196	-2085.568	282.3721	0.304406	0.555897	0.10824	0.031457	2.069894	1.431567	3.134346	1.054206
15840	-1806.093	-2089.395	283.3013	0.290974	0.461988	0.187113	0.0599245	0.961056	1.532522	3.134346	0.9820776
15846	-1813.817	-2096.284	282.4672	0.560267	0.342093	0.0082002	0.0894398	1.072276	1.388823	3.502924	1.230582
15852	-1810.907	-2092.064	281.1567	0.780801	0.0961437	0.000332859	0.122722	1.205299	1.387565	3.802505	2.030487
15858	-1809.316	-2090.975	281.659	0.584097	0.250259	0.00621784	0.159426	1.205299	1.395772	3.566557	1.895048
15864	-1815.523	-2096.799	281.2769	0.748667	0.0689595	0.037859	0.144514	1.397507	1.140657	3.836552	1.887732
15870	-1809.935	-2091.562	281.6273	0.764406	0.014224	0.131907	0.0894638	1.189609	1.323431	3.653899	1.854328
15876	-1801.158	-2081.923	280.7653	0.703791	0.0133324	0.123639	0.159238	1.461549	1.224404	3.898305	2.244787
15882	-1800.199	-2080.15	279.9512	0.66389	0.0125766	0.170444	0.15309	1.82675	1.239796	4.286431	1.991129
15888	-1801.249	-2081.768	280.5196	0.529761	0.214522	0.120359	0.135359	1.175163	1.484873	4.346677	1.54518
15894	-1792.837	-2074.895	282.0581	0.584542	0.236343	0.132805	0.04631	1.954146	1.573591	2.935906	1.7139
15900	-1798.068	-2080.824	282.756	0.482175	0.346328	0.0828568	0.0886408	1.26138	1.480003	3.134856	1.300834
15906	-1808.455	-2091.188	282.7331	0.471446	0.354621	0.0810131	0.0929203	0.9917662	1.477912	3.208062	1.482341
15912	-1815.028	-2098.228	283.2002	0.477773	0.311833	0.154255	0.0561398	1.581326	1.411852	2.653628	1.454131
15918	-1819.724	-2102.908	283.1839	0.718281	0.0676386	0.12968	0.0844004	1.656252	1.456873	1.99587	2.722125
15924	-1810.251	-2091.775	281.5232	0.755268	0.0711215	0.084864	0.0887464	1.675763	1.358564	2.954906	3.077703
15930	-1814.217	-2095.411	281.1938	0.469487	0.361815	0.130223	0.0384754	2.433102	1.51088	3.535769	1.220977
15936	-1800.844	-2083.788	282.9442	0.729227	0.139884	0.0430488	0.0878403	1.476686	1.670874	2.187515	2.545769
15942	-1811.253	-2094.221	282.9677	0.575513	0.260866	0.126637	0.0369847	1.270471	1.519844	2.833673	1.575543
15948	-1790.34	-2073.328	282.9885	0.522184	0.269837	0.175109	0.0328704	0.8743984	1.450945	3.095879	1.575543
15954	-1800.141	-2083.751	283.6094	0.557165	0.287716	0.105591	0.0495293	1.544108	1.6437	2.3238	1.360981
15960	-1813.246	-2096.124	282.879	0.540816	0.257164	0.0557904	0.14623	1.66521	1.626911	2.03025	2.843296
15966	-1818.113	-2101.639	283.5257	0.714813	0.148407	0.0550965	0.0816835	1.414709	1.445588	2.312409	1.852926
15972	-1811.748	-2092.442	280.6941	0.732117	0.0142017	0.118185	0.135496	1.644049	1.254825	3.830949	2.249041
15978	-1802.82	-2083.538	280.7179	0.639002	0.0665012	0.0717589	0.222738	1.459673	1.137445	4.040549	2.088416
15984	-1805.388	-2085.414	280.0262	0.492706	0.294288	0.0603548	0.152652	2.424176	1.137734	4.040549	2.023463
15990	-1816.876	-2097	280.1244	0.673734	0.111636	0.060815	0.153816	1.715881	1.238816	4.040549	2.483553
15996	-1795.143	-2076.961	281.8178	0.696784	0.0799023	0.0355568	0.187757	1.319699	1.265115	3.240523	2.483553
16002	-1805.56	-2084.675	279.1154	0.630982	0.0496448	0.122255	0.197118	1.059016	0.9993318	4.766249	3.386287
16008	-1821.851	-2100.229	278.3778	0.729336	0.0222146	0.145965	0.102484	1.798782	0.9451774	5.262749	2.185232
16014	-1823.205	-2101.117	277.912	0.721953	0.0259099	0.123338	0.128799	1.798782	0.9491742	5.517298	2.185232
16020	-1810.475	-2094.826	284.3507	0.418625	0.349846	0.203694	0.0278342	1.022345	1.705644	2.124001	1.346566
16026	-1825.733	-2110.501	284.7681	0.456678	0.247943	0.233666	0.0617134	1.130572	1.818415	1.947956	0.9593173
16032	-1799.004	-2080.028	281.0231	0.67374	0.123438	0.17128	0.0315413	1.513061	1.463835	3.752377	1.856526
16038	-1806.793	-2089.147	282.3536	0.812496	0.0634318	0.0961474	0.0279245	0.9704307	1.240443	2.951828	2.969138
16044	-1794.919	-2077.563	282.6435	0.5554	0.150407	0.22798	0.0662134	1.040385	1.224037	3.300163	1.646654
16050	-1795.998	-2078.764	282.7658	0.735764	0.0229862	0.175052	0.0661982	1.241596	1.348858	2.615018	2.599819
16056	-1796.624	-2077.266	280.6428	0.874958	0.027696	0.0600451	0.0373006	1.688272	1.34883	3.453504	3.143549
16062	-1801.152	-2082.621	281.4686	0.859919	0.00750525	0.0817757	0.0507999	1.798355	1.34883	3.098842	2.632325
16068	-1800.519	-2083.31	282.7911	0.766308	0.0155597	0.139943	0.0781894	1.855863	1.37164	2.395878	2.272961
16074	-1796.832	-2080.05	283.2172	0.818349	0.0138879	0.126706	0.041057	1.245385	1.353047	2.566154	2.051847
16080	-1814.525	-2097.169	282.6437	0.70097	0.0254417	0.198375	0.0752139	1.127093	1.318394	3.106338	1.830284
16086	-1826.173	-2109.144	282.9709	0.705819	0.186918	0.0377474	0.0695154	0.9373712	1.269267	3.130724	1.66719
16092	-1819.222	-2101.733	282.5116	0.511671	0.363341	0.0113624	0.113626	1.420403	1.256094	3.195671	1.552683
16098	-1799.181	-2082.333	283.1524	0.479277	0.372825	0.031306	0.116592	0.9957961	1.451151	3.109377	1.226501
16104	-1818.786	-2101.412	282.6258	0.580447	0.29627	0.0318948	0.0913878	1.688774	1.328927	3.072412	1.316491
16110	-1817.388	-2097.823	280.4352	0.550491	0.28098	0.00925654	0.159272	2.609796	1.468201	3.91386	1.252754
16116	-1802.899	-2085.197	282.2982	0.502044	0.265114	0.0327852	0.200056	1.214472	1.238198	3.33222	1.780887
16122	-1807.041	-2088.489	281.448	0.732897	0.118772	0.0175981	0.130733	1.537054	1.351204	3.365657	2.307181
16128	-1818.576	-2097.336	278.7594	0.752349	0.100024	0.013425	0.134202	1.631123	1.018238	4.487427	3.986507
16134	-1809.39	-2089.988	280.5974	0.842219	0.0770697	0.00971644	0.0709946	1.429071	1.347639	3.36645	3.907172
16140	-1811.63	-2094.56	282.9299	0.668113	0.216934	0.0248147	0.090138	1.79794	1.49304	2.095411	2.648404
16146	-1811.121	-2095.107	283.986	0.546292	0.260656	0.0753858	0.117666	1.120544	1.427218	2.418884	1.444519
16152	-1812.366	-2092.465	280.0989	0.566139	0.239715	0.0597966	0.13435	1.00944	1.240595	4.361032	2.628426
16158	-1817.912	-2097.761	279.8495	0.599108	0.232544	0.0380183	0.13033	2.620525	1.231734	4.28637	1.430857
16164	-1819.401	-2099.713	280.3118	0.584453	0.226855	0.0370884	0.151604	1.51542	1.258491	4.270476	1.866489
16170	-1822.311	-2105.542	283.231	0.558443	0.271626	0.0708785	0.0990526	1.341432	1.398971	2.45936	2.083372
16176	-1809.19	-2091.351	282.161	0.469874	0.412021	0.0373192	0.080786	1.221299	1.53041	3.343418	1.561216
16182	-1808.582	-2090.162	281.5801	0.783382	0.0272624	0.0170921	0.172263	1.893634	1.370406	2.82	3.0455
16188	-1814.414	-2096.906	282.4921	0.704998	0.0282931	0.125198	0.141511	1.991798	1.813772	2.011002	2.798473
16194	-1800.758	-2082.003	281.2456	0.757562	0.00680429	0.196351	0.0392825	1.956848	1.509601	3.221811	2.236287
16200	-1794.943	-2076.72	281.7766	0.72981	0.0233733	0.200154	0.0466635	1.640074	1.514351	2.954259	2.474319
16206	-1799.866	-2082.454	282.5882	0.814215	0.0152355	0.0905428	0.0800068	1.362055	1.53664	2.591776	2.474319
16212	-1802.49	-2084.306	281.816	0.70393	0.0108916	0.216009	0.0691699	1.792291	1.296369	2.987437	2.474319
16218	-1796.679	-2076.498	279.8193	0.776829	0.00388639	0.182354	0.036931	2.731155	1.33972	3.382364	3.511086
16224	-1797.574	-2077.789	280.2147	0.701621	0.00984256	0.239942	0.0485939	2.365665	1.254947	3.673121	2.557501
16230	-1815.975	-2097.427	281.4517	0.784488	0.00510039	0.192802	0.017609	1.429661	1.327451	3.460845	2.236945
16236	-1810.761	-2094.225	283.4639	0.737116	0.0115049	0.18116	0.0702197	1.429661	1.600346	2.179539	1.983817
16242	-1807.868	-2090.919	283.051	0.747627	0.0340259	0.147126	0.071221	2.358184	1.535867	2.058532	1.907026
16248	-1808.291	-2090.452	282.1612	0.552929	0.300529	0.0970727	0.0494695	1.549647	1.439463	2.646929	2.898131
16254	-1800.743	-2082.518	281.7752	0.433563	0.436364	0.122411	0.00766185	1.512129	1.357042	3.574331	1.448578
16260	-1809.962	-2091.783	281.8214	0.516903	0.36079	0.117547	0.00475938	1.590389	1.474806	3.520969	1.293717
16266	-1798.915	-2079.856	280.9412	0.547032	0.338289	0.110216	0.00446256	1.424374	1.170498	4.139311	1.581003
16272	-1814.679	-2095.634	280.9549	0.516219	0.394945	0.0846243	0.00421119	0.7180621	1.280943	4.545175	1.405401
16278	-1819.667	-2101.69	282.0235	0.459914	0.424131	0.110173	0.0057821	1.371476	1.274326	3.516343	1.514929
16284	-1797.338	-2079.808	282.4699	0.244353	0.736241	0.0180616	0.00134417	0.222109	1.382964	3.856136	1.39377
16290	-1817.731	-2099.892	282.1608	0.354209	0.411872	0.160862	0.0730578	1.61241	1.357003	3.421884	1.217894
16296	-1815.034	-2096.47	281.4362	0.737267	0.182479	0.0378545	0.0423992	1.477935	1.466892	3.19402	2.663259
16302	-1802.401	-2083.655	281.2538	0.565548	0.139977	0.198463	0.096012	1.6034	1.426961	3.19402	2.846541
16308	-1797.706	-2079.192	281.4863	0.757187	0.138807	0.00879728	0.0952092	1.170962	1.458871	3.234257	2.934198
16314	-1798.359	-2079.848	281.4887	0.653117	0.233282	0.0162591	0.0973417	1.620128	1.287211	3.456535	2.026981
16320	-1798.831	-2080.256	281.4248	0.712881	0.180321	0.0344523	0.0723465	1.032935	1.439331	3.591215	2.325676
16326	-1809.94	-2090.673	280.7326	0.721773	0.203954	0.059526	0.0147473	1.354317	1.212824	4.0626	2.040603
16332	-1806.551	-2088.861	282.3103	0.472224	0.372261	0.108648	0.0468675	1.099451	1.388277	3.56542	1.255972
16338	-1780.275	-2063.971	283.696	0.451237	0.355716	0.152383	0.0406635	1.180074	1.655596	2.583721	1.161341
16344	-1797.787	-2079.446	281.6593	0.502001	0.395734	0.0983706	0.00389378	1.180074	1.544401	3.798656	1.271462
16350	-1802.074	-2081.623	279.5487	0.729292	0.121537	0.14291	0.006261	1.602035	1.117046	4.744353	1.851827
16356	-1799.193	-2079.908	280.7154	0.74267	0.111745	0.139474	0.00611049	1.26769	1.350149	3.922774	2.324251
16362	-1800.999	-2083.867	282.8674	0.601295	0.217164	0.176593	0.00494729	1.598863	1.407963	2.811491	1.528204
16368	-1804.937	-2087.232	282.2951	0.650329	0.139464	0.190994	0.0192126	1.515065	1.545058	2.739776	2.341626
16374	-1815.392	-2096.463	281.0706	0.707815	0.0608283	0.149492	0.0818638	1.473377	1.567353	3.71032	1.800737
16380	-1818.675	-2098.926	280.2518	0.64779	0.0133338	0.243254	0.0956214	2.166834	1.441345	3.471909	2.974915
16386	-1795.654	-2077.48	281.8258	0.655077	0.0239328	0.283635	0.0373547	1.195591	1.355743	3.341224	2.25848
16392	-1806.483	-2088.93	282.447	0.785217	0.0118988	0.13431	0.068574	1.195591	1.302547	2.753475	2.889715
16398	-1794.343	-2075.371	281.0283	0.720827	0.0109231	0.205299	0.0629508	1.306475	1.199961	3.660008	2.713023
16404	-1792.423	-2075.1	282.6769	0.76524	0.0115961	0.156334	0.0668294	1.480439	1.467362	2.685184	2.081808
16410	-1794.598	-2077.734	283.136	0.708509	0.0186376	0.204295	0.0685574	0.9889588	1.467362	2.685184	2.081808
16416	-1806.352	-2087.258	280.9056	0.826731	0.046932	0.0650585	0.0612783	2.091233	1.496537	3.272584	2.478795
16422	-1787.721	-2069.247	281.5259	0.847882	0.0311089	0.0801642	0.0408453	1.557649	1.281396	3.208409	2.668162
16428	-1799.18	-2078.561	279.3812	0.653866	0.022811	0.127935	0.195388	1.919304	1.302347	3.930053	3.68781
16434	-1797.65	-2079.498	281.8483	0.718581	0.0167788	0.139778	0.124863	2.335044	1.439604	2.713359	2.291023
16440	-1785.939	-2067.788	281.8491	0.711463	0.0821878	0.127604	0.0787452	1.211675	1.351	3.275916	2.369468
16446	-1804.176	-2086.196	282.0201	0.817108	0.0318607	0.0122753	0.138756	1.693478	1.380255	2.835308	2.539808
16452	-1799.32	-2079.739	280.4185	0.791799	0.00894517	0.013712	0.185544	2.289239	1.540164	2.86101	4.232189
16458	-1803.801	-2086.654	282.8524	0.719531	0.0287333	0.0206319	0.231104	1.329537	1.403664	2.426749	2.723756
16464	-1812.272	-2094.236	281.9639	0.685904	0.0557992	0.0832493	0.175048	2.986924	1.675027	1.912383	3.039729
16470	-1814.435	-2097.545	283.1102	0.804642	0.0654587	0.0844757	0.0454236	2.44606	1.680299	1.695458	2.272722
16476	-1817.078	-2100.731	283.6528	0.672205	0.134552	0.133639	0.0596045	1.193131	1.684288	1.707612	2.936888
16482	-1807.839	-2091.205	283.3661	0.670426	0.0723904	0.177857	0.0793265	2.366036	1.684288	1.776274	1.840195
16488	-1827.038	-2110.841	283.8031	0.790983	0.0145775	0.163244	0.0311957	2.047833	1.729666	1.776274	1.528233
16494	-1830.747	-2113.704	282.9569	0.625927	0.0272494	0.138501	0.208322	1.66776	1.508181	2.087644	2.765918
16500	-1811.89	-2095.732	283.8422	0.813118	0.0169918	0.086365	0.0835256	1.313787	1.598685	1.961533	2.06119
16506	-1806.718	-2090.376	283.6577	0.69721	0.0145697	0.216601	0.0716193	1.165982	1.598685	1.961533	2.522041
16512	-1811.926	-2094.933	283.0077	0.821094	0.0171585	0.0774028	0.084345	1.318689	1.660902	1.961533	3.247709
16518	-1813.297	-2097.482	284.1845	0.73811	0.0307014	0.0802713	0.150917	1.680739	1.642305	1.520743	1.959952
16524	-1812.943	-2097.125	284.1824	0.678061	0.0329103	0.175695	0.113334	1.167257	1.630149	1.815695	2.033435
16530	-1815.789	-2098.7	282.9116	0.84158	0.0202754	0.0839754	0.0541694	2.20509	1.608889	1.865421	2.556485
16536	-1805.306	-2087.721	282.4156	0.687467	0.031517	0.130535	0.150481	1.483305	1.536122	2.598983	2.556485
16542	-1824.311	-2106.276	281.9646	0.764749	0.0386246	0.114139	0.0824877	1.687888	1.524765	2.902946	2.252099
16548	-1809.432	-2090.286	280.8531	0.714719	0.0360978	0.0983993	0.150783	1.011971	1.120827	4.144051	2.252099
16554	-1807.682	-2085.933	278.2515	0.670304	0.11124	0.0743769	0.144078	1.041054	1.060015	5.6582	2.135594
16560	-1819.026	-2098.134	279.1077	0.583455	0.0968271	0.198576	0.121142	1.262181	1.060015	5.050352	2.182996
16566	-1813.213	-2092.559	279.3458	0.647816	0.143184	0.108112	0.100888	1.108579	1.085649	5.050352	2.021582
16572	-1802.617	-2081.506	278.8887	0.721459	0.0636173	0.120402	0.0945218	1.511142	1.069727	5.050352	2.165086
16578	-1800.325	-2079.904	279.5792	0.744891	0.0656836	0.130554	0.0588706	1.790592	1.209203	4.419032	2.260987
16584	-1801.368	-2081.431	280.0624	0.781161	0.0688818	0.0882202	0.0617371	1.436179	1.115844	4.366131	2.260987
16590	-1787.635	-2069.198	281.5626	0.669095	0.011085	0.28077	0.0390506	1.219286	1.22935	3.929277	1.435017
16596	-1792.878	-2073.332	280.4537	0.658447	0.0493454	0.248727	0.0434798	1.126988	1.162018	4.672496	1.379448
16602	-1797.429	-2079.397	281.9684	0.689363	0.0278629	0.209939	0.0728355	1.287183	1.058632	3.516348	1.944298
16608	-1790.609	-2072.484	281.8752	0.7246	0.0265158	0.167127	0.0817566	1.422133	1.265318	3.290793	2.146021
16614	-1806.748	-2088.942	282.1939	0.602198	0.0573532	0.133127	0.207322	1.370343	1.374261	2.893482	2.558666
16620	-1796.29	-2079.823	283.5333	0.693695	0.120371	0.153355	0.0325794	1.165325	1.49636	2.321634	2.058496
16626	-1813.024	-2095.042	282.0175	0.628425	0.253409	0.0857322	0.0324332	1.187025	1.34429	2.921043	3.089365
16632	-1806.844	-2088.193	281.3496	0.585974	0.19361	0.145659	0.0747567	1.160686	1.097097	4.174559	1.40179
16638	-1809.819	-2090.953	281.1335	0.547206	0.194142	0.143953	0.114698	0.8099266	0.980383	4.439878	1.653684
16644	-1809.423	-2090.329	280.9063	0.60981	0.253048	0.0105456	0.126597	1.146694	1.34528	4.156967	1.682808
16650	-1792.743	-2074.331	281.5881	0.658612	0.126871	0.0777891	0.136728	1.146694	1.458109	3.330174	2.553364
16656	-1798.05	-2079.763	281.7128	0.793566	0.0914082	0.0245808	0.0904454	1.310207	1.43235	3.075304	2.832716
16662	-1819.236	-2099.24	280.0041	0.617665	0.223682	0.0824632	0.0761903	1.506243	1.404912	4.417752	1.750679
16668	-1823.078	-2105.713	282.6349	0.585857	0.242227	0.0440777	0.127838	1.311648	1.35361	3.219667	1.365207
16674	-1804.229	-2085.785	281.5558	0.583804	0.241378	0.0474274	0.12739	1.311648	1.181153	3.672209	1.943405
16680	-1822.095	-2101.191	279.0964	0.564868	0.183944	0.12793	0.123258	1.665481	0.9728017	5.045078	1.856817
16686	-1806.315	-2085.754	279.4386	0.606671	0.177279	0.0972578	0.118792	1.64599	1.060815	4.711685	2.100786
16692	-1811.477	-2092.794	281.3166	0.65364	0.177505	0.087911	0.0809442	2.047319	1.237522	3.658922	1.454582
16698	-1805.532	-2086.2	280.6679	0.680081	0.116478	0.152323	0.0511188	1.820323	1.292056	3.800052	2.110261
16704	-1805.335	-2086.615	281.28	0.662461	0.101241	0.148376	0.0879217	2.02705	1.318544	3.424503	1.910098
16710	-1809.613	-2091.444	281.8309	0.628407	0.094539	0.189413	0.0876404	1.385239	1.190008	3.08879	2.887691
16716	-1820.066	-2102.812	282.7458	0.676754	0.0771	0.106425	0.139721	0.8729713	1.491852	2.558887	3.136182
16722	-1813.137	-2095.934	282.7974	0.678109	0.0772544	0.106638	0.137999	1.708948	1.378912	2.655044	1.851039
16728	-1807.803	-2090.452	282.649	0.701864	0.0449287	0.110374	0.142833	2.014487	1.378808	2.587558	1.876151
16734	-1818.786	-2101.826	283.0403	0.726377	0.0608766	0.086569	0.126177	1.115982	1.616658	2.388767	2.507118
16740	-1806.273	-2089.58	283.3065	0.691273	0.0246976	0.16395	0.120079	1.057761	1.6186	2.444853	2.077558
16746	-1809.199	-2091.706	282.507	0.807289	0.0238148	0.0545403	0.114356	1.78383	1.555764	2.246264	2.869711
16752	-1794.812	-2077.57	282.7578	0.750729	0.0626979	0.0802293	0.106344	2.06363	1.555764	1.997605	2.732861
16758	-1813.912	-2097.22	283.309	0.691194	0.137028	0.0738669	0.0979109	0.9482921	1.269598	2.780202	1.962085
16764	-1808.529	-2090.115	281.5858	0.764159	0.151493	0.0160119	0.0683361	1.899422	1.315452	3.197966	2.149836
16770	-1813.995	-2093.979	279.9844	0.691109	0.203766	0.0504518	0.0546723	1.221356	1.294576	4.44596	2.194337
16776	-1797.764	-2078.087	280.3232	0.671666	0.226523	0.0488619	0.0529494	1.509091	1.341908	4.097101	2.154613
16782	-1805.453	-2085.147	279.6947	0.649089	0.200012	0.108377	0.0425222	0.9829405	1.175593	4.835875	2.117429
16788	-1804.825	-2083.443	278.6181	0.568354	0.259462	0.100775	0.0714095	0.9433832	1.181489	5.521484	1.945682
16794	-1811.874	-2091.676	279.8015	0.514426	0.248028	0.0852717	0.152274	1.565542	1.170379	4.874175	1.254844
16800	-1814.478	-2095.574	281.0965	0.573717	0.273998	0.119589	0.0326959	1.1087	1.223289	4.266356	1.418832
16806	-1826.025	-2105.937	279.9125	0.651547	0.218454	0.1115	0.0184988	1.199497	1.145369	4.88599	1.500656
16812	-1821.399	-2101.804	280.4046	0.415704	0.430984	0.0781135	0.0751987	1.146799	1.123458	4.88599	1.045822
16818	-1813.651	-2090.494	276.8428	0.442383	0.384672	0.0831267	0.0898181	1.272676	0.9366723	6.585847	1.629305
16824	-1817.739	-2092.8	275.0611	0.6355	0.0755895	0.119415	0.169496	3.07849	0.8595151	6.585847	2.341588
16830	-1817.204	-2091.864	274.6608	0.534131	0.203729	0.178259	0.0838809	3.07849	0.9231426	6.585847	2.858251
16836	-1799.668	-2076.857	277.1891	0.547708	0.227953	0.201295	0.0230437	1.21492	0.9096183	6.585847	1.323833
16842	-1818.531	-2098.08	279.5487	0.375586	0.48705	0.104557	0.032806	0.5769552	0.9009849	5.658915	1.323833
16848	-1816.531	-2096.146	279.6142	0.488083	0.366508	0.110681	0.0347274	2.190933	1.086372	4.614928	1.534468
16854	-1810.918	-2089.929	279.0116	0.582474	0.262457	0.116976	0.0380929	1.749275	1.280302	4.912018	1.791562
16860	-1798.048	-2078.189	280.1408	0.503108	0.366383	0.0679384	0.0625706	1.35491	1.10874	4.762991	1.370464
16866	-1812.573	-2094.586	282.0133	0.39355	0.447165	0.0829178	0.0763665	0.9093804	1.25848	4.044971	1.030586
16872	-1822.595	-2105.566	282.9705	0.556123	0.312229	0.120595	0.0110531	1.117945	1.448823	3.204145	1.126007
16878	-1798.563	-2078.742	280.1784	0.561788	0.138271	0.259384	0.0405565	1.498127	1.152852	4.801451	1.075048
16884	-1815.891	-2095.673	279.7818	0.520305	0.238914	0.20322	0.0375618	1.371207	1.403976	4.801451	1.348533
16890	-1805.693	-2087.965	282.2717	0.533642	0.245038	0.165184	0.0561356	1.231004	1.128262	3.806281	1.003644
16896	-1817.703	-2099.582	281.8799	0.697826	0.0304607	0.162472	0.109241	0.9366393	1.361918	3.447594	2.276163
16902	-1813.558	-2094.136	280.5775	0.676817	0.0233406	0.214296	0.0855458	4.06915	1.325678	3.108132	1.912309
16908	-1823.364	-2105.019	281.6543	0.64871	0.0311378	0.208715	0.111437	2.062024	1.458511	3.069553	1.989229
16914	-1824.378	-2105.118	280.7401	0.812125	0.0324703	0.0820979	0.0733066	1.638258	1.191179	3.879063	2.163098
16920	-1819.38	-2102.004	282.6244	0.736617	0.0435048	0.0941232	0.125755	1.107419	1.241629	3.117441	1.955052
16926	-1831.612	-2113.385	281.7723	0.785815	0.0878962	0.0598511	0.0664374	1.768502	1.28025	3.117441	2.27197
16932	-1822.654	-2100.379	277.7258	0.749957	0.0743529	0.0738979	0.101792	2.290691	0.9497583	5.652608	1.631832
16938	-1819.364	-2098.454	279.0909	0.726414	0.128485	0.0386317	0.106469	2.042957	1.045649	4.580365	2.511668
16944	-1806.862	-2088.512	281.6498	0.667127	0.117999	0.0544786	0.160396	1.456793	1.060301	3.662479	1.832456
16950	-1828.654	-2106.464	277.8103	0.671176	0.116618	0.0217765	0.190429	2.484588	1.205007	4.697149	3.516197
16956	-1824.279	-2103.207	278.9281	0.494067	0.365237	0.0216782	0.119018	1.164112	1.153544	4.697149	3.486009
16962	-1822.007	-2102.054	280.047	0.418244	0.406145	0.0459976	0.129614	1.052222	1.430182	4.396067	2.268996
16968	-1805.42	-2088.8	283.38	0.427435	0.393094	0.0470084	0.132462	1.052222	1.348501	2.91539	1.38248
16974	-1808.204	-2090.089	281.8849	0.7253	0.142528	0.0582457	0.0739265	1.052222	1.309042	2.919978	3.625058
16980	-1824.001	-2102.91	278.9087	0.789534	0.1092	0.044626	0.0566401	1.985766	1.203481	4.10463	4.110052
16986	-1822.462	-2103.515	281.0531	0.720062	0.141463	0.0115921	0.126883	1.367156	1.229748	3.51279	2.94497
16992	-1825.109	-2105.977	280.8676	0.797611	0.126462	0.0101908	0.0657364	2.038576	1.407699	3.182481	2.980791
16998	-1831.416	-2114.163	282.7467	0.624157	0.221241	0.0178285	0.136774	1.250284	1.273806	2.799193	2.282459
17004	-1812.185	-2091.526	279.3407	0.617063	0.130586	0.210056	0.0422954	1.892889	1.382002	4.428388	2.217213
17010	-1818.997	-2101.145	282.1472	0.565165	0.203708	0.192389	0.0387381	1.892889	1.328914	3.046535	1.736429
17016	-1828.341	-2110.365	282.0237	0.684822	0.0510674	0.251692	0.0124185	1.367657	1.387539	3.344046	1.736429
17022	-1810.767	-2093.715	282.9485	0.636805	0.0340141	0.322105	0.00707626	1.244421	1.611468	2.503752	2.205108
17028	-1818.715	-2102.615	283.8997	0.811075	0.0303129	0.152306	0.00630627	1.244421	1.361077	2.438493	1.448885
17034	-1812.088	-2093.738	281.6503	0.776402	0.0066149	0.209455	0.00752793	2.036017	1.704277	2.726077	2.476841
17040	-1815.484	-2097.524	282.0396	0.720818	0.0137772	0.254747	0.010658	2.036017	1.721572	2.310325	2.882025
17046	-1813.47	-2096.31	282.8398	0.749118	0.0183756	0.210989	0.0215172	1.87997	1.658626	2.310325	1.971468
17052	-1834.351	-2117.325	282.9741	0.656908	0.0883071	0.200398	0.0543861	1.151777	1.643371	2.489614	2.279394
17058	-1824.796	-2108.234	283.4379	0.617529	0.0642689	0.219267	0.0989354	1.380514	1.87226	1.952088	2.177268
17064	-1813.801	-2098.131	284.3302	0.770088	0.0359289	0.120946	0.0730374	1.31344	1.833115	1.371301	2.199303
17070	-1812.678	-2096.41	283.7318	0.794506	0.0370681	0.12478	0.0436456	1.724845	1.744399	1.837301	1.793317
17076	-1815.486	-2099.507	284.0204	0.740374	0.0684873	0.150466	0.040672	1.354238	1.771999	1.837301	1.793317
17082	-1815.744	-2097.54	281.7956	0.737321	0.0774468	0.131363	0.053869	1.999707	1.606174	2.899542	2.043451
17088	-1812.128	-2091.668	279.5403	0.718872	0.0936297	0.158812	0.028686	2.102261	1.335265	4.609687	1.417735
17094	-1820.412	-2102.204	281.7926	0.694962	0.195519	0.030977	0.0785428	1.258578	1.355607	3.541859	1.766866
17100	-1817.099	-2099.126	282.0274	0.591187	0.12465	0.175697	0.108465	1.421596	1.362514	3.464833	1.458974
17106	-1809.927	-2092.777	282.8499	0.627311	0.0695655	0.208098	0.095025	1.264471	1.53642	2.788418	1.797142
17112	-1823.312	-2105.614	282.3022	0.791885	0.0218589	0.088748	0.0975079	1.857536	1.541998	2.662082	2.119395
17118	-1818.214	-2100.441	282.2266	0.717128	0.0554211	0.0222267	0.205224	1.453378	1.475135	2.905095	2.227034
17124	-1818.711	-2102.139	283.4284	0.5722	0.235888	0.0742819	0.117631	1.33785	1.467565	2.74868	1.204899
17130	-1814.816	-2096.902	282.0857	0.465193	0.332584	0.0899247	0.112299	0.8566843	1.38343	3.755975	1.415506
17136	-1806.557	-2087.708	281.1508	0.691958	0.244944	0.020836	0.0422623	1.268617	1.324068	4.093946	1.415506
17142	-1804.068	-2085.655	281.5872	0.480944	0.412721	0.0322582	0.0740773	1.358781	1.33917	4.053425	0.9292921
17148	-1793.65	-2075.769	282.1196	0.54172	0.310245	0.064597	0.0834383	0.9670057	1.34182	3.923295	0.9949972
17154	-1797.235	-2078.812	281.5771	0.510211	0.292199	0.019379	0.178211	1.149947	1.237112	4.13576	1.091258
17160	-1792.648	-2076.341	283.6929	0.611635	0.269845	0.0368436	0.0816764	1.149947	1.458335	2.724276	1.162294
17166	-1799.721	-2083.251	283.5304	0.642384	0.212439	0.0747767	0.0704006	1.356736	1.748041	2.338402	1.492278
17172	-1796.663	-2078.919	282.2562	0.667276	0.220671	0.0311485	0.0809043	1.479672	1.542473	3.2217	1.406578
17178	-1810.497	-2093.266	282.7696	0.687458	0.174454	0.0428899	0.0951986	1.312768	1.347494	2.779281	2.112592
17184	-1801.467	-2083.168	281.701	0.675214	0.189157	0.042126	0.093503	1.312768	1.286892	3.54169	1.908108
17190	-1802.929	-2085.677	282.7487	0.655915	0.183751	0.02822	0.132114	0.7895587	1.060045	3.602704	1.410244
17196	-1789.716	-2069.545	279.8287	0.695058	0.162848	0.0250097	0.117085	1.863183	1.118624	4.51028	1.757194
17202	-1796.274	-2076.49	280.2156	0.719733	0.0889929	0.0380904	0.153184	2.250757	1.155114	4.044042	1.900734
17208	-1797.679	-2080.242	282.5638	0.752734	0.128136	0.0282606	0.0908697	1.051667	1.413452	3.223008	1.658616
17214	-1802.92	-2084.897	281.977	0.832568	0.0224434	0.0739311	0.0710572	1.303126	1.442188	2.814215	3.108036
17220	-1808.734	-2089.904	281.1703	0.823333	0.0221945	0.073111	0.0813616	2.544567	1.335036	2.692144	3.377223
17226	-1797.378	-2079.795	282.4171	0.852471	0.0202393	0.053095	0.0741942	1.341266	1.342658	2.810949	2.514373
17232	-1792.577	-2072.879	280.3018	0.835596	0.0221547	0.128123	0.0141265	1.826653	1.225345	3.975847	2.280189
17238	-1807.394	-2087.712	280.3185	0.832642	0.01223	0.136944	0.0181837	1.468438	1.487235	3.975847	2.30554
17244	-1817.669	-2099.436	281.7672	0.818183	0.0120176	0.0769143	0.0928854	1.362803	1.335399	3.139323	2.654399
17250	-1800.07	-2081.395	281.3251	0.755718	0.0142248	0.0944315	0.135626	1.969394	1.587959	2.944136	2.679096
17256	-1790.391	-2073.219	282.8286	0.801573	0.0102543	0.100161	0.0880111	1.112817	1.587959	2.610799	2.342016
17262	-1793.139	-2075.742	282.6033	0.565416	0.215133	0.11681	0.102641	1.702926	1.566677	2.809281	1.555254
17268	-1790.153	-2073.353	283.2001	0.466947	0.29695	0.101324	0.134779	1.067029	1.625983	2.618229	1.829806
17274	-1808.99	-2093.222	284.2321	0.401477	0.434025	0.0486162	0.115882	0.9315195	1.541817	2.694817	0.8047119
17280	-1803.404	-2084.915	281.5103	0.59396	0.245971	0.0745344	0.0855339	1.126558	1.361347	3.717937	1.891123
17286	-1817.487	-2097.22	279.733	0.535893	0.28572	0.0440841	0.134303	1.550781	1.488751	4.667435	1.401114
17292	-1815.139	-2095.077	279.9383	0.540908	0.288429	0.0351023	0.13556	1.550781	1.182681	4.076741	2.982381
17298	-1793.643	-2073.636	279.9926	0.430333	0.379708	0.0132563	0.176702	1.600488	1.284032	4.5133	1.607465
17304	-1825.994	-2108.267	282.2731	0.598326	0.264557	0.0423166	0.0948006	1.109555	1.540616	3.410173	1.411604
17310	-1815.437	-2099.019	283.5822	0.470774	0.290637	0.163854	0.0747351	1.109555	1.707687	2.62025	1.235789
17316	-1812.537	-2093.437	280.9002	0.620599	0.232322	0.0485584	0.0985197	1.403717	1.450046	4.063751	1.47867
17322	-1805.564	-2082.953	277.3888	0.733612	0.0271192	0.100923	0.138346	1.598167	1.107313	5.696678	2.476663
17328	-1812.403	-2091.698	279.2947	0.772255	0.0453112	0.126017	0.0564173	1.622468	1.247371	4.595186	2.361336
17334	-1809.751	-2088.065	278.3137	0.541507	0.242905	0.123649	0.0919384	2.320378	1.11242	4.901397	2.417638
17340	-1802.993	-2081.45	278.4571	0.411795	0.482626	0.0123228	0.0932562	0.9770889	1.070737	5.890004	1.415655
17346	-1813.68	-2094.125	280.4456	0.632693	0.170624	0.0270594	0.169624	1.890661	1.18732	4.074012	1.837747
17352	-1806.598	-2085.034	278.4359	0.632693	0.170624	0.0270594	0.169624	1.067703	0.9449612	5.806869	1.660604
17358	-1813.433	-2091.027	277.5942	0.603594	0.162777	0.071807	0.161822	2.204042	0.8562939	5.37995	2.712636
17364	-1816.891	-2094.733	277.8419	0.744567	0.0674724	0.152081	0.0358795	1.538389	1.127151	5.37995	2.712636
17370	-1813.052	-2094.032	280.9805	0.526438	0.319805	0.113576	0.0401808	1.017928	1.25617	4.218151	1.723179
17376	-1809.638	-2090.174	280.5364	0.475161	0.337809	0.0998937	0.0871356	1.263248	0.9391318	4.575339	1.59281
17382	-1802.916	-2082.817	279.9008	0.494912	0.299689	0.120671	0.0847279	0.9068089	1.128051	5.132076	1.357871
17388	-1809.62	-2090.042	280.4227	0.48316	0.292572	0.117806	0.106462	1.655627	1.245082	4.3621	1.411508
17394	-1812.502	-2093.31	280.8084	0.478438	0.396426	0.0675237	0.057612	1.036408	1.128178	4.655964	1.159964
17400	-1801.655	-2083.525	281.8699	0.457979	0.416605	0.03866	0.086756	1.036408	1.1075	4.148466	1.015192
17406	-1806.853	-2089.672	282.8196	0.309147	0.547884	0.0570646	0.0859045	0.9775676	1.275193	3.622619	0.8747329
17412	-1797.687	-2079.443	281.7556	0.339989	0.602542	0.0039468	0.0535227	0.9777311	1.216377	4.089307	1.188009
17418	-1807.232	-2085.644	278.4112	0.329053	0.444396	0.00152032	0.225031	1.355335	0.9906995	5.688108	1.571081
17424	-1801.687	-2080.494	278.8066	0.39671	0.535769	0.00335981	0.0641612	1.32076	1.188575	5.462673	1.396183
17430	-1806.256	-2088.366	282.1094	0.471876	0.332295	0.0039964	0.191833	0.8346827	1.325046	3.860771	1.277584
17436	-1794.824	-2077.505	282.6808	0.377177	0.464217	0.00527107	0.153334	1.267947	1.363616	3.384539	1.051223
17442	-1817.786	-2100.391	282.605	0.513177	0.437507	0.00496777	0.0443489	0.7524124	1.387006	3.444252	1.557562
17448	-1811.592	-2093.443	281.8517	0.664281	0.213189	0.00979319	0.112736	1.582504	1.263467	3.471918	1.603883
17454	-1823.728	-2104.527	280.799	0.578713	0.299076	0.044443	0.0777679	1.382095	1.219568	3.898958	2.302011
17460	-1813.543	-2094.908	281.3652	0.765347	0.0118413	0.0231132	0.199698	2.697318	1.239683	2.769976	2.823093
17466	-1800.394	-2081.773	281.3782	0.760311	0.00378067	0.0382864	0.197622	2.884811	1.283824	2.562597	3.092371
17472	-1816.087	-2098.456	282.3693	0.715823	0.0159556	0.0512514	0.21697	1.70632	1.496702	2.725014	2.114075
17478	-1808.99	-2091.397	282.4069	0.650202	0.106165	0.0465531	0.19708	1.527096	1.415174	2.895234	1.997318
17484	-1808.079	-2090.571	282.4916	0.528844	0.12706	0.1838	0.160296	1.351316	1.561598	2.646072	2.464577
17490	-1793.826	-2073.956	280.1296	0.738735	0.0297938	0.123641	0.10783	1.491008	1.419547	4.049132	2.464577
17496	-1819.261	-2100.738	281.4777	0.811157	0.0327146	0.0377267	0.118401	1.502286	1.242356	2.926334	3.716327
17502	-1821.625	-2101.373	279.748	0.778645	0.0997126	0.0293936	0.0922491	1.734435	1.16761	4.116051	2.956347
17508	-1827.194	-2107.51	280.3156	0.79885	0.1023	0.0042067	0.0946429	1.734435	1.329248	3.864577	2.499678
17514	-1809.603	-2092.517	282.9139	0.399138	0.449141	0.0630405	0.0886805	1.059601	1.273918	3.337806	1.190877
17520	-1803.661	-2085.091	281.4303	0.537372	0.325189	0.0505774	0.0868622	1.083544	1.193958	4.046511	1.541911
17526	-1813.999	-2095.262	281.2632	0.714122	0.138884	0.0315618	0.115433	1.457014	1.336464	3.454433	2.478918
17532	-1812.549	-2093.096	280.5479	0.700645	0.140755	0.0397595	0.11884	1.457014	1.2004	3.941967	2.49133
17538	-1815.27	-2095.854	280.5839	0.700645	0.140755	0.0397595	0.11884	1.214199	1.319271	4.440127	1.428211
17544	-1806.302	-2086.502	280.2	0.612678	0.168634	0.0763104	0.142378	1.044862	1.088162	4.687868	1.833559
17550	-1813.795	-2096.46	282.6648	0.480089	0.284364	0.128681	0.106866	1.323597	1.285741	3.159407	1.511727
17556	-1814.8	-2095.897	281.0972	0.552068	0.326999	0.0299077	0.0910256	1.323597	1.073762	4.240988	1.409542
17562	-1807.533	-2088.346	280.8126	0.488498	0.29583	0.0250878	0.190584	1.278277	1.211506	4.211117	1.693035
17568	-1799.904	-2079.668	279.764	0.755602	0.108805	0.0388054	0.0967876	1.011908	1.150684	4.531713	2.816627
17574	-1806.633	-2087.958	281.3255	0.707983	0.0789446	0.0331012	0.179972	1.386244	1.191059	3.808977	1.835081
17580	-1815.575	-2095.175	279.6004	0.675723	0.0371304	0.140073	0.147073	1.928107	1.034514	4.307993	2.620819
17586	-1801.022	-2081.113	280.0909	0.641999	0.212594	0.0474488	0.0979591	1.624451	1.55704	4.206774	1.79344
17592	-1799.393	-2080.418	281.0246	0.64964	0.251874	0.0321373	0.0663481	1.463499	1.308628	3.958775	1.653829
17598	-1790.186	-2071.083	280.8967	0.61144	0.272611	0.0535021	0.0624467	1.6045	1.434737	3.70016	2.078823
17604	-1794.915	-2076.935	282.0191	0.583893	0.260329	0.0943296	0.0614485	1.947342	1.60752	2.854888	1.896308
17610	-1793.493	-2076.604	283.1106	0.651737	0.135628	0.136762	0.0758728	1.816971	1.773867	1.892121	2.388995
17616	-1800.122	-2084.072	283.9504	0.681533	0.0596745	0.145017	0.113776	1.454748	1.79186	1.656275	2.080413
17622	-1792.841	-2076.478	283.6367	0.616771	0.175662	0.0411227	0.166444	1.454748	1.815849	2.05928	1.694948
17628	-1809.276	-2093.814	284.5387	0.388976	0.385698	0.100803	0.124523	1.113871	1.871824	1.628666	1.67334
17634	-1824.11	-2106.249	282.139	0.725839	0.0284782	0.152965	0.0927187	1.271416	1.272721	3.335936	1.863827
17640	-1828.426	-2110.378	281.9522	0.627885	0.147436	0.126718	0.0979611	1.503058	1.434989	3.432932	1.443253
17646	-1824.782	-2107.907	283.1247	0.585785	0.163942	0.0807575	0.169515	1.250217	1.424929	2.780345	1.628458
17652	-1802.737	-2085.932	283.1957	0.697655	0.187278	0.0428578	0.0722095	1.146874	1.522589	2.54833	2.016502
17658	-1800.598	-2082.896	282.2987	0.797643	0.0693123	0.0490003	0.084044	1.146874	1.398607	2.732289	3.112272
17664	-1812.069	-2095.049	282.9803	0.811359	0.0773896	0.0498428	0.0614089	1.774785	1.537215	2.322405	2.030861
17670	-1809.402	-2092.292	282.8903	0.692689	0.131547	0.0425528	0.133211	1.774785	1.769806	2.210528	2.073815
17676	-1814.637	-2096.365	281.7278	0.620288	0.166235	0.0495772	0.163899	1.749624	1.458206	2.812976	2.862569
17682	-1801.811	-2083.326	281.5144	0.750997	0.0712786	0.0418331	0.135891	1.438935	1.458206	2.947757	3.288865
17688	-1791.256	-2073.771	282.5151	0.724326	0.116299	0.0367038	0.122671	1.335433	1.413864	2.858199	2.164576
17694	-1812.982	-2095.882	282.9001	0.661717	0.106246	0.125942	0.106094	1.440253	1.386398	2.629409	2.059173
17700	-1812.586	-2094.009	281.4234	0.599988	0.11656	0.206724	0.076727	1.365441	1.261735	3.62369	2.059173
17706	-1809.399	-2091.889	282.4902	0.613695	0.111496	0.19633	0.0784798	0.9345511	1.243126	3.704607	1.138761
17712	-1812.863	-2095.134	282.2712	0.569111	0.170239	0.166556	0.0940941	1.425259	1.280402	3.216643	1.766876
17718	-1799.941	-2082.516	282.5747	0.557784	0.186754	0.163241	0.0922214	1.18477	1.294325	3.229623	1.620439
17724	-1793.136	-2076.124	282.988	0.551814	0.26832	0.138032	0.0418344	1.633581	1.510742	2.609024	1.620439
17730	-1806.361	-2089.624	283.2629	0.566361	0.235559	0.152009	0.0460706	1.275315	1.700293	2.361029	1.927404
17736	-1799.766	-2081.938	282.1721	0.704567	0.141634	0.113808	0.0399917	1.298939	1.449941	3.304845	1.636341
17742	-1814.162	-2097.262	283.0994	0.618844	0.141003	0.116835	0.123318	1.149335	1.422338	2.738149	1.867629
17748	-1798.546	-2082.067	283.5211	0.705687	0.0820812	0.112924	0.0993074	1.207798	1.566068	2.107895	2.386622
17754	-1811.136	-2094.396	283.2602	0.761158	0.0125641	0.1218	0.104478	1.156862	1.683489	1.771225	3.525301
17760	-1831.696	-2113.389	281.6925	0.505774	0.195398	0.154513	0.144315	1.4444	1.120761	4.00427	1.052169
17766	-1820.798	-2102.291	281.4932	0.501049	0.285955	0.145562	0.0674347	1.4444	1.384304	4.00427	0.9876265
17772	-1808.769	-2090.451	281.6823	0.411021	0.337654	0.10037	0.150955	0.7534745	1.226843	4.332318	1.04961
17778	-1819.09	-2101.004	281.9135	0.601639	0.235032	0.0582536	0.105075	0.8194132	1.176514	3.913733	1.581843
17784	-1824.878	-2106.496	281.6182	0.576447	0.269408	0.0721804	0.0819644	1.129316	1.429161	3.980153	1.152886
17790	-1822.581	-2103.056	280.475	0.586836	0.212846	0.0582728	0.142045	1.712894	1.155965	4.490636	1.152886
17796	-1823.755	-2104.966	281.2113	0.565698	0.205179	0.0219989	0.207124	1.163921	1.214443	4.053579	1.67174
17802	-1820.244	-2100.167	279.9224	0.549369	0.20711	0.0213638	0.222158	2.72937	1.185321	4.132892	1.634932
17808	-1805.374	-2086.616	281.2421	0.748447	0.074759	0.0051484	0.171646	1.967309	1.225103	3.655112	1.634932
17814	-1804.378	-2084.469	280.0914	0.838229	0.0395504	0.00355918	0.118662	2.118571	1.414193	4.047244	1.841985
17820	-1804.211	-2086.156	281.9452	0.847919	0.0540941	0.0144326	0.0835543	2.118571	1.414193	2.806548	2.191294
17826	-1813.223	-2095.254	282.0313	0.513132	0.281642	0.00873412	0.196492	0.9441626	1.209453	3.88681	1.31655
17832	-1803.952	-2087.065	283.1125	0.576171	0.245175	0.00760323	0.17105	1.284108	1.410539	2.741634	1.699812
17838	-1810.918	-2093.222	282.3036	0.704671	0.253272	0.00371674	0.0383405	1.447205	1.557878	3.204162	1.401092
17844	-1805.051	-2086.601	281.5503	0.687567	0.247125	0.00362653	0.0616811	1.447205	1.399098	3.310447	2.338062
17850	-1820.372	-2101.514	281.1422	0.60979	0.333606	0.00189982	0.0547038	1.547281	1.31595	3.822912	1.702311
17856	-1804.936	-2086.951	282.0153	0.578863	0.32342	0.00467865	0.0930386	1.191462	1.41427	3.50269	1.582323
17862	-1795.571	-2077.689	282.1177	0.662822	0.071914	0.204002	0.061262	1.826275	1.584992	2.614934	2.466235
17868	-1801.755	-2083.086	281.3317	0.55423	0.315393	0.100266	0.0301101	2.003249	1.478665	3.374835	1.77062
17874	-1810.436	-2091.534	281.0978	0.533748	0.137178	0.279907	0.0491668	0.9995116	1.467947	3.789133	2.310569
17880	-1811.624	-2090.606	278.982	0.511519	0.294127	0.144742	0.0496115	1.029662	1.142927	5.301754	1.928516
17886	-1816.813	-2095.65	278.8376	0.440079	0.405244	0.130399	0.0242781	1.537509	1.429404	5.383062	1.056352
17892	-1798.692	-2076.705	278.0133	0.409229	0.316224	0.184451	0.090095	0.9012061	0.9983634	5.850974	2.259712
17898	-1799.017	-2077.174	278.1567	0.560966	0.240065	0.086885	0.112084	1.044321	1.16091	5.873631	1.617264
17904	-1793.621	-2074.976	281.3558	0.565225	0.241887	0.0423107	0.150576	1.050573	1.376873	3.832556	1.909601
17910	-1796.155	-2077.754	281.5996	0.539911	0.215994	0.108873	0.135221	1.875338	1.349848	3.435115	1.59435
17916	-1809.809	-2091.641	281.8319	0.627055	0.174669	0.129344	0.0689326	1.033599	1.338421	3.283759	2.653141
17922	-1812.992	-2096.52	283.5279	0.633072	0.200574	0.105471	0.0608835	1.509011	1.349193	2.70329	1.143905
17928	-1813.541	-2095.993	282.4526	0.553284	0.266373	0.132727	0.0476168	1.080795	1.403859	3.414763	1.386223
17934	-1807.74	-2090.668	282.928	0.43238	0.345041	0.190572	0.0320068	0.9029731	1.285707	3.414763	1.19126
17940	-1808.118	-2089.803	281.6846	0.588671	0.200295	0.0960278	0.115006	0.9310557	1.335186	3.628557	2.159273
17946	-1806.021	-2088.09	282.0686	0.540422	0.179128	0.177598	0.102852	1.380366	1.464168	3.336176	1.591166
17952	-1807.796	-2090.893	283.0971	0.432897	0.423346	0.0381523	0.105605	1.19341	1.497215	2.804584	1.591166
17958	-1808.514	-2088.212	279.6979	0.347921	0.340244	0.108094	0.203741	1.48837	1.250906	4.711152	1.692786
17964	-1810.526	-2092.246	281.7198	0.829496	0.0672846	0.0353267	0.067893	2.130065	1.166065	3.217436	1.895343
17970	-1808.698	-2091.648	282.9503	0.336327	0.546248	0.0830246	0.0344004	0.9598467	1.586623	2.893207	1.761527
17976	-1812.207	-2095.528	283.3211	0.538456	0.233081	0.103211	0.125252	0.8706768	1.481914	2.725032	1.890684
17982	-1811.836	-2094.278	282.4421	0.694045	0.121781	0.0732258	0.110948	0.9402711	1.398172	3.194614	2.037339
17988	-1805.358	-2086.829	281.4714	0.651158	0.164255	0.100375	0.0842128	2.119354	1.353202	3.194614	2.037339
17994	-1800.967	-2083.271	282.3037	0.623036	0.154525	0.0955215	0.126917	1.647045	1.45465	2.907057	1.92259
18000	-1799.393	-2081.922	282.529	0.652982	0.148355	0.0768144	0.121849	1.07419	1.358396	2.988417	2.265424
18006	-1805.28	-2086.797	281.5167	0.737244	0.0384564	0.0867268	0.137572	2.30345	1.48225	3.005586	2.052912
18012	-1807.945	-2090.552	282.607	0.652739	0.232451	0.0177468	0.0970633	1.677138	1.631153	2.54268	2.042129
18018	-1801.543	-2083.777	282.2339	0.725232	0.147207	0.0197177	0.107843	1.228569	1.502127	3.119094	1.970673
18024	-1798.025	-2080.292	282.2674	0.680211	0.105298	0.00239877	0.212092	1.494625	1.180405	2.812706	2.783761
18030	-1794.024	-2077.213	283.1889	0.698661	0.109851	0.0143048	0.177184	1.13681	1.180405	2.623024	2.34838
18036	-1784.678	-2067.37	282.692	0.665116	0.129084	0.0168094	0.18899	1.13681	1.359694	2.81008	2.366286
18042	-1790.446	-2070.817	280.3708	0.627034	0.184834	0.0442883	0.143844	0.9602155	1.143635	4.28093	2.653359
18048	-1800.568	-2082.612	282.0441	0.557055	0.219514	0.052598	0.170833	0.9131899	1.125126	3.741266	1.731791
18054	-1802.804	-2081.995	279.1914	0.620254	0.243158	0.0321544	0.104434	1.795813	0.9563881	5.104973	1.500848
18060	-1797.284	-2077.127	279.8436	0.651022	0.2769	0.0162303	0.0558473	1.972489	1.320265	4.199605	2.082324
18066	-1803.967	-2084.753	280.7852	0.635788	0.124198	0.0984912	0.141522	1.203284	1.252356	3.96085	2.35555
18072	-1808.457	-2090.156	281.6985	0.645205	0.235503	0.0885391	0.030753	1.203284	1.169543	3.797804	1.631442
18078	-1809.363	-2090.634	281.2708	0.582861	0.266854	0.0500796	0.100206	1.010174	1.259475	3.924037	2.01911
18084	-1808.507	-2090.143	281.6361	0.746338	0.140352	0.0263394	0.0869702	1.083778	1.242319	3.409845	2.697011
18090	-1811.646	-2091.859	280.2132	0.783104	0.138831	0.0181465	0.059918	1.813588	1.284346	3.984869	2.31476
18096	-1801.517	-2081.925	280.4081	0.772223	0.0695549	0.0178943	0.140328	1.19423	1.284346	4.229071	2.18847
18102	-1790.363	-2072.577	282.214	0.706268	0.0877906	0.0288236	0.177118	1.45849	1.406963	2.850087	2.46957
18108	-1804.788	-2086.788	282.0006	0.667578	0.0441265	0.12088	0.167415	1.594698	1.347005	2.850087	2.709849
18114	-1804.309	-2086.71	282.4009	0.841902	0.0300489	0.0823161	0.0457331	2.117645	1.387673	2.635042	1.989024
18120	-1807.176	-2088.823	281.6469	0.734884	0.0318866	0.176063	0.0571662	1.653697	1.2107	3.255416	2.351843
18126	-1802.455	-2084.598	282.1428	0.582888	0.0865125	0.198655	0.131944	1.37928	1.35689	3.021214	2.333495
18132	-1797.866	-2078.061	280.1955	0.833784	0.0455042	0.0513112	0.0694007	1.981175	1.034435	4.162857	2.071571
18138	-1812.938	-2091.804	278.8657	0.716111	0.0511026	0.139178	0.0936082	1.625328	0.9410666	5.117959	2.073459
18144	-1809.762	-2089.473	279.7103	0.575062	0.215094	0.110076	0.0997681	2.230543	1.114371	4.369633	1.883398
18150	-1820.243	-2098.504	278.2615	0.590484	0.246261	0.110522	0.0527325	1.542776	0.9062086	5.604104	1.845561
18156	-1813.995	-2092.743	278.7477	0.55548	0.153872	0.195518	0.0951292	2.678057	1.024758	4.768847	1.935412
18162	-1805.079	-2087.358	282.2787	0.537667	0.215377	0.0946529	0.152303	1.2383	1.389854	3.167145	1.941069
18168	-1805.635	-2087.123	281.4885	0.699709	0.106136	0.0618453	0.132309	1.320692	1.138257	3.81374	1.76007
18174	-1804.693	-2084.558	279.8654	0.750472	0.0778441	0.0528715	0.118812	1.852612	1.221263	4.058737	2.691627
18180	-1818.765	-2099.206	280.4411	0.660917	0.0685548	0.0465623	0.223966	1.049602	1.020983	4.247912	2.686842
18186	-1807.013	-2088.816	281.8025	0.738155	0.0765665	0.144504	0.0407747	1.449075	1.192803	3.147072	2.682105
18192	-1827.966	-2108.985	281.0186	0.760965	0.0480306	0.14897	0.0420347	1.555556	1.20779	3.508143	2.782578
18198	-1816.208	-2098.913	282.7056	0.699593	0.030466	0.230456	0.0394849	0.9147676	1.244445	3.508143	1.289782
18204	-1803.034	-2085.924	282.8902	0.472459	0.267995	0.230598	0.0289478	1.315163	1.364728	3.005282	1.467289
18210	-1803.417	-2085.207	281.7902	0.476011	0.27001	0.232331	0.0216473	1.111194	1.275652	4.021234	1.077575
18216	-1807.765	-2091.197	283.4327	0.455289	0.382617	0.0262449	0.135849	1.111194	1.557925	2.854258	1.146167
18222	-1807.496	-2090.125	282.6296	0.616726	0.210262	0.0280126	0.144999	1.346653	1.448928	3.223635	1.225048
18228	-1818.572	-2101.398	282.8263	0.624879	0.188017	0.0972956	0.0898085	0.9883861	1.441698	3.223635	1.391384
18234	-1814.212	-2095.547	281.3354	0.518707	0.258319	0.176323	0.0466499	1.072358	1.245605	4.152059	1.391384
18240	-1812.372	-2093.62	281.2481	0.640466	0.175421	0.125099	0.0590137	1.17099	1.365023	3.978245	1.596688
18246	-1802.614	-2083.144	280.5302	0.504921	0.295688	0.0275871	0.171804	1.100532	1.140908	4.653351	1.384368
18252	-1807.49	-2089.195	281.7052	0.576318	0.376961	0.0177851	0.0289364	1.194746	1.347567	3.345542	2.435704
18258	-1812.917	-2092.933	280.0157	0.521501	0.341106	0.0160935	0.1213	1.180528	1.347567	4.35217	2.366317
18264	-1813.755	-2094.358	280.6028	0.501105	0.327765	0.0545736	0.116556	1.180528	1.233488	4.315935	1.810385
18270	-1817.006	-2098.991	281.9847	0.696845	0.199584	0.00478628	0.0987843	1.177409	1.448182	3.589112	1.421759
18276	-1809.453	-2092.109	282.6558	0.484544	0.412521	0.00131959	0.101615	0.8238475	1.467462	3.50163	1.216406
18282	-1803.249	-2085.876	282.6263	0.671221	0.230394	0.000682741	0.0977028	1.232575	1.541661	3.164412	1.350501
18288	-1804.694	-2086.968	282.2741	0.600208	0.24759	0.0648358	0.0873663	1.057268	1.466851	3.389894	1.595479
18294	-1812.815	-2095.03	282.2146	0.49344	0.435048	0.00636134	0.0651505	1.031008	1.353374	3.636842	1.337657
18300	-1812.501	-2094.789	282.2881	0.48163	0.441498	0.0143523	0.0625198	1.222641	1.281874	3.75691	0.9278502
18306	-1795.821	-2077.489	281.6682	0.492406	0.380282	0.0312975	0.0960138	1.236109	1.297169	3.945053	1.19716
18312	-1806.43	-2089.099	282.6697	0.63783	0.196604	0.0235098	0.142057	1.241744	1.367181	3.360121	1.12657
18318	-1801.559	-2082.562	281.0028	0.589699	0.261877	0.0170439	0.13138	1.132869	1.087284	4.431831	1.322257
18324	-1810.512	-2091.214	280.7014	0.55329	0.219164	0.0174427	0.210103	2.309862	1.27278	3.947414	1.331425
18330	-1799.745	-2080.352	280.6069	0.753968	0.0989474	0.0468869	0.100198	1.447268	1.176963	3.947414	2.436892
18336	-1792.012	-2074.902	282.8905	0.569817	0.248831	0.0283634	0.152989	1.447268	1.147083	3.068148	1.460766
18342	-1792.287	-2074.155	281.8679	0.49905	0.327846	0.0405048	0.132599	0.9790798	1.165763	4.140319	1.030552
18348	-1795.914	-2076.879	280.965	0.552348	0.219003	0.053502	0.175147	2.139307	1.032521	3.872307	1.593633
18354	-1800.154	-2082.231	282.0776	0.532624	0.192866	0.0208468	0.253664	2.139307	1.617132	2.363583	2.732468
18360	-1807.968	-2090.891	282.9222	0.439515	0.329989	0.0101381	0.220358	1.533324	1.577031	2.731576	1.484699
18366	-1788.494	-2070.21	281.7158	0.317665	0.481054	0.122798	0.0784824	1.129206	1.471415	4.004228	0.9678599
18372	-1795.052	-2076.262	281.2102	0.513122	0.343255	0.0876223	0.0560009	1.414951	1.29214	4.004228	1.412667
18378	-1791.506	-2070.995	279.4885	0.419704	0.441589	0.131557	0.00714992	1.392189	0.9964332	5.190214	1.329126
18384	-1798.878	-2080.83	281.9522	0.562131	0.278811	0.144119	0.0149387	1.415207	1.387649	3.440086	1.573198
18390	-1789.662	-2069.3	279.638	0.658903	0.157724	0.168929	0.0144435	2.06171	1.304448	4.625694	1.344251
18396	-1786.818	-2068.247	281.4292	0.411605	0.542951	0.0310642	0.0143797	1.584069	1.524954	3.84645	1.067
18402	-1803.325	-2087.02	283.6948	0.411605	0.542951	0.0310642	0.0143797	0.9772138	1.418381	2.963457	0.9721281
18408	-1812.84	-2097.18	284.3406	0.343799	0.495019	0.0308885	0.130293	1.345705	1.751635	2.133886	0.9721281
18414	-1794.55	-2079.292	284.7423	0.432118	0.431561	0.0980005	0.038321	0.7807297	1.751635	2.157383	1.089629
18420	-1802.447	-2086.767	284.3202	0.535049	0.252867	0.18963	0.0224537	1.364765	1.775292	1.919986	1.28527
18426	-1811.916	-2096.26	284.3447	0.561884	0.25533	0.15052	0.0322657	1.168488	1.775292	1.889096	1.513169
18432	-1815.62	-2098.875	283.2552	0.539587	0.221667	0.171486	0.0672606	1.88638	1.755208	2.139568	1.652175
18438	-1813.814	-2098.058	284.2447	0.61224	0.24702	0.0261217	0.114618	1.429626	1.817963	1.809893	1.436861
18444	-1792.231	-2076.057	283.8259	0.573627	0.233922	0.0244742	0.167977	1.363831	1.78756	2.239396	1.283075
18450	-1793.955	-2075.997	282.0428	0.687983	0.242512	0.0224776	0.0470281	1.363831	1.574421	3.49573	1.206657
18456	-1790.182	-2071.515	281.3323	0.389799	0.500622	0.046401	0.0631778	1.013349	1.183633	4.384098	1.084498
18462	-1804.708	-2084.43	279.722	0.634042	0.280327	0.0106021	0.0750294	2.448581	1.021066	4.587985	1.337381
18468	-1807.72	-2086.998	279.2786	0.590723	0.250968	0.0107671	0.147543	1.417143	1.114123	5.111151	1.572207
18474	-1804.671	-2085.818	281.1466	0.66772	0.203753	0.00874144	0.119785	1.417143	1.410434	3.892842	1.572207
18480	-1810.254	-2090.628	280.3739	0.764692	0.0852918	0.0128345	0.137182	1.417143	1.099455	4.166872	2.366596
18486	-1816.329	-2097.082	280.7525	0.726539	0.0939599	0.0283784	0.151123	1.187323	0.9940344	4.337332	1.868357
18492	-1791.416	-2072.36	280.9434	0.638189	0.229826	0.0309388	0.101046	1.19279	1.046522	4.337332	1.562108
18498	-1801.875	-2081.157	279.2829	0.664632	0.168376	0.0189018	0.148089	1.919867	1.045909	4.759495	1.923153
18504	-1803.061	-2084.05	280.9894	0.720124	0.150279	0.0164949	0.113102	0.9334489	1.065926	4.411216	1.631709
18510	-1820.637	-2102.101	281.4643	0.629528	0.209742	0.129749	0.0309807	1.309661	1.492813	3.626682	1.764443
18516	-1815.686	-2094.474	278.7882	0.60221	0.20064	0.167513	0.0296363	0.9991214	1.144672	5.352757	2.102362
18522	-1805.632	-2086.626	280.9939	0.584201	0.209367	0.12662	0.0798117	1.466971	1.134847	4.244467	1.307905
18528	-1808.524	-2090.25	281.7256	0.672614	0.223748	0.0817775	0.0218601	1.16303	1.558995	3.80238	1.195329
18534	-1818.34	-2098.564	280.224	0.605458	0.172911	0.109276	0.112355	1.58593	1.164846	4.412143	1.704053
18540	-1811.699	-2094.727	283.0281	0.525503	0.306437	0.114622	0.0534371	1.550765	1.58684	2.813749	1.191685
18546	-1810.905	-2093.635	282.7304	0.744371	0.065707	0.0934355	0.0964861	1.791152	1.708007	2.239957	2.301385
18552	-1817.628	-2100.845	283.217	0.628943	0.246272	0.0679792	0.0568058	1.127945	1.756433	2.478055	1.853716
18558	-1828.046	-2109.284	281.238	0.503537	0.248584	0.142229	0.10565	1.188268	1.384764	4.066235	1.388379
18564	-1826.334	-2108.204	281.8702	0.614181	0.30338	0.0476538	0.0347853	1.626643	1.423992	3.274804	1.750103
18570	-1822.106	-2104.099	281.9937	0.635404	0.25632	0.0845278	0.0237475	1.656148	1.215928	3.468313	1.429554
18576	-1819.705	-2099.885	280.1794	0.632332	0.240268	0.084119	0.0432814	1.898324	1.396852	4.1705	1.689284
18582	-1820.53	-2103.208	282.6784	0.738265	0.110933	0.0889875	0.0618144	0.9472653	1.390976	3.193685	1.734342
18588	-1813.196	-2094.55	281.3543	0.811706	0.0928383	0.046699	0.0487572	1.759223	1.50518	3.193685	2.376129
18594	-1826.255	-2109.114	282.8588	0.619344	0.166146	0.0804179	0.134092	1.312148	1.628409	2.666265	1.866865
18600	-1807.694	-2088.456	280.7627	0.694587	0.127025	0.0614825	0.116905	1.1506	1.478894	4.066677	1.89007
18606	-1806.459	-2089.823	283.3634	0.595598	0.258961	0.0699393	0.0755012	0.9123354	1.455527	3.017505	1.251002
18612	-1801.385	-2083.62	282.2344	0.726764	0.031435	0.0786403	0.16316	1.557676	1.360356	2.839453	2.407995
18618	-1811.525	-2093.068	281.5436	0.678877	0.165238	0.00347542	0.15241	1.557676	1.303851	3.35	2.251307
18624	-1815.15	-2095.558	280.4083	0.368118	0.564294	0.000442307	0.0671461	0.7360656	1.517845	4.760356	1.301707
18630	-1812.286	-2092.874	280.5877	0.376513	0.556714	0.000528694	0.0662442	0.922139	1.381746	4.705051	1.154067
18636	-1804.011	-2083.325	279.3144	0.430592	0.493044	0.000604631	0.075759	0.922139	1.330786	5.218732	1.601456
18642	-1809.854	-2091.967	282.1133	0.590476	0.190257	0.00783026	0.211436	1.293326	1.272163	3.068285	2.500562
18648	-1801.752	-2084.112	282.36	0.692687	0.221475	0.00448005	0.0813582	1.266866	1.239887	3.113642	2.11828
18654	-1797.387	-2077.765	280.3778	0.625541	0.241243	0.00314384	0.130072	1.233278	1.317281	4.035429	2.631245
18660	-1812.276	-2090.29	278.0142	0.799824	0.101246	0.00401975	0.0949102	2.220073	0.931832	4.379877	5.230673
18666	-1808.312	-2088.071	279.7587	0.657733	0.205256	0.0101546	0.126856	1.719053	1.17179	4.54947	1.834786
18672	-1803.684	-2085.115	281.4304	0.716806	0.223691	0.0144915	0.0450118	1.47946	1.385856	3.413231	2.237986
18678	-1814.723	-2097.687	282.9632	0.525006	0.396756	0.0257032	0.0525356	1.10913	1.334831	2.635324	2.463093
18684	-1813.435	-2096.114	282.6783	0.448743	0.460403	0.0434031	0.0474506	0.8735866	1.586274	3.336907	1.311881
18690	-1813.316	-2095.954	282.6383	0.708797	0.00490124	0.206948	0.079354	1.193687	1.356538	3.028599	1.87348
18696	-1816.3	-2099.555	283.2553	0.7887	0.00375153	0.100698	0.10685	1.193687	1.694223	1.766839	3.462095
18702	-1803.544	-2084.098	280.554	0.664481	0.00316067	0.29389	0.0384681	2.049212	1.43033	3.739506	1.98333
18708	-1804.799	-2086.143	281.344	0.734144	0.00349203	0.169743	0.0926209	1.697805	1.211678	3.566698	1.98333
18714	-1815.092	-2097.594	282.5018	0.376969	0.486058	0.0611412	0.0758316	0.7718013	1.156998	3.78665	1.245512
18720	-1807.91	-2091.675	283.7652	0.375413	0.484051	0.0608887	0.0796472	0.5764003	1.46198	3.19952	0.8825629
18726	-1802.542	-2087.188	284.6462	0.602178	0.240065	0.118255	0.039501	1.014749	1.751285	1.885688	1.373338
18732	-1803.966	-2088.747	284.7815	0.397028	0.398995	0.16214	0.0418367	1.054702	1.579081	2.024871	1.14687
18738	-1800	-2082.606	282.6063	0.262979	0.580077	0.107397	0.0495474	2.313872	1.579081	2.744755	1.14687
18744	-1793.149	-2076.667	283.5178	0.409897	0.326946	0.185929	0.077228	1.105453	1.399999	2.933795	1.09108
18750	-1808.869	-2091.581	282.7118	0.464931	0.386933	0.0540312	0.0941048	1.797247	1.495189	2.557139	1.924393
18756	-1793.482	-2077.22	283.7388	0.678864	0.206101	0.0810274	0.0340077	1.118334	1.506271	2.418736	1.644804
18762	-1795.513	-2077.687	282.1736	0.650824	0.20081	0.125446	0.0229199	1.908564	1.619746	2.766277	1.907459
18768	-1804.619	-2087.518	282.899	0.650824	0.20081	0.125446	0.0229199	1.174205	1.508257	2.866553	1.716199
18774	-1809.876	-2093.853	283.9765	0.615235	0.189829	0.17327	0.0216665	1.174205	1.455721	2.5385	1.158958
18780	-1810.179	-2093.104	282.9254	0.575046	0.18685	0.222541	0.0155634	1.153029	1.455721	2.956578	1.591554
18786	-1816.916	-2098.698	281.7827	0.512099	0.122822	0.324441	0.0406374	0.9824794	1.253566	3.769868	1.748156
18792	-1812.459	-2094.395	281.9359	0.699919	0.0966922	0.13584	0.0675487	1.319033	1.19327	3.584774	1.63142
18798	-1818.916	-2100.212	281.2965	0.534775	0.310597	0.103789	0.050839	0.9066424	1.142696	4.186286	1.681454
18804	-1810.534	-2092.566	282.0323	0.54175	0.365638	0.0210442	0.0715676	1.792905	1.669313	3.077229	1.49839
18810	-1806.579	-2090.654	284.0749	0.40155	0.523078	0.0171266	0.0582446	0.8606166	1.597865	2.46076	1.37042
18816	-1801.113	-2083.68	282.5669	0.544419	0.285055	0.0717305	0.0987963	1.861085	1.532295	2.890268	1.339933
18822	-1795.42	-2077.582	282.162	0.522626	0.355957	0.0862397	0.0351771	2.103757	1.225208	3.376125	1.03633
18828	-1798.807	-2081.491	282.6838	0.453394	0.414055	0.0998457	0.0327053	1.494401	1.260665	3.226379	1.223933
18834	-1801.117	-2083.263	282.1456	0.441274	0.436417	0.0971768	0.0251321	1.685503	1.259016	3.608205	0.9447019
18840	-1801.878	-2085.726	283.8484	0.532005	0.24351	0.143516	0.0809687	1.024613	1.433855	2.492672	1.569234
18846	-1797.747	-2082.444	284.6973	0.658211	0.143028	0.113059	0.0857023	1.024613	1.805563	1.68726	1.569234
18852	-1786.821	-2069.774	282.9526	0.636608	0.159333	0.108588	0.095472	1.097212	1.547581	3.105957	1.236197
18858	-1797.285	-2079.605	282.3205	0.57327	0.153613	0.162216	0.110902	1.469332	1.415209	3.108128	1.717078
18864	-1799.718	-2081.761	282.0429	0.488045	0.188703	0.172329	0.150923	1.469332	1.335552	3.574732	1.2171
18870	-1791.738	-2074.254	282.516	0.505862	0.247012	0.131745	0.11538	1.304661	1.381319	3.447633	1.056913
18876	-1797.621	-2079.186	281.5648	0.448122	0.294603	0.137252	0.120023	1.22163	1.170143	4.160074	1.059214
18882	-1817.726	-2099.725	281.9992	0.671773	0.11626	0.184792	0.0271754	0.8723221	0.9842993	4.123096	1.226956
18888	-1798.509	-2078.058	279.5489	0.685118	0.0987034	0.188463	0.0277153	1.332401	1.161625	4.915984	1.704243
18894	-1809.417	-2091.655	282.2382	0.575339	0.219438	0.163923	0.0412998	1.150152	1.199191	3.539801	1.544382
18900	-1829.728	-2111.704	281.9767	0.624	0.217014	0.0528992	0.106087	1.297614	1.347831	3.727278	1.157939
18906	-1810.155	-2090.902	280.7471	0.61029	0.288037	0.0242276	0.0774446	1.485346	1.200028	4.200919	1.584348
18912	-1810.578	-2092.491	281.913	0.557348	0.22086	0.180707	0.0410855	1.483859	1.378186	3.711002	1.050315
18918	-1812.559	-2094.287	281.7285	0.536392	0.20252	0.232775	0.0283134	1.068911	1.259512	3.628884	2.014205
18924	-1813.066	-2096.237	283.1711	0.773791	0.119594	0.0810582	0.0255568	1.502703	1.602835	2.310685	2.014205
18930	-1804.479	-2087.685	283.2054	0.562941	0.306522	0.0929508	0.0375859	1.326184	1.543102	2.852276	1.192067
18936	-1815.788	-2096.884	281.0964	0.582445	0.317142	0.0848645	0.0155481	0.85493	1.190935	4.545319	1.192067
18942	-1800.948	-2081.522	280.5743	0.687279	0.146972	0.111194	0.0545559	1.835994	1.192306	4.347753	1.173427
18948	-1788.715	-2069.959	281.2441	0.617312	0.165351	0.115216	0.10212	1.303308	1.373565	4.06572	1.276969
18954	-1796.784	-2079.138	282.3541	0.598038	0.151538	0.175936	0.0744876	1.285556	1.388105	3.456854	1.220214
18960	-1803.125	-2085.521	282.3957	0.445555	0.275561	0.201459	0.0774249	1.152909	1.490614	3.44531	1.220214
18966	-1799.599	-2082.967	283.3681	0.60565	0.19088	0.13955	0.0639202	0.9699278	1.3667	2.981489	1.344474
18972	-1811.901	-2093.128	281.2273	0.684987	0.142371	0.113906	0.0587357	1.278553	1.285822	4.221237	1.121951
18978	-1799.973	-2083.371	283.3985	0.555481	0.18006	0.226555	0.0379041	1.313113	1.323944	2.911435	1.129355
18984	-1796.312	-2078.003	281.6907	0.654724	0.21223	0.0713104	0.0617355	1.33134	1.244786	3.907469	1.205543
18990	-1801.979	-2082.398	280.4191	0.459943	0.466772	0.020182	0.0531036	1.384688	1.221416	4.651443	1.135481
18996	-1797.633	-2078.419	280.7858	0.608631	0.14938	0.146724	0.0952662	1.577006	1.139884	4.302754	1.314272
19002	-1798.75	-2079.225	280.4745	0.518723	0.247439	0.154242	0.0795953	1.596039	1.139884	4.541938	1.175656
19008	-1809.343	-2089.56	280.217	0.562081	0.268121	0.0835499	0.0862482	1.62187	1.310838	4.322983	1.6904
19014	-1800.673	-2082.376	281.7032	0.608057	0.193681	0.0975558	0.100706	1.361954	1.411361	3.566742	1.639597
19020	-1817.521	-2097.679	280.1577	0.741318	0.0404539	0.132118	0.0861102	2.351289	1.195848	3.714996	2.639685
19026	-1811.666	-2093.914	282.2483	0.593427	0.0477218	0.102805	0.256046	1.288345	1.497679	3.084373	1.961271
19032	-1806.707	-2089.073	282.366	0.578415	0.147911	0.205004	0.0686699	1.558032	1.361215	2.922025	2.029523
19038	-1798.66	-2080.907	282.2469	0.551298	0.209392	0.195394	0.0439162	1.39219	1.517274	3.319511	1.345933
19044	-1811.097	-2094.297	283.2003	0.50241	0.22389	0.178066	0.0956344	1.183737	1.51777	2.86464	1.345933
19050	-1805.438	-2086.316	280.8777	0.647396	0.186671	0.0980217	0.067911	1.517688	1.480327	3.991323	1.50128
19056	-1801.157	-2082.013	280.8557	0.816681	0.0368606	0.06079	0.0856687	1.92061	1.406204	3.623824	2.00899
19062	-1817.492	-2097.974	280.4815	0.514669	0.297473	0.0408796	0.146978	1.742911	1.27973	4.039519	1.900408
19068	-1808.733	-2092.169	283.4353	0.683651	0.191917	0.0243132	0.100119	1.079673	1.593264	2.837992	1.166662
19074	-1818.157	-2100.157	281.9998	0.500915	0.301081	0.0302297	0.167774	1.785295	1.505451	3.31339	1.278524
19080	-1805.243	-2087.937	282.6933	0.448464	0.369609	0.0317207	0.150206	0.8882149	1.645208	3.31339	1.258472
19086	-1809.928	-2092.844	282.9165	0.683699	0.190142	0.0343049	0.0918533	1.417323	1.407962	2.376193	2.619189
19092	-1821.533	-2105.333	283.7992	0.539561	0.360617	0.0273331	0.0724887	1.559203	1.828887	1.537175	2.344097
19098	-1814.061	-2098.036	283.9753	0.654169	0.246437	0.00523028	0.0941641	1.369799	1.847852	1.506266	2.360927
19104	-1800.438	-2085.076	284.6381	0.658956	0.225891	0.0288391	0.0863136	0.8616834	1.697885	1.62933	2.094537
19110	-1801.393	-2084.976	283.5826	0.6237	0.277492	0.0247455	0.0740618	1.279349	1.631444	2.501349	1.352144
19116	-1812.833	-2097.133	284.3004	0.461535	0.383799	0.0301104	0.124556	1.511242	1.785456	1.91496	1.165998
19122	-1821.814	-2105.506	283.6923	0.335652	0.492842	0.0308811	0.140625	0.9655919	1.736444	2.47039	1.508502
19128	-1809.819	-2093.763	283.9436	0.53123	0.305298	0.0488749	0.114596	0.9824454	1.545482	2.323316	1.694059
19134	-1818.266	-2102.635	284.3693	0.473673	0.359701	0.0316093	0.135017	1.836984	1.605393	1.790578	1.192799
19140	-1821.572	-2103.718	282.1458	0.627652	0.205312	0.0254824	0.141554	1.621599	1.432902	3.184422	1.594768
19146	-1812.443	-2094.509	282.0653	0.670793	0.215911	0.0376407	0.0756548	1.0923	1.349437	3.326005	2.10754
19152	-1799.733	-2081.797	282.0643	0.561837	0.287371	0.0500984	0.100694	1.896453	1.503414	3.156007	1.407546
19158	-1802.714	-2084.078	281.3637	0.500362	0.44199	0.0203183	0.0373298	2.445363	1.477693	3.351475	1.407546
19164	-1808.687	-2090.991	282.304	0.401432	0.552318	0.016301	0.0299491	1.935246	1.519323	3.158514	1.095782
19170	-1807.981	-2091.064	283.0835	0.629364	0.13546	0.22736	0.00781549	1.501086	1.66159	2.555293	1.563722
19176	-1802.253	-2086.053	283.7994	0.628737	0.135325	0.235392	0.000546466	1.205502	1.680475	2.160345	1.749996
19182	-1827.971	-2108.125	280.154	0.59677	0.227102	0.0836416	0.0924863	1.870531	1.273606	4.410339	1.391933
19188	-1804.042	-2084.114	280.0721	0.488513	0.437269	0.063096	0.0111215	1.821727	1.458299	4.373899	1.391933
19194	-1815.863	-2096.125	280.2626	0.570739	0.336963	0.0650334	0.0272653	1.318897	1.309514	4.464384	1.652422
19200	-1809.885	-2090.665	280.7801	0.539066	0.318263	0.0614244	0.0812467	1.006813	1.244029	4.654725	1.101854
19206	-1811.077	-2090.842	279.7654	0.438287	0.401466	0.0689911	0.0912554	1.472298	1.189603	4.631943	1.880449
19212	-1801.347	-2082.078	280.7302	0.358708	0.411193	0.118999	0.1111	1.218107	1.157715	4.601906	1.128663
19218	-1810.003	-2092.393	282.3904	0.392444	0.338093	0.0970094	0.172454	1.300657	1.127553	3.585742	1.208744
19224	-1803.695	-2085.491	281.7957	0.481288	0.315024	0.104827	0.0988612	1.111919	1.326336	3.910992	1.219303
19230	-1806.523	-2090.476	283.9531	0.465842	0.397864	0.0403837	0.09591	0.9968879	1.417702	2.502237	1.48026
19236	-1811.918	-2094.133	282.2153	0.465842	0.397864	0.0403837	0.09591	1.473486	1.28742	3.479212	1.255773
19242	-1818.311	-2099.057	280.7454	0.606173	0.271961	0.012002	0.109864	1.473486	1.299924	4.212829	1.457339
19248	-1807.023	-2087.848	280.8247	0.53306	0.369769	0.0105544	0.0866167	1.359212	1.255002	4.211684	1.53691
19254	-1796.641	-2078.122	281.481	0.758049	0.0891536	0.02452	0.128278	1.359212	1.26378	3.499801	2.279933
19260	-1789.669	-2071.801	282.1313	0.736049	0.0692092	0.0395529	0.155189	2.079009	1.303495	2.953002	1.807616
19266	-1810.236	-2092.36	282.1243	0.764206	0.0728163	0.0715328	0.0914448	1.07785	1.125254	3.225966	2.614458
19272	-1822.279	-2101.089	278.8104	0.728802	0.0102816	0.169418	0.0914986	1.295623	1.09437	5.109587	2.361609
19278	-1822.544	-2102.258	279.714	0.728802	0.0102816	0.169418	0.0914986	1.465141	1.212229	4.239727	2.952023
19284	-1809.539	-2090.694	281.1547	0.611704	0.208703	0.0940155	0.0855779	1.448596	1.280019	3.519338	2.57127
19290	-1809.176	-2089.811	280.6345	0.60334	0.200331	0.114184	0.0821449	1.429393	1.361893	3.706595	2.778111
19296	-1804.207	-2086.46	282.2522	0.74582	0.0899347	0.101687	0.0625581	1.429393	1.268784	3.071161	2.123037
19302	-1806.219	-2085.655	279.4368	0.654067	0.1208	0.1213	0.103833	1.251235	1.047884	4.859485	2.234135
19308	-1803.644	-2082.826	279.1816	0.676391	0.13624	0.01132	0.176049	3.28408	1.231391	3.651801	3.425232
19314	-1798.883	-2079.435	280.5516	0.655299	0.0672904	0.0642564	0.213154	1.126244	1.188279	3.739168	3.607889
19320	-1804.81	-2085.443	280.6334	0.619076	0.091599	0.0547058	0.234619	1.843899	1.241553	3.876477	2.020296
19326	-1807.558	-2088.79	281.2316	0.59608	0.226659	0.0309015	0.146359	1.307756	1.324323	3.860857	1.760869
19332	-1808.95	-2090.694	281.7441	0.594946	0.189994	0.0689798	0.14608	1.268248	1.324323	3.690435	1.542319
19338	-1806.423	-2087.757	281.3337	0.653257	0.0941893	0.152175	0.100379	1.559541	1.246517	3.690435	1.823714
19344	-1828.746	-2109.133	280.3878	0.630503	0.0400998	0.114508	0.214889	1.385406	1.140108	4.260372	2.097026
19350	-1828.842	-2111.505	282.6629	0.325103	0.56929	0.022916	0.0826912	1.087645	1.380483	3.121531	1.743966
19356	-1796.694	-2077.144	280.4493	0.650314	0.291915	0.0106955	0.0470756	1.25335	1.218022	4.402635	1.743966
19362	-1800.307	-2079.884	279.577	0.558468	0.28768	0.0116085	0.142243	1.852884	1.236651	4.402635	2.197231
19368	-1793.151	-2074.649	281.498	0.548002	0.285449	0.122591	0.043958	1.596918	1.432476	3.636556	1.474526
19374	-1794.504	-2074.666	280.1628	0.512269	0.371914	0.0640616	0.0517552	2.416978	1.345274	4.099013	1.474526
19380	-1821.976	-2102.084	280.108	0.518185	0.237526	0.228146	0.0161426	3.87078	1.428364	3.592711	1.474526
19386	-1796.125	-2078.274	282.1485	0.707416	0.174589	0.0938712	0.0241235	2.840633	1.304293	2.861025	1.358481
19392	-1805.52	-2087.767	282.2466	0.645183	0.14105	0.191765	0.0220013	0.9796404	1.167549	3.744577	1.358481
19398	-1807.929	-2091.209	283.2806	0.614114	0.150229	0.18253	0.0531275	0.9503562	1.41116	2.8177	1.735857
19404	-1799.687	-2081.198	281.511	0.696797	0.0795082	0.177193	0.046502	1.57269	1.490768	2.902582	3.16764
19410	-1792.133	-2074.549	282.4167	0.702761	0.08559	0.113872	0.0977776	1.339459	1.31682	3.119019	1.84164
19416	-1787.515	-2067.751	280.2358	0.770043	0.102313	0.0846279	0.0430162	1.22087	1.262908	3.843365	3.552671
19422	-1806.114	-2085.785	279.6714	0.668979	0.160628	0.127705	0.0426883	1.382228	1.264718	4.342436	2.760188
19428	-1800.151	-2081.01	280.8584	0.527741	0.296378	0.0341822	0.141699	1.382228	1.257576	4.159865	1.577443
19434	-1788.7	-2070.902	282.2025	0.603569	0.226682	0.0357338	0.134015	1.352152	1.266194	3.308529	1.757385
19440	-1793.971	-2075.653	281.6828	0.678931	0.190823	0.0174305	0.112816	1.352152	1.54849	3.459324	1.73309
19446	-1803.859	-2084.933	281.074	0.726565	0.110034	0.0124792	0.150921	1.289703	1.339384	4.000474	1.656762
19452	-1801.324	-2082.795	281.471	0.656183	0.244746	0.00947349	0.089597	1.289703	1.118667	3.871927	1.715632
19458	-1805.324	-2086.845	281.5212	0.432698	0.461157	0.0181338	0.0880113	1.680681	1.505688	3.364373	1.839061
19464	-1816.612	-2096.218	279.6058	0.571371	0.303485	0.0051873	0.119957	1.759983	1.31605	4.317176	2.363669
19470	-1806.754	-2086.497	279.7427	0.526321	0.358402	0.00477831	0.110499	1.559351	1.186902	4.773105	1.510824
19476	-1796.974	-2077.389	280.4154	0.437609	0.394757	0.0195984	0.148036	1.061799	1.113409	4.692212	1.510824
19482	-1803.416	-2086.076	282.6601	0.538623	0.294488	0.00227488	0.164614	1.669719	1.637651	2.727379	1.595077
19488	-1818.219	-2101.498	283.2789	0.450859	0.312169	0.0032303	0.233742	1.008455	1.584858	2.786368	1.520672
19494	-1809.136	-2091.566	282.4307	0.498583	0.345212	0.000553735	0.155651	1.437165	1.282669	3.309728	1.376676
19500	-1797.801	-2078.221	280.4197	0.51212	0.334566	0.064796	0.088518	1.139507	1.229421	4.393831	1.9241
19506	-1797.822	-2079.532	281.71	0.50937	0.348467	0.064448	0.0777144	0.8878275	1.242824	3.762717	1.995383
19512	-1791.168	-2072.055	280.8874	0.70813	0.227459	0.042068	0.0223429	1.269583	1.287008	4.290439	1.363383
19518	-1789.698	-2073.172	283.4743	0.372903	0.554543	0.0612036	0.0113512	0.6618883	1.241208	3.46556	0.8530203
19524	-1795.269	-2077.599	282.3309	0.45355	0.358864	0.16604	0.0215464	1.545695	1.309717	3.47723	1.050317
19530	-1790.536	-2073.093	282.5569	0.622277	0.253433	0.117259	0.00703183	0.9676145	1.323237	3.283373	1.755479
19536	-1788.041	-2070.362	282.3207	0.507607	0.362447	0.112595	0.017351	1.106413	1.354561	3.323169	1.755479
19542	-1786.793	-2068.047	281.254	0.727988	0.15904	0.0544453	0.0585266	1.106413	1.29266	3.735615	2.320046
19548	-1807.856	-2087.508	279.6519	0.74828	0.0287422	0.057392	0.165586	1.455275	0.9391214	4.549394	2.62419
19554	-1812.514	-2091.936	279.4223	0.729164	0.0280079	0.0576681	0.18516	1.988935	1.046342	4.390794	2.580228
19560	-1809.839	-2086.354	276.5143	0.719157	0.0231076	0.0751175	0.182618	1.22427	0.9814471	6.146851	3.30349
19566	-1797.182	-2077.428	280.2456	0.594101	0.152698	0.0227841	0.230417	1.22427	1.062009	4.256945	2.641024
19572	-1792.434	-2073.007	280.5734	0.675031	0.173499	0.058083	0.0933868	1.111603	0.9693135	4.367337	2.166792
19578	-1804.203	-2081.856	277.6536	0.686371	0.181599	0.0506287	0.0814016	1.821405	0.8309837	5.528661	2.685025
19584	-1802.189	-2081.369	279.1796	0.590244	0.182884	0.144894	0.0819777	1.446412	1.010858	4.925319	2.23398
19590	-1812.026	-2091.415	279.3893	0.738415	0.131773	0.0707449	0.0590671	2.162776	1.171746	4.302011	2.484305
19596	-1800.821	-2081.759	280.9372	0.609098	0.126369	0.157871	0.106662	1.250176	1.080143	4.302011	1.539968
19602	-1823.957	-2105.93	281.9728	0.541303	0.176231	0.261337	0.0211297	1.233063	1.116294	3.790534	1.357971
19608	-1834.023	-2114.958	280.9346	0.578152	0.0208006	0.348565	0.0524825	1.571359	1.336758	3.758871	2.060124
19614	-1808.992	-2086.647	277.6551	0.553817	0.250704	0.0795818	0.115897	1.127674	1.1533	6.09031	1.654427
19620	-1814.598	-2094.532	279.9344	0.593195	0.288386	0.0801908	0.0382281	1.168881	1.191593	4.897008	1.433084
19626	-1815.749	-2094.257	278.5081	0.571709	0.183446	0.208233	0.0366122	1.039208	0.9483432	6.065375	1.080274
19632	-1828.809	-2108.924	280.1152	0.584291	0.187483	0.172237	0.0559879	1.100401	1.046146	4.992512	1.276278
19638	-1820.801	-2102.827	282.0255	0.592063	0.189977	0.123595	0.0943647	1.556926	1.489679	2.959521	2.237096
19644	-1813.522	-2096.037	282.5147	0.565314	0.276676	0.0190857	0.138924	1.149199	1.531245	2.959521	2.01294
19650	-1816.065	-2098.469	282.4042	0.647409	0.216928	0.0481928	0.0874702	1.089403	1.411278	3.133664	2.009151
19656	-1813.287	-2094.244	280.957	0.598795	0.246579	0.0549293	0.099697	1.575881	1.174527	4.207462	1.274243
19662	-1801.837	-2082.633	280.796	0.595591	0.262679	0.0503481	0.0913822	1.049357	1.254695	4.587447	1.155071
19668	-1806.328	-2091.109	284.7811	0.396619	0.438879	0.0821231	0.0823788	0.6485616	1.622996	2.04569	1.527076
19674	-1801.869	-2086.269	284.3996	0.44779	0.388929	0.0727764	0.090504	0.9880549	1.66602	2.135528	1.354672
19680	-1792.716	-2076.913	284.1976	0.43242	0.457811	0.0702785	0.0394904	1.147539	1.648932	2.002647	1.661505
19686	-1813.697	-2097.411	283.714	0.534085	0.322413	0.0600744	0.0834272	1.641515	1.551323	2.048573	1.749959
19692	-1815.169	-2099.206	284.0368	0.415302	0.419181	0.0441945	0.121323	1.635654	1.551323	2.226468	1.083558
19698	-1833.486	-2117.38	283.8937	0.529904	0.339767	0.0266824	0.103647	1.5554	1.387693	2.464185	1.083558
19704	-1808.291	-2089.892	281.6002	0.644199	0.148355	0.165831	0.0416156	1.689382	1.865897	3.045221	1.958697
19710	-1820.174	-2103.968	283.7943	0.569712	0.224166	0.146657	0.0594653	1.130148	1.865897	2.040834	1.842803
19716	-1806.574	-2090.489	283.9151	0.522821	0.346721	0.0653254	0.0651325	1.126897	1.784547	2.343447	1.252434
19722	-1801.947	-2086.288	284.341	0.405785	0.525472	0.0140263	0.0547167	0.9575182	1.724539	2.186166	1.302901
19728	-1807.453	-2089.381	281.9284	0.629907	0.108985	0.126208	0.1349	1.628672	1.368375	3.078882	2.179573
19734	-1814.153	-2096.989	282.836	0.655222	0.108782	0.0829541	0.153042	1.016517	1.289698	2.880873	2.261294
19740	-1812.383	-2096.62	284.2367	0.663421	0.193242	0.040102	0.103235	1.76968	1.503205	1.572027	1.888879
19746	-1833.795	-2118.013	284.2174	0.705658	0.191089	0.0164985	0.0867542	1.76968	1.810468	1.352299	1.890084
19752	-1835.111	-2118.847	283.7364	0.520294	0.253976	0.0690848	0.156645	1.09899	1.489738	2.769591	1.059154
19758	-1812.371	-2094.558	282.1869	0.545617	0.300511	0.105728	0.0481445	1.09899	1.247776	3.125836	2.557806
19764	-1817.837	-2100.777	282.9394	0.434129	0.397373	0.115777	0.0527205	1.046652	1.55373	2.975964	1.543253
19770	-1815.271	-2098.62	283.3484	0.541744	0.289439	0.144477	0.0243402	1.376111	1.474469	2.440408	1.828275
19776	-1814.908	-2098.573	283.6654	0.4966	0.351628	0.136037	0.0157347	1.258975	1.410309	2.724178	1.134021
19782	-1800.909	-2085.259	284.3498	0.507336	0.293375	0.171647	0.0276419	1.056267	1.653603	2.123789	1.368456
19788	-1812.294	-2092.71	280.4164	0.593144	0.223363	0.151175	0.032317	1.200888	1.514042	4.527222	1.241123
19794	-1820.025	-2100.467	280.4424	0.508771	0.256282	0.129671	0.105276	1.140517	1.108158	4.397734	2.044297
19800	-1808.669	-2090.306	281.6373	0.559169	0.243409	0.131592	0.0658304	0.9864956	1.297553	4.108087	1.183167
19806	-1803.926	-2084.388	280.4612	0.559169	0.243409	0.131592	0.0658304	1.233492	0.9849257	4.643835	1.516075
19812	-1817.884	-2098.625	280.7402	0.666737	0.0791825	0.169357	0.0847231	1.233492	1.103753	4.259485	1.864238
19818	-1811.172	-2090.55	279.3775	0.686982	0.204407	0.0429705	0.0656408	1.526753	1.090612	4.930019	1.761258
19824	-1816.904	-2099.372	282.4683	0.56176	0.215991	0.0181872	0.204062	1.359069	1.256219	3.141574	1.782529
19830	-1811.809	-2094.49	282.681	0.409387	0.523299	0.00550847	0.0618053	0.9916558	1.443296	3.323213	1.359792
19836	-1807.444	-2089.161	281.7168	0.458257	0.469056	0.00350473	0.0691832	1.016964	1.28609	3.859431	1.558149
19842	-1816.052	-2097.327	281.2746	0.709812	0.137119	0.111033	0.0420362	1.758909	1.465095	3.32452	2.230458
19848	-1813.292	-2093.764	280.4717	0.457636	0.216329	0.219581	0.106454	1.129	1.315934	4.1598	2.314824
19854	-1807.364	-2086.297	278.9325	0.524965	0.248156	0.0514655	0.175414	1.598171	1.375391	5.145257	1.418786
19860	-1828.851	-2110.906	282.055	0.610929	0.0869029	0.164983	0.137185	1.189376	1.467825	3.134919	2.277625
19866	-1814.383	-2096.792	282.4097	0.402357	0.31101	0.196283	0.09035	2.12613	1.531302	2.805819	1.449957
19872	-1808.799	-2090.868	282.0691	0.665954	0.197664	0.0481275	0.0882554	1.224219	1.384638	3.124286	2.355538
19878	-1820.73	-2102.621	281.8909	0.760314	0.143955	0.0262141	0.069517	1.066634	1.249892	3.398358	2.355538
19884	-1812.349	-2091.336	278.987	0.672426	0.184617	0.0718506	0.0711066	1.184325	1.225443	4.194863	5.016817
19890	-1798.193	-2079.503	281.3099	0.634716	0.203458	0.0867361	0.0750903	1.228452	1.318728	3.820881	1.849529
19896	-1809.053	-2092.312	283.2587	0.795755	0.101472	0.0964718	0.00630137	1.265334	1.311999	2.788588	1.570515
19902	-1819.561	-2099.712	280.151	0.509706	0.420742	0.0568007	0.012751	1.61933	1.329489	3.739908	3.273846
19908	-1798.416	-2080.582	282.1664	0.704495	0.183292	0.0945892	0.0176239	1.341492	1.445711	3.153008	1.922165
19914	-1812.078	-2093.702	281.6238	0.592845	0.260111	0.132213	0.0148308	1.68447	1.369871	3.389674	1.822454
19920	-1801.398	-2082.259	280.8601	0.586736	0.332707	0.0661057	0.0144515	1.533448	1.190629	4.074263	1.677932
19926	-1808.851	-2089.111	280.2599	0.862234	0.0771297	0.0399937	0.0206425	1.898663	1.186324	3.828799	2.701519
19932	-1804.488	-2085.374	280.8856	0.746919	0.0899094	0.139109	0.0240627	1.159004	1.158639	3.828799	2.759425
19938	-1800.595	-2080.649	280.0545	0.531683	0.389536	0.069071	0.0097098	1.460505	1.232835	4.522128	1.720821
19944	-1815.828	-2094.651	278.823	0.617474	0.138994	0.0842566	0.159275	1.221804	0.9018782	5.324516	2.162171
19950	-1801.443	-2079.908	278.4652	0.706057	0.158935	0.0963441	0.0386643	1.069378	0.9571827	5.324516	2.8345
19956	-1817.093	-2100.091	282.998	0.701644	0.157941	0.0794819	0.0609323	1.160201	1.351718	2.841356	1.857619
19962	-1813.165	-2096.843	283.6782	0.621485	0.230845	0.0414119	0.106257	1.133968	1.654259	2.188617	1.970642
19968	-1808.803	-2091.868	283.065	0.589496	0.312472	0.066757	0.0312752	1.063237	1.604552	2.251859	2.905524
19974	-1807.486	-2091.754	284.268	0.648054	0.251506	0.0752675	0.0251731	1.063237	1.80932	1.514276	2.394459
19980	-1801.269	-2086.204	284.9349	0.566634	0.298276	0.108238	0.0268524	1.116347	1.910176	1.281805	1.694479
19986	-1795.77	-2079.831	284.0617	0.762953	0.142627	0.0764438	0.0179767	1.0773	1.980685	1.281805	2.889128
19992	-1813.792	-2096.899	283.1075	0.605848	0.259564	0.101872	0.0327155	1.599654	1.955073	1.575324	3.098761
19998	-1805.954	-2090.346	284.392	0.727594	0.110773	0.122344	0.0392897	0.9335154	1.955073	1.375339	2.455925
20004	-1802.41	-2086.597	284.187	0.575237	0.19993	0.189331	0.0355021	1.771787	1.773646	1.509003	1.715522
20010	-1798.966	-2082.135	283.1685	0.589425	0.194618	0.191032	0.0249248	1.393887	1.605608	2.313011	2.13838
20016	-1812.21	-2095.319	283.1091	0.708245	0.0876714	0.196532	0.00755152	1.393887	1.660209	2.145518	2.520347
20022	-1817.661	-2100.688	283.0266	0.802563	0.0406991	0.150499	0.00623936	1.359518	1.599682	1.979179	3.211188
20028	-1809.21	-2092.644	283.4336	0.732468	0.104621	0.145716	0.0171958	1.244478	1.435439	2.40451	1.998641
20034	-1816.736	-2098.49	281.7546	0.706675	0.0811299	0.110275	0.101919	1.244478	1.206881	3.500791	2.12121
20040	-1811.561	-2092.71	281.1484	0.763612	0.0595693	0.087183	0.0896361	1.194801	1.185231	3.957946	1.963547
20046	-1809.666	-2089.937	280.2707	0.658733	0.143015	0.0285893	0.169663	1.454536	1.237251	3.975079	2.77702
20052	-1817.222	-2100.843	283.6211	0.456021	0.399788	0.131312	0.0128798	1.014349	1.68038	2.606433	1.349476
20058	-1797.974	-2078.835	280.8606	0.711173	0.147677	0.0485049	0.0926452	1.910396	1.255126	3.636037	2.190564
20064	-1811.388	-2090.99	279.6021	0.811495	0.0785025	0.0375112	0.0724913	1.736231	1.088917	4.561459	2.104481
20070	-1808.02	-2089.505	281.4844	0.59628	0.203195	0.0803829	0.120142	2.193632	1.302211	3.225115	1.948061
20076	-1812.415	-2095.078	282.663	0.610284	0.177904	0.0529291	0.158884	1.084259	1.229412	3.118334	1.948061
20082	-1812.719	-2095.175	282.4563	0.727558	0.108122	0.0752683	0.0890517	0.9658269	1.272374	3.133198	2.29998
20088	-1806.574	-2088.414	281.8407	0.620421	0.20911	0.0634601	0.107009	1.252102	1.484566	3.498991	1.646915
20094	-1817.443	-2099.129	281.6861	0.771487	0.0211759	0.088674	0.118663	1.252102	1.514078	3.435355	1.941699
20100	-1822.233	-2104.734	282.5011	0.763489	0.033072	0.167239	0.0362006	1.252102	1.210979	3.13338	1.941699
20106	-1824.934	-2106.05	281.1166	0.64579	0.0469321	0.16445	0.142828	1.337443	1.415146	3.761567	1.979209
20112	-1818.172	-2099.158	280.9854	0.674458	0.0360421	0.115135	0.174365	1.386216	1.0287	4.033325	1.979209
20118	-1807.722	-2088.618	280.8966	0.67865	0.0300502	0.115851	0.175449	1.049291	1.088878	4.229506	1.979209
20124	-1803.312	-2084.283	280.9703	0.586247	0.160578	0.169083	0.0840912	1.153398	1.25266	4.168808	1.68447
20130	-1798.595	-2080.461	281.8659	0.520845	0.185961	0.19581	0.0973836	0.8569968	1.211214	3.816473	1.756082
20136	-1797.979	-2079.531	281.5528	0.466322	0.415627	0.0284234	0.089627	1.418707	1.390326	3.694663	1.521334
20142	-1807.841	-2091.632	283.7912	0.668515	0.163317	0.0396802	0.128488	0.8145936	1.233706	2.911183	1.329341
20148	-1801.557	-2083.087	281.5296	0.57004	0.295629	0.031696	0.102635	1.299089	1.248928	3.733461	1.769116
20154	-1811.946	-2093.004	281.058	0.718376	0.136826	0.0265874	0.118211	2.133169	1.343912	3.239993	2.516018
20160	-1817.493	-2099.248	281.7553	0.552326	0.321903	0.03593	0.089841	1.353022	1.334596	3.696014	1.417344
20166	-1808.385	-2090.938	282.5524	0.743014	0.146091	0.0277541	0.0831405	2.227572	1.458864	2.822258	1.261066
20172	-1810.353	-2092.325	281.9722	0.689652	0.183302	0.0227286	0.104317	1.514662	1.424297	3.616395	1.082406
20178	-1805.754	-2089.238	283.4838	0.529368	0.26482	0.0328365	0.172975	0.9379787	1.467572	2.845568	1.390183
20184	-1805.285	-2088.205	282.92	0.525218	0.310169	0.0384444	0.126169	1.738171	1.439318	2.883971	1.175652
20190	-1803.487	-2085.884	282.3974	0.638186	0.161794	0.0467133	0.153307	1.358957	1.274783	3.39296	1.342219
20196	-1793.997	-2076.497	282.4995	0.564994	0.199315	0.0519146	0.183776	1.289045	1.305985	2.869885	2.373086
20202	-1794.075	-2074.966	280.8903	0.762159	0.0264255	0.091391	0.120024	1.289045	1.072764	4.117228	1.968441
20208	-1808.519	-2086.074	277.5552	0.711053	0.023012	0.170211	0.0957234	1.520196	1.05698	5.684676	2.434928
20214	-1823.798	-2103.026	279.2281	0.712912	0.0230721	0.170656	0.0933602	1.359696	0.9876521	4.876692	2.434928
20220	-1815.665	-2094.272	278.6068	0.769489	0.0514196	0.0783222	0.100769	1.642557	1.121061	4.876692	2.811277
20226	-1828.245	-2106.201	277.9567	0.668976	0.213442	0.0680915	0.0494904	1.88853	1.300985	5.272354	2.154271
20232	-1823.13	-2106.881	283.7513	0.478191	0.37651	0.0599164	0.0853829	1.397569	1.609019	2.65131	0.8429434
20238	-1823.136	-2107.283	284.1471	0.486807	0.412014	0.014258	0.0869213	1.079048	1.592562	2.251558	1.418155
20244	-1820.83	-2103.332	282.5022	0.417412	0.432263	0.0756372	0.0746874	1.372532	1.443184	3.212139	1.366129
20250	-1812.063	-2094.351	282.2881	0.399193	0.413396	0.0978291	0.0895811	1.372532	1.326343	3.407066	1.366129
20256	-1835.995	-2118.331	282.3365	0.571611	0.240288	0.073908	0.114193	1.225307	1.2695	3.407066	1.529673
20262	-1805.185	-2086.919	281.7342	0.635019	0.0510722	0.165593	0.148317	1.557386	1.335168	3.506546	1.61308
20268	-1813.038	-2096.753	283.7143	0.716295	0.0859743	0.119119	0.0786115	1.040512	1.268951	2.530713	1.84258
20274	-1813.639	-2094.259	280.62	0.675394	0.0687231	0.139541	0.116342	1.398207	1.166444	4.04143	2.25739
20280	-1829.597	-2111.319	281.722	0.70171	0.0696767	0.144978	0.083635	1.413164	1.335641	3.519087	1.753843
20286	-1819.378	-2100.391	281.0134	0.567816	0.0966761	0.140343	0.195165	1.413164	1.214812	3.758024	2.313158
20292	-1805.226	-2086.348	281.1217	0.614581	0.264171	0.0136415	0.107607	1.963561	1.274635	3.511617	2.043617
20298	-1834.65	-2117.31	282.66	0.553465	0.331528	0.0315526	0.0834547	0.9722412	1.50967	3.205202	1.559054
20304	-1814.384	-2096.108	281.7237	0.462192	0.339699	0.0831771	0.114933	1.110188	1.255186	3.720669	1.768795
20310	-1828.307	-2111.415	283.1081	0.633095	0.183549	0.0298244	0.153531	0.8460091	1.415752	2.905676	1.900585
20316	-1829.18	-2108.877	279.6967	0.656052	0.224159	0.0607203	0.0590685	1.496557	1.427009	4.27742	2.492822
20322	-1822.337	-2105.26	282.9225	0.63765	0.26623	0.0387085	0.0574117	1.453766	1.513235	2.906303	1.310159
20328	-1811.074	-2093.708	282.6342	0.464575	0.437475	0.0394453	0.0585045	1.453766	1.262733	3.199071	1.364595
20334	-1814.21	-2097.457	283.2471	0.534034	0.387969	0.0261129	0.051884	1.398573	1.362352	2.862444	1.253083
20340	-1825.658	-2109.149	283.4914	0.529333	0.405037	0.0114627	0.0541665	1.10954	1.751907	2.169511	2.163155
20346	-1818.727	-2102.383	283.6553	0.407446	0.382912	0.0477355	0.161907	1.536132	1.767308	1.929452	1.889121
20352	-1803.311	-2084.64	281.3285	0.462459	0.366493	0.110273	0.0607738	1.234731	1.433332	3.779386	1.764864
20358	-1813.836	-2095.81	281.9736	0.487806	0.26756	0.116317	0.128317	1.117568	1.287732	3.779386	1.31042
20364	-1815.853	-2097.833	281.9799	0.616236	0.269432	0.0541571	0.0601747	1.133767	1.360412	3.779386	1.208245
20370	-1800.526	-2081.921	281.3949	0.565947	0.273883	0.0829219	0.0772484	0.8172301	1.207672	4.381345	1.208245
20376	-1800.896	-2080.793	279.8969	0.697161	0.0746996	0.118111	0.110029	2.461033	1.246663	4.1304	1.812111
20382	-1813.195	-2094.179	280.984	0.550052	0.147253	0.0678108	0.234884	1.223294	1.175735	4.073684	1.891006
20388	-1815.047	-2095.476	280.4293	0.632453	0.168011	0.0568985	0.142638	1.391151	1.236407	4.04121	2.442199
20394	-1829.168	-2113.325	284.1567	0.625939	0.125979	0.134952	0.11313	1.205558	1.803424	1.76756	1.882622
20400	-1820.93	-2105.062	284.1311	0.678897	0.0997313	0.0988174	0.122554	1.088249	1.711895	1.968229	1.800606
20406	-1814.218	-2097.094	282.8768	0.67156	0.123974	0.110609	0.0938571	1.22352	1.792735	2.504328	2.079561
20412	-1812.285	-2095.928	283.6432	0.667251	0.123179	0.116315	0.0932549	1.407108	1.746586	2.224662	1.516991
20418	-1809.349	-2092.103	282.7541	0.638322	0.133888	0.126427	0.101362	1.141006	1.334149	3.091329	1.687473
20424	-1804.835	-2087.687	282.8517	0.634909	0.133172	0.125752	0.106167	1.088616	1.457788	2.949981	1.768394
20430	-1800.414	-2082.906	282.4923	0.679457	0.125337	0.125268	0.0699369	1.426587	1.387603	3.01971	1.768394
20436	-1787.809	-2071.341	283.5317	0.699738	0.0520561	0.176182	0.0720244	0.901596	1.723469	2.382254	1.978479
20442	-1788.386	-2071.744	283.3581	0.603346	0.207348	0.15812	0.0311851	0.9974962	1.252147	3.007507	1.404289
20448	-1802.205	-2085.107	282.9011	0.61674	0.200454	0.107875	0.0749304	0.9974962	1.404092	3.007507	1.766529
20454	-1799.139	-2082.621	283.4823	0.716021	0.161422	0.0120726	0.110484	1.269808	1.384717	2.712624	1.368213
20460	-1801.363	-2084.46	283.0971	0.532578	0.209568	0.118169	0.139685	1.21662	1.377079	3.005682	1.322563
20466	-1806.768	-2089.586	282.8187	0.719043	0.108063	0.156772	0.0161218	1.294581	1.449058	3.086096	1.322222
20472	-1824.898	-2104.384	279.4864	0.65206	0.145088	0.197743	0.00510842	1.819842	1.259411	4.29651	2.610748
20478	-1836.417	-2118.544	282.1278	0.676917	0.111529	0.205281	0.00627249	1.055939	1.34374	3.281413	2.182775
20484	-1807.632	-2089.333	281.7009	0.778501	0.119775	0.092729	0.00899506	1.983431	1.375872	2.808234	2.758217
20490	-1807.927	-2090.634	282.7072	0.570801	0.148908	0.16444	0.115851	1.950706	1.323092	2.610898	1.886394
20496	-1802.675	-2086.302	283.6267	0.567603	0.271485	0.0759248	0.0849871	1.013672	1.424171	2.417585	2.02509
20502	-1810.391	-2092.582	282.1912	0.44996	0.303927	0.105548	0.140565	1.013672	1.211807	3.509945	1.811408
20508	-1811.645	-2093.71	282.0645	0.627499	0.242003	0.0823336	0.0481639	1.195835	1.170143	3.370776	2.113838
20514	-1821.689	-2101.951	280.2627	0.591682	0.22819	0.131485	0.0486432	3.380116	1.183753	3.863802	1.341697
20520	-1811.868	-2093.302	281.4342	0.616983	0.24647	0.0840074	0.0525399	1.499602	1.329101	3.391161	2.342715
20526	-1811.446	-2093.111	281.6648	0.561961	0.236929	0.153256	0.0478545	2.182953	1.366919	3.275077	1.547773
20532	-1808.521	-2089.738	281.2174	0.517839	0.254643	0.146919	0.080599	1.517323	1.394188	3.823292	1.547773
20538	-1794.621	-2077.445	282.8236	0.472151	0.334167	0.128204	0.065478	1.233271	1.438683	3.205362	1.173409
20544	-1816.221	-2096.169	279.9481	0.599104	0.318821	0.0368307	0.0452441	0.7122635	1.291641	4.989244	1.647536
20550	-1785.398	-2066.239	280.8405	0.56608	0.215585	0.160242	0.0580926	1.200879	1.127258	4.349151	1.554488
20556	-1802.701	-2082.018	279.3171	0.412283	0.281698	0.209383	0.0966368	1.928371	1.053284	4.796743	1.776305
20562	-1811.878	-2091.783	279.9054	0.464467	0.213539	0.243857	0.0781377	1.411275	1.035273	4.746144	1.708838
20568	-1824.018	-2104.089	280.0718	0.6646	0.0659496	0.157644	0.111806	1.601346	1.179946	4.479922	1.708838
20574	-1806.302	-2086.707	280.4056	0.612388	0.0607684	0.19288	0.133964	1.068272	1.122984	4.479922	1.972565
20580	-1807.778	-2087.816	280.0383	0.659853	0.0654785	0.20783	0.0668383	1.051005	1.095645	4.575886	2.304585
20586	-1821.392	-2102.196	280.8039	0.75811	0.027961	0.0882479	0.125681	1.504844	1.273244	3.884018	2.10557
20592	-1814.993	-2096.638	281.6443	0.742816	0.0736948	0.0735994	0.10989	1.778838	1.368124	2.927648	2.799323
20598	-1821.412	-2103.663	282.2507	0.774178	0.0606367	0.0765132	0.0886716	1.041637	1.372223	3.293913	1.967713
20604	-1809.719	-2092.149	282.4308	0.619622	0.183489	0.111135	0.0857545	1.941124	1.422138	3.072253	1.211564
20610	-1797.596	-2080.126	282.5295	0.61385	0.320264	0.00567607	0.0602095	1.941124	1.675922	2.670309	1.560123
20616	-1792.713	-2074.57	281.8573	0.471993	0.369643	0.00533343	0.153031	1.442936	1.264822	3.693824	1.296891
20622	-1794.743	-2077.988	283.2446	0.569206	0.30055	0.020219	0.110025	0.9514325	1.411753	3.095906	1.241966
20628	-1810.491	-2093.826	283.3348	0.42694	0.485223	0.0108805	0.0769563	1.098282	1.441021	3.095906	0.9685877
20634	-1819.314	-2104.083	284.7691	0.417423	0.474407	0.0329292	0.0752409	1.020772	1.495856	2.223761	0.9690503
20640	-1823.955	-2107.52	283.5652	0.564934	0.358392	0.0233411	0.0533327	1.681587	1.847913	2.223761	1.231438
20646	-1820.568	-2104.713	284.1445	0.486166	0.420323	0.0152561	0.0782547	1.291731	1.666708	2.223761	1.167645
20652	-1809.988	-2094.14	284.1516	0.423263	0.273003	0.294493	0.00924075	0.9013521	1.540405	2.520847	1.199452
20658	-1797.825	-2080.381	282.5557	0.610662	0.307484	0.0758637	0.00598952	1.947743	1.540405	2.520847	1.993122
20664	-1804.397	-2086.374	281.977	0.634222	0.275924	0.0829569	0.00689764	1.250884	1.362598	3.331327	1.993122
20670	-1804.723	-2086.945	282.222	0.791041	0.0848085	0.103469	0.0206812	1.250884	1.471221	3.167508	1.892994
20676	-1802.814	-2084.776	281.9617	0.716205	0.205722	0.027906	0.0501669	0.8272666	1.378646	3.323018	2.611907
20682	-1815.174	-2098.485	283.3107	0.739915	0.136789	0.0731914	0.0501051	1.185827	1.436606	2.737361	1.548959
20688	-1802.209	-2084.084	281.875	0.715828	0.117605	0.135904	0.0306628	1.185827	1.157453	3.656099	1.750781
20694	-1829.508	-2111.06	281.5512	0.720519	0.0339568	0.195776	0.0497477	1.277024	1.59761	3.069099	2.892973
20700	-1799.803	-2084.269	284.4658	0.638895	0.0602841	0.173609	0.127212	1.156124	1.557945	1.824718	1.756815
20706	-1803.901	-2087	283.0992	0.613458	0.0976982	0.166697	0.122147	1.408648	1.651786	2.371804	2.026199
20712	-1807.52	-2090.984	283.4635	0.614879	0.0694063	0.234227	0.0814882	1.408648	1.469686	2.538779	1.469667
20718	-1802.948	-2085.937	282.9892	0.648092	0.0731994	0.246879	0.0318292	1.408648	1.471763	2.607671	1.911471
20724	-1794.802	-2077.796	282.9936	0.630099	0.196772	0.142183	0.0309455	1.197822	1.428236	2.967535	1.472828
20730	-1791.445	-2073.777	282.332	0.547171	0.229754	0.106517	0.116558	0.9110889	1.28746	3.502101	1.687771
20736	-1796.935	-2078.758	281.8225	0.554868	0.232986	0.143696	0.0684502	1.598605	1.294186	3.541691	1.446573
20742	-1786.197	-2068.605	282.408	0.810934	0.0314005	0.0659562	0.0917098	1.598605	1.461929	2.747048	2.181708
20748	-1803.727	-2084.397	280.6692	0.812509	0.029559	0.0622165	0.0957152	1.258037	1.33874	3.667672	3.126396
20754	-1800.264	-2081.147	280.8823	0.705958	0.0886679	0.0696778	0.135696	1.731698	1.285822	3.598827	2.409235
20760	-1803.036	-2084.992	281.9562	0.729835	0.0119732	0.117906	0.140286	1.492589	1.739769	2.444927	3.375176
20766	-1800.908	-2083.252	282.3442	0.709042	0.028476	0.174363	0.0881192	1.148069	1.728833	2.34759	3.540129
20772	-1810.831	-2092.546	281.715	0.730811	0.0293502	0.179716	0.0601228	1.885357	1.667653	2.394069	3.507451
20778	-1797.544	-2078.128	280.5839	0.743749	0.105709	0.0935182	0.0570235	1.569126	1.473158	3.641648	2.669281
20784	-1802.016	-2084.064	282.0474	0.6184	0.234147	0.077757	0.0696961	1.013434	1.451887	3.510733	1.690144
20790	-1811.176	-2094.464	283.2877	0.562774	0.28104	0.0639905	0.0921947	1.238239	1.671085	2.507757	1.681861
20796	-1815.755	-2098.377	282.6219	0.540321	0.355042	0.0290541	0.075583	1.436011	1.560816	3.12673	1.203234
20802	-1805.725	-2089.03	283.3048	0.614643	0.216001	0.0598422	0.109513	1.480943	1.63621	2.196243	2.054216
20808	-1809.207	-2093.122	283.9151	0.563497	0.230207	0.0728954	0.133401	1.480943	1.71327	1.773488	1.979791
20814	-1812.764	-2097.473	284.7088	0.578638	0.163393	0.0378552	0.220113	1.480943	1.841357	1.333569	1.570185
20820	-1810.184	-2094.461	284.2777	0.561946	0.175323	0.0382028	0.224528	1.3908	1.835044	1.694319	1.611426
20826	-1816.271	-2100.517	284.2461	0.652985	0.170042	0.0355863	0.141386	1.3908	1.705634	1.694319	1.809643
20832	-1815.994	-2099.713	283.7189	0.441005	0.196115	0.269941	0.0929384	1.399825	1.602851	2.047291	1.945286
20838	-1803.7	-2087.059	283.359	0.68316	0.129338	0.13948	0.0480217	1.399825	1.633202	2.047291	2.403245
20844	-1796.95	-2079.141	282.1902	0.68868	0.179457	0.0652335	0.06663	1.492548	1.54151	2.606164	2.871903
20850	-1800.475	-2083.589	283.1144	0.668728	0.22307	0.0633435	0.044859	1.74747	1.648678	2.220994	1.94399
20856	-1810.137	-2093.325	283.1881	0.558455	0.19353	0.0567077	0.191307	1.493627	1.648678	2.208817	2.155206
20862	-1804.424	-2087.893	283.4695	0.737184	0.112324	0.0344093	0.116082	0.9868877	1.638358	1.963669	3.033263
20868	-1803.987	-2086.197	282.2097	0.665206	0.149314	0.0878958	0.0975838	1.579537	1.591776	2.52994	2.837439
20874	-1790.993	-2073.317	282.3237	0.684947	0.216351	0.0337657	0.0649364	1.633992	1.558305	2.752131	2.112735
20880	-1796.447	-2078.26	281.8125	0.705633	0.222885	0.0154573	0.0560243	1.310383	1.394939	2.97298	3.010817
20886	-1813.719	-2095.774	282.0548	0.733447	0.104532	0.104132	0.0578893	2.067768	1.349992	3.02565	1.704568
20892	-1804.993	-2086.317	281.3242	0.610788	0.303465	0.0374145	0.0483334	1.745018	1.501011	3.558124	1.613952
20898	-1809.478	-2090.924	281.4465	0.470814	0.364798	0.133444	0.0309443	1.802751	1.171773	3.558124	1.81208
20904	-1798.737	-2080.555	281.8176	0.493625	0.382472	0.0914593	0.0324436	1.273401	1.346992	3.594987	1.617943
20910	-1802.274	-2084.288	282.0133	0.587054	0.113718	0.10877	0.190458	1.312288	1.278422	3.287338	2.081981
20916	-1810.33	-2092.789	282.4587	0.692357	0.0793247	0.0967496	0.131569	1.939835	1.403302	2.863005	1.594153
20922	-1798.268	-2078.214	279.9461	0.769987	0.0249641	0.0868892	0.11816	1.469179	1.145347	4.208899	2.766373
20928	-1800.817	-2080.674	279.8564	0.711867	0.0366763	0.113927	0.13753	1.469179	1.2235	4.208899	2.784707
20934	-1820.528	-2099.883	279.3548	0.738741	0.0332555	0.103301	0.124703	1.885885	1.066075	4.645452	2.107512
20940	-1819.881	-2099.652	279.7707	0.525897	0.256653	0.149801	0.0676491	1.195705	1.041909	4.628098	2.433648
20946	-1825.628	-2106.488	280.8603	0.632058	0.0773574	0.152565	0.13802	1.165959	1.080206	4.22525	1.899831
20952	-1819.612	-2097.964	278.3519	0.765129	0.017748	0.133227	0.0838956	1.656412	1.034913	5.495858	1.698665
20958	-1810.998	-2090.652	279.6545	0.6141	0.0377208	0.239784	0.108395	1.66607	0.8868739	4.749145	1.932886
20964	-1800.924	-2080.902	279.9788	0.671585	0.0301135	0.148605	0.149697	1.226068	1.025782	4.703618	1.938478
20970	-1797.569	-2079.291	281.7222	0.741699	0.0220152	0.156965	0.0793211	1.599816	1.157414	3.344971	2.16828
20976	-1800.796	-2080.8	280.0037	0.778801	0.0231165	0.164817	0.033266	2.12622	1.157414	3.993847	2.437283
20982	-1801.624	-2083.402	281.7773	0.743168	0.0360743	0.155308	0.0654505	1.042242	1.246453	3.448336	2.437283
20988	-1805.507	-2087.841	282.3339	0.766959	0.00521556	0.16028	0.0675458	1.099806	1.365871	2.998203	2.47893
20994	-1796.042	-2077.876	281.8339	0.719427	0.00370346	0.248045	0.0288237	1.411568	1.398859	3.229175	2.17575
21000	-1804.939	-2086	281.0605	0.742324	0.00545264	0.219646	0.0325776	1.309929	1.435723	3.63017	2.379767
21006	-1802.213	-2083.389	281.1758	0.756494	0.00533136	0.223839	0.0143355	1.309929	1.37333	2.733723	5.111261
21012	-1798.35	-2080.102	281.7526	0.853264	0.00734591	0.123221	0.0161692	2.398324	1.576992	2.372921	3.006274
21018	-1814.82	-2097.589	282.7693	0.685961	0.025693	0.281098	0.00724895	1.269034	1.550085	2.585473	2.328038
21024	-1816.077	-2098.552	282.4748	0.69424	0.0465292	0.252679	0.00655246	1.286054	1.528979	2.960168	1.898067
21030	-1825.993	-2107.801	281.8077	0.551365	0.0548106	0.38862	0.00520397	1.286054	1.358098	3.381208	2.068845
21036	-1829.151	-2110.553	281.4017	0.489039	0.201057	0.291757	0.0181469	1.159243	1.128231	3.947061	1.778959
21042	-1819.334	-2099.94	280.6059	0.455912	0.362003	0.0996894	0.0823956	0.8228269	1.236934	4.609276	1.600958
21048	-1812.927	-2092.573	279.6469	0.441413	0.350491	0.096519	0.111577	1.250721	1.169615	5.007299	1.472152
21054	-1812.435	-2093.339	280.9036	0.568492	0.312625	0.0966498	0.0222325	1.646671	1.074874	4.342157	1.121751
21060	-1812.092	-2095.612	283.5202	0.527983	0.397553	0.0554966	0.0189665	1.531893	1.445737	2.66027	1.104023
21066	-1816.253	-2097.697	281.4436	0.521514	0.22455	0.0948159	0.15912	1.238597	1.25864	4.061981	1.257145
21072	-1811.582	-2094.009	282.4265	0.478077	0.334721	0.0814487	0.105753	1.762154	1.412453	3.208197	1.132972
21078	-1801.006	-2084.459	283.4531	0.540985	0.286946	0.154983	0.0170868	1.128992	1.536067	2.892524	1.064747
21084	-1819.411	-2102.087	282.676	0.518503	0.375881	0.0632391	0.0423767	1.093931	1.31341	3.38373	1.283743
21090	-1828.382	-2112.017	283.6351	0.660971	0.188874	0.113909	0.0362454	1.093931	1.395138	2.627256	1.53075
21096	-1815.359	-2098.771	283.4113	0.595572	0.141952	0.214989	0.047487	1.093931	1.400056	2.761647	1.53075
21102	-1817.007	-2100.253	283.2462	0.539439	0.401263	0.0482914	0.0110072	1.542311	1.415092	2.717924	1.318738
21108	-1832.213	-2114.266	282.0526	0.59978	0.186189	0.211522	0.00250934	0.8537922	1.022942	4.121932	1.152102
21114	-1819.251	-2098.996	279.7446	0.549558	0.225424	0.222471	0.00254652	0.8935605	1.106249	5.123383	1.596507
21120	-1835.883	-2117.433	281.5505	0.467438	0.264429	0.192626	0.0755075	1.830946	1.255468	3.461401	1.75675
21126	-1840.022	-2123.243	283.2215	0.654535	0.158284	0.122971	0.0642097	1.635972	1.330297	2.827927	1.158358
21132	-1824.009	-2106.204	282.195	0.786857	0.0118998	0.163059	0.0381839	0.9603564	1.192936	3.372596	2.216411
21138	-1803.925	-2083.844	279.9195	0.744206	0.0316649	0.122423	0.101706	1.287142	1.24233	4.159695	3.060171
21144	-1805.951	-2085.728	279.7769	0.603792	0.0249138	0.297314	0.0739806	1.378111	1.249886	4.323976	2.67461
21150	-1810.269	-2090.629	280.3594	0.683505	0.0468153	0.130663	0.139017	1.867414	1.287556	3.543712	3.225384
21156	-1810.838	-2092.228	281.3899	0.736081	0.0504164	0.140714	0.0727892	1.310882	1.543856	3.28518	2.607362
21162	-1803.325	-2085.254	281.9284	0.726145	0.0632339	0.138814	0.0718067	2.185136	1.516316	2.964293	1.676333
21168	-1801.027	-2084.18	283.153	0.713073	0.0620956	0.154317	0.070514	1.336011	1.517782	2.577368	1.788915
21174	-1810.532	-2094.32	283.7882	0.74652	0.0427378	0.161556	0.049186	1.039902	1.506996	2.148498	2.23111
21180	-1803.747	-2087.098	283.3502	0.626923	0.142568	0.128262	0.102247	1.70701	1.596522	2.270703	1.655951
21186	-1788.829	-2072.415	283.5858	0.660463	0.0879607	0.107473	0.144103	1.392554	1.476656	2.310592	1.766048
21192	-1794.615	-2078.859	284.244	0.684046	0.0639348	0.22917	0.0228491	1.384686	1.746152	1.557573	2.012996
21198	-1788.806	-2073.161	284.3554	0.605146	0.0573332	0.205507	0.132014	0.9328666	1.772874	1.661773	2.218352
21204	-1805.593	-2089.277	283.6834	0.643465	0.00755382	0.208609	0.140373	1.219044	1.608769	1.741932	2.890671
21210	-1798.646	-2082.644	283.998	0.717902	0.00697139	0.0710684	0.204058	1.382257	1.456344	2.1023	1.691113
21216	-1811.718	-2094.141	282.4223	0.837604	0.00331783	0.0829182	0.07616	2.212283	1.539466	2.630247	1.691113
21222	-1802.505	-2085.388	282.8833	0.654429	0.120636	0.0851452	0.139789	1.317952	1.595056	2.534007	2.156793
21228	-1805.884	-2088.496	282.6122	0.6844	0.0596096	0.00619971	0.249791	1.649894	1.313539	2.916944	1.68731
21234	-1793.857	-2075.477	281.6197	0.788045	0.0494012	0.0343108	0.128243	1.464126	1.283875	3.336709	2.318417
21240	-1800.944	-2083.706	282.7619	0.758852	0.0950309	0.00273829	0.143379	1.432733	1.466726	2.715309	1.958979
21246	-1801.366	-2083.16	281.7936	0.70788	0.0886476	0.00332476	0.200148	1.224741	1.298878	3.505483	1.958979
21252	-1794.199	-2074.754	280.555	0.765087	0.0829977	0.00219769	0.149718	1.584407	1.282041	4.170306	1.68002
21258	-1811.318	-2092.809	281.4904	0.750058	0.167874	0.000889884	0.0811781	1.29185	1.117371	3.524031	2.509645
21264	-1810.906	-2092.248	281.3416	0.85722	0.0427294	0.0051303	0.0949206	2.047406	1.198967	3.431356	1.950876
21270	-1823.965	-2105.312	281.3475	0.666463	0.215461	0.0710944	0.046982	1.485444	1.053351	4.019041	1.428383
21276	-1820.219	-2099.256	279.0372	0.647062	0.151618	0.0965599	0.10476	2.313545	1.23121	4.78946	1.574208
21282	-1823.717	-2102.815	279.0977	0.919298	0.00798479	0.0270792	0.045638	1.695944	1.165562	4.669076	2.489113
21288	-1811.817	-2092.321	280.5041	0.844204	0.00701826	0.029911	0.118867	1.226061	1.268703	4.037638	2.516895
21294	-1825.228	-2107.604	282.3761	0.769697	0.00367094	0.0287841	0.197847	2.29107	1.171795	2.961343	1.471086
21300	-1818.86	-2101.69	282.8304	0.737953	0.136448	0.0441145	0.0814841	1.408481	1.6756	2.256265	2.641366
21306	-1804.15	-2087.168	283.0177	0.779325	0.0851965	0.0378463	0.0976318	1.670885	1.406312	2.256265	2.426746
21312	-1810.118	-2093.128	283.0105	0.726856	0.126028	0.0201178	0.126998	1.620211	1.383992	2.34871	2.319795
21318	-1812.544	-2094.866	282.3224	0.835956	0.0802844	0.00285697	0.0809024	2.084844	1.453632	2.500333	2.34063
21324	-1814.199	-2096.471	282.2726	0.677393	0.17164	0.0329701	0.117997	2.262442	1.434877	2.612763	2.006924
21330	-1825.404	-2108.842	283.4385	0.483236	0.347531	0.040025	0.129208	1.333829	1.574587	2.586267	1.368581
21336	-1807.097	-2088.532	281.4354	0.576015	0.22226	0.0477096	0.154016	1.20799	1.382062	3.487309	2.407364
21342	-1807.412	-2090.917	283.5049	0.781825	0.0854843	0.0474636	0.0852269	1.03673	1.457781	2.415181	2.118931
21348	-1803.776	-2086.292	282.5155	0.715842	0.133121	0.0183178	0.13272	1.998523	1.475195	2.424378	2.298272
21354	-1813.091	-2094.904	281.8132	0.762144	0.0712741	0.0360542	0.130528	1.75857	1.410851	2.924781	2.503274
21360	-1813.126	-2095.257	282.1313	0.812784	0.0552927	0.0171621	0.114762	1.287481	1.496858	2.924781	2.503274
21366	-1821.271	-2104.308	283.0367	0.73426	0.0499508	0.0142979	0.201491	1.492098	1.496858	2.249655	2.503274
21372	-1813.468	-2095.645	282.1763	0.735603	0.0398414	0.022696	0.20186	1.766296	1.496858	2.726816	2.312775
21378	-1818.531	-2102.779	284.2473	0.739839	0.0400709	0.0170677	0.203022	1.025541	1.526198	1.905775	2.094547
21384	-1809.872	-2093.97	284.098	0.730061	0.130622	0.0124423	0.126875	1.030447	1.417436	2.23333	1.776158
21390	-1812.81	-2096.895	284.0854	0.698237	0.226569	0.02776	0.0474342	1.134716	1.648215	1.747433	2.323386
21396	-1812.212	-2096.74	284.5281	0.702799	0.0941555	0.113842	0.0892036	0.8380385	1.572496	1.825195	2.069661
21402	-1803.525	-2087.571	284.046	0.686581	0.13242	0.0555437	0.125455	1.076638	1.601826	2.040095	1.927402
21408	-1821.586	-2105.523	283.9373	0.684665	0.107817	0.104558	0.102961	0.9831073	1.618182	1.938775	2.393817
21414	-1806.064	-2088.484	282.4196	0.600666	0.1456	0.114691	0.139043	2.446435	1.515434	2.550338	1.683188
21420	-1814.334	-2096.859	282.5258	0.5055	0.372282	0.0956736	0.0265448	1.702322	1.424247	2.694532	2.071669
21426	-1819.449	-2100.037	280.5876	0.72434	0.203259	0.0343642	0.0380365	1.596599	1.323129	3.734792	2.610598
21432	-1819.611	-2101.785	282.1739	0.871187	0.0687615	0.0151732	0.044878	1.505102	1.257945	2.947359	2.45135
21438	-1807.248	-2088.385	281.1366	0.670598	0.0667853	0.207578	0.0550389	1.471644	1.31663	3.434679	2.73648
21444	-1808.524	-2088.879	280.3553	0.667422	0.0578938	0.179942	0.0947417	2.138382	1.105173	3.957674	2.089218
21450	-1814.869	-2097.057	282.1877	0.762162	0.049209	0.15426	0.0343687	1.402032	1.141931	3.341636	1.805421
21456	-1818.156	-2098.959	280.803	0.613511	0.198238	0.160585	0.0276655	1.402032	1.251412	3.900357	2.222431
21462	-1815.79	-2099.618	283.8277	0.464198	0.28484	0.169929	0.0810328	1.473138	1.559926	2.077242	1.721529
21468	-1811.732	-2094.875	283.1427	0.7063	0.143774	0.0714124	0.0785137	1.679351	1.469964	2.325217	2.000906
21474	-1823.926	-2107.939	284.0127	0.587227	0.178123	0.142695	0.0919553	1.400126	1.469964	2.023382	1.784599
21480	-1794.777	-2076.937	282.1606	0.615965	0.1158	0.154549	0.113686	1.396191	1.292281	3.459026	1.42414
21486	-1802.142	-2084.706	282.5636	0.742699	0.114284	0.0505248	0.0924914	1.06282	1.292281	2.991509	2.319185
21492	-1807.729	-2089.772	282.0427	0.656143	0.236887	0.0122577	0.0947121	1.122742	1.145222	3.371206	2.275785
21498	-1793.796	-2073.903	280.1074	0.598144	0.308277	0.0586866	0.0348924	1.086048	0.9814976	4.718639	1.968349
21504	-1814.026	-2094.062	280.0365	0.478271	0.396089	0.107681	0.0179581	1.122379	1.177885	4.718639	1.761843
21510	-1811.843	-2094.349	282.5059	0.528468	0.389716	0.0762078	0.00560765	1.154096	1.360185	3.180929	1.760381
21516	-1800.415	-2082.668	282.2531	0.852414	0.0475402	0.069964	0.0300822	1.337531	1.367966	3.045499	2.157448
21522	-1790.764	-2071.778	281.0132	0.577311	0.171071	0.184738	0.0668803	1.220113	1.488633	4.008254	1.611598
21528	-1808.943	-2089.983	281.0397	0.597917	0.234041	0.122275	0.0457662	1.686541	1.354295	3.846464	1.589877
21534	-1786.121	-2066.566	280.4455	0.534409	0.361071	0.0885437	0.0159755	1.522852	1.260371	4.20925	1.823147
21540	-1800.875	-2081.453	280.5782	0.532624	0.150157	0.275889	0.0413296	1.242999	1.260371	4.20925	1.975139
21546	-1801.088	-2080.125	279.037	0.449142	0.33596	0.159184	0.055714	0.9330896	1.109558	5.153007	2.406358
21552	-1786.535	-2067.401	280.8657	0.702785	0.143891	0.0620554	0.091269	1.529581	1.039323	4.0333	1.957997
21558	-1794.072	-2073.41	279.338	0.496848	0.228963	0.166914	0.107275	1.871788	1.211677	4.790888	1.622627
21564	-1788.206	-2068.765	280.5589	0.438946	0.317526	0.137823	0.105705	1.478838	1.360777	4.167561	1.695303
21570	-1790.045	-2071.885	281.84	0.545959	0.242356	0.150596	0.0610897	0.9641755	1.336768	3.731007	1.680645
21576	-1792.035	-2070.368	278.3322	0.688458	0.194172	0.0466174	0.0707528	1.421846	1.121656	5.393421	2.112667
21582	-1793.265	-2072.959	279.6934	0.615216	0.260196	0.0297771	0.0948109	1.421846	1.123784	4.543959	2.344139
21588	-1808.699	-2089.745	281.046	0.66497	0.244523	0.012612	0.0778942	1.605698	1.354757	3.950282	1.448846
21594	-1795.884	-2077.595	281.711	0.586944	0.256414	0.0749606	0.0816819	1.329549	1.324976	3.551388	1.805476
21600	-1815.447	-2098.187	282.7398	0.498705	0.283433	0.134829	0.0830324	1.756112	1.36903	2.839499	1.518294
21606	-1811.741	-2095.079	283.3374	0.453175	0.258743	0.213623	0.0744596	1.356157	1.333735	3.027677	0.9463421
21612	-1801.864	-2083.281	281.4174	0.472216	0.262137	0.222598	0.0430489	1.382452	1.242972	3.966006	1.343026
21618	-1803.991	-2084.095	280.1048	0.311792	0.495347	0.132621	0.0602401	1.281089	1.147031	4.764546	1.440515
21624	-1801.794	-2084.134	282.3402	0.486448	0.265912	0.214297	0.0333427	1.478755	1.405889	3.189827	1.529693
21630	-1800.679	-2084.299	283.6193	0.389758	0.470724	0.0952666	0.0442507	1.523088	1.424015	2.629113	1.084222
21636	-1810.785	-2093.521	282.7356	0.730367	0.100704	0.0950756	0.0738528	0.9992158	1.280146	3.26358	1.592369
21642	-1826.435	-2109.733	283.2975	0.75099	0.0929489	0.0742701	0.0817911	1.171706	1.596403	2.045389	2.885158
21648	-1817.771	-2100.028	282.2573	0.77831	0.0635732	0.0320733	0.126043	1.915404	1.586341	2.55024	2.311192
21654	-1818.025	-2100.445	282.4203	0.693076	0.0204387	0.155275	0.13121	1.655223	1.571198	2.730879	1.98827
21660	-1798.466	-2079.836	281.3695	0.749101	0.0132886	0.203436	0.0341742	1.371671	1.146998	3.595196	2.356608
21666	-1814.324	-2094.684	280.3598	0.729956	0.0451501	0.0739826	0.150911	1.371671	1.214218	4.10253	2.444551
21672	-1806.038	-2087.303	281.2656	0.761153	0.119442	0.0250193	0.0943852	1.395429	1.351694	3.787456	1.744961
21678	-1791.505	-2073.773	282.2678	0.868889	0.00915007	0.101774	0.0201868	1.333186	1.6653	2.613467	2.755864
21684	-1796.909	-2079.704	282.7951	0.809824	0.158311	0.0212261	0.0106388	1.333186	1.53911	2.389078	2.689508
21690	-1805.851	-2088.443	282.5921	0.612839	0.246286	0.015311	0.125564	1.333186	1.444632	2.745116	2.277243
21696	-1811.579	-2094.161	282.5819	0.678337	0.142294	0.0279225	0.151446	1.625702	1.611737	2.745116	1.730593
21702	-1810.682	-2092.482	281.7998	0.594946	0.36655	0.00300635	0.0354974	1.884078	1.308227	3.54783	1.191994
21708	-1803.154	-2085.723	282.5694	0.759096	0.0872336	0.0306357	0.123035	1.20347	1.327219	3.138949	1.75197
21714	-1800.915	-2083.449	282.5341	0.41538	0.336819	0.180476	0.0673251	1.013593	1.335284	3.219343	1.847668
21720	-1802.528	-2084.839	282.3114	0.501057	0.267572	0.0755649	0.155806	1.312341	1.449474	3.330084	1.409939
21726	-1806.114	-2089.12	283.0066	0.534465	0.285412	0.0866015	0.0935216	1.159526	1.647718	2.973979	1.242935
21732	-1805.061	-2085.199	280.138	0.485129	0.399238	0.0616587	0.0539745	1.141595	1.424472	4.615503	1.540949
21738	-1815.634	-2096.347	280.7131	0.607165	0.245488	0.06043	0.086917	0.7581315	0.9465804	4.615503	1.89957
21744	-1799.556	-2079.15	279.5937	0.613153	0.247909	0.061026	0.0779119	1.157236	1.0835	5.030478	1.692548
21750	-1809.604	-2088.449	278.8442	0.456117	0.328694	0.0612643	0.153925	1.399915	0.9448075	5.549483	1.370579
21756	-1797.822	-2076.801	278.9787	0.461477	0.332557	0.0783727	0.127593	1.087295	1.158304	5.518256	1.370579
21762	-1809.35	-2089.41	280.0603	0.430282	0.380996	0.187004	0.00171817	1.349937	1.280737	4.904054	1.011249
21768	-1816.867	-2097.707	280.8403	0.689642	0.112267	0.196016	0.00207463	1.855828	1.252976	4.256472	0.9883017
21774	-1813.365	-2095.248	281.883	0.662403	0.147331	0.188274	0.00199268	1.13385	1.23528	3.666546	1.68388
21780	-1811.289	-2091.671	280.3827	0.557412	0.243107	0.186127	0.0133532	1.331494	1.209547	4.290391	2.004069
21786	-1805.889	-2086.278	280.3889	0.516409	0.235719	0.172436	0.0754361	1.357961	1.123758	4.490565	1.625357
21792	-1801.862	-2082.207	280.345	0.585708	0.133157	0.195576	0.0855591	1.697956	1.305474	3.826656	2.636865
21798	-1814.377	-2094.082	279.7051	0.699507	0.0929383	0.144388	0.0631661	2.278874	1.172764	4.582509	1.328017
21804	-1813.009	-2093.244	280.2347	0.652397	0.0890554	0.138356	0.120192	1.608924	1.209845	4.159805	2.190355
21810	-1808.825	-2089.484	280.6588	0.696583	0.157728	0.0173559	0.128333	2.247145	1.285521	3.708095	1.919137
21816	-1800.073	-2079.849	279.7758	0.714908	0.0826899	0.0241122	0.178289	1.731233	1.058084	4.593169	1.846188
21822	-1803.117	-2083.982	280.865	0.583372	0.220715	0.0233391	0.172573	1.587194	1.169557	3.980621	1.846188
21828	-1814.473	-2095.422	280.9487	0.658629	0.0877108	0.0588247	0.194836	1.75356	1.215534	3.827906	1.846188
21834	-1816.034	-2097.529	281.4943	0.727422	0.0709995	0.00898911	0.192589	2.723264	1.145441	3.243091	1.64579
21840	-1813.36	-2094.912	281.5521	0.58063	0.209502	0.0512147	0.158654	1.981798	1.253774	3.411765	1.717975
21846	-1799.592	-2079.354	279.7623	0.820881	0.0572375	0.0229213	0.0989603	1.798663	1.275414	3.492979	4.706469
21852	-1791.273	-2073.302	282.0283	0.825389	0.04455	0.053037	0.0770244	1.437819	1.33376	3.033739	2.428189
21858	-1786.912	-2069.322	282.4101	0.685626	0.0294213	0.277972	0.00698054	1.437819	1.534878	2.281041	3.478606
21864	-1800.418	-2083.341	282.9232	0.591699	0.0272647	0.341119	0.0399169	1.597698	1.700243	1.829438	3.240636
21870	-1808.605	-2091.619	283.0137	0.702508	0.0284225	0.240882	0.0281874	2.061399	1.415659	2.301976	1.899139
21876	-1800.37	-2082.909	282.5394	0.614413	0.0363916	0.339793	0.00940286	1.136311	1.431327	3.055836	1.916605
21882	-1823.966	-2105.499	281.5333	0.620697	0.0109092	0.343268	0.0251261	1.136311	1.549849	3.349881	2.462362
21888	-1824.313	-2102.853	278.5405	0.735727	0.0163603	0.169716	0.078196	1.996842	1.202663	4.8352	2.470117
21894	-1814.877	-2098.361	283.4835	0.410769	0.455661	0.0399422	0.093628	1.479538	1.59462	2.262535	1.744875
21900	-1813.964	-2097.811	283.8468	0.525833	0.331259	0.0423132	0.100594	1.20545	1.516312	2.690013	0.9502411
21906	-1805.555	-2088.629	283.0736	0.635005	0.144648	0.140183	0.0801635	1.326581	1.564105	2.690013	1.615732
21912	-1833.558	-2115.91	282.3519	0.635005	0.144648	0.140183	0.0801635	1.063633	1.430053	3.214084	1.908028
21918	-1805.959	-2089.215	283.2563	0.639433	0.12508	0.141161	0.0943256	1.316192	1.704588	2.562058	1.490382
21924	-1807.886	-2090.468	282.5824	0.642451	0.231818	0.0599838	0.0657476	1.156811	1.34916	3.200069	1.637293
21930	-1804.972	-2087.828	282.8555	0.532384	0.304568	0.0766669	0.0863809	0.9355594	1.404644	3.157068	1.591946
21936	-1784.055	-2066.701	282.6457	0.576267	0.230622	0.0908027	0.102308	1.805308	1.586552	2.70215	1.591946
21942	-1801.306	-2086.237	284.931	0.619247	0.171273	0.136105	0.0733752	0.8786248	1.604949	1.754648	1.591946
21948	-1807.204	-2090.915	283.7112	0.517982	0.344616	0.0411981	0.0962034	1.270437	1.672122	2.430421	1.299382
21954	-1801.762	-2085.51	283.7477	0.325241	0.523266	0.0307888	0.120704	1.100079	1.540503	2.734195	1.053913
21960	-1793.119	-2076.077	282.9571	0.742289	0.223235	0.0102436	0.0242324	1.520078	1.534501	2.319275	2.368708
21966	-1818.18	-2100.929	282.7485	0.404795	0.426588	0.0474334	0.121184	0.7813551	1.447839	3.034519	2.142451
21972	-1811.073	-2093.398	282.3247	0.569259	0.229865	0.0400877	0.160788	0.7813551	1.476007	3.497678	1.640358
21978	-1803.367	-2084.606	281.2386	0.677343	0.110739	0.0496177	0.1623	1.418662	1.516454	3.469752	2.263152
21984	-1810.992	-2091.709	280.7172	0.675588	0.113043	0.0494892	0.16188	1.659392	1.498264	3.469752	2.766507
21990	-1804.97	-2087.029	282.0587	0.83354	0.0459255	0.0547681	0.0657663	1.446411	1.552512	3.041987	2.046367
21996	-1798.712	-2080.759	282.0479	0.527327	0.203321	0.181497	0.0878564	1.377116	1.601464	3.123386	1.896836
22002	-1808.557	-2088.632	280.075	0.52043	0.368141	0.0457091	0.0657201	1.221288	1.344315	4.643093	1.562488
22008	-1822.04	-2101.396	279.3566	0.700778	0.186664	0.0628094	0.0497484	1.116171	1.127958	4.575725	3.235193
22014	-1811.86	-2092.87	281.0095	0.623362	0.262019	0.0582438	0.0563752	1.188401	1.104041	4.278062	1.544792
22020	-1823.294	-2100.368	277.0742	0.612487	0.203431	0.0572277	0.126854	1.986382	1.243372	5.930071	1.719255
22026	-1805.929	-2085.373	279.4433	0.627578	0.146232	0.0475845	0.178605	1.687428	1.251674	4.427296	2.49752
22032	-1807.53	-2089.617	282.0874	0.681147	0.158714	0.0516462	0.108493	1.312711	1.511018	3.303116	1.653206
22038	-1832.463	-2115.36	282.8969	0.721903	0.108377	0.0547364	0.114984	1.141787	1.641883	2.6657	2.009461
22044	-1815.142	-2097.949	282.807	0.538685	0.179778	0.090798	0.190738	1.235147	1.562826	2.814911	1.79736
22050	-1810.726	-2091.888	281.1624	0.586298	0.265908	0.0746539	0.0731403	2.090798	1.348279	3.521722	1.750147
22056	-1803.78	-2086.315	282.5353	0.542536	0.220071	0.1739	0.0634934	1.029278	1.210997	3.321349	1.765142
22062	-1814.095	-2097.644	283.5484	0.318046	0.593914	0.0122604	0.0757798	0.717639	1.473671	3.026676	1.234696
22068	-1829.148	-2111.988	282.8391	0.519379	0.375835	0.00922002	0.0955659	1.596303	1.420613	2.980763	1.234696
22074	-1820.972	-2102.028	281.0566	0.505936	0.366107	0.00898138	0.118976	1.204542	1.387236	3.897971	1.944245
22080	-1822.815	-2106.407	283.5924	0.504864	0.353571	0.0321418	0.109423	1.365968	1.573752	2.581233	1.180055
22086	-1826.352	-2109.082	282.7301	0.705579	0.162747	0.032655	0.0990192	1.404722	1.492431	2.936129	1.545042
22092	-1819.404	-2101.857	282.4539	0.718028	0.129954	0.0129174	0.1391	2.30152	1.459549	2.411279	2.127969
22098	-1796.733	-2078.996	282.2628	0.718028	0.129954	0.0129174	0.1391	1.522004	1.375538	2.981707	2.057018
22104	-1806	-2087.749	281.7497	0.649624	0.212841	0.0116868	0.125849	1.196024	1.21981	3.422808	2.362729
22110	-1808.524	-2088.995	280.4714	0.748898	0.0768849	0.029136	0.145081	1.677973	1.28679	3.835033	2.475727
22116	-1817.053	-2099.046	281.993	0.773299	0.055823	0.02107	0.149808	1.976192	1.455731	2.603299	2.707099
22122	-1816.059	-2097.697	281.6387	0.760043	0.0607857	0.0229431	0.156228	1.515909	1.385043	3.06807	2.754899
22128	-1813.355	-2095.861	282.5052	0.633948	0.222204	0.0135397	0.130309	1.515909	1.574606	3.169902	1.162034
22134	-1804.179	-2085.967	281.7874	0.5596	0.280862	0.0119518	0.147587	1.418375	1.331249	3.507079	1.69817
22140	-1803.789	-2085.213	281.4247	0.579709	0.185515	0.0425252	0.192251	1.320822	1.405882	3.507079	2.190255
22146	-1813.398	-2094.379	280.9814	0.579332	0.185394	0.0431464	0.192127	1.104407	1.177729	3.920621	2.418791
22152	-1808.271	-2089.591	281.3206	0.547126	0.291088	0.0645626	0.097223	1.214318	1.355589	3.691314	2.101198
22158	-1806.555	-2088.104	281.5489	0.571474	0.304042	0.0167523	0.107731	0.9109708	1.281233	3.448092	2.947942
22164	-1809.825	-2090.322	280.4966	0.595168	0.175623	0.0233918	0.205817	1.453805	1.218387	3.974422	2.460599
22170	-1809.677	-2092.796	283.1191	0.706629	0.0813985	0.131636	0.0803362	1.458362	1.315115	2.729381	1.642237
22176	-1814.717	-2093.192	278.4748	0.640612	0.0737939	0.212763	0.0728308	1.769235	1.065156	5.136012	2.235236
22182	-1822.459	-2101.763	279.3049	0.746126	0.102516	0.0713072	0.0800501	1.660568	1.006862	4.752921	2.242412
22188	-1817.297	-2100.326	283.0283	0.583975	0.20109	0.182774	0.0321604	1.237197	1.421263	2.906625	1.51496
22194	-1830.084	-2114.327	284.2427	0.595104	0.146641	0.225482	0.0327732	0.952308	1.366298	2.502509	1.264079
22200	-1822.922	-2107.433	284.5115	0.399669	0.326927	0.200339	0.0730658	0.952308	1.530169	2.48579	0.8512464
22206	-1826.718	-2110.312	283.5933	0.553156	0.243341	0.149118	0.054385	1.644568	1.567714	2.381538	1.269694
22212	-1810.927	-2095.139	284.2121	0.484823	0.327967	0.154548	0.0326618	0.8443473	1.492781	2.381538	1.495965
22218	-1818.103	-2099.203	281.1004	0.634944	0.127161	0.102146	0.135748	1.349787	1.433992	3.55752	2.454481
22224	-1825.727	-2109.213	283.4859	0.565499	0.113507	0.0349731	0.286021	1.173084	1.469711	2.624584	1.534049
22230	-1822.297	-2101.862	279.5657	0.630574	0.140175	0.00296638	0.226285	1.569191	1.14568	4.730222	1.861168
22236	-1822.6	-2102.281	279.6804	0.596136	0.132519	0.00375673	0.267587	2.041128	1.110991	4.505062	1.794605
22242	-1815.265	-2094.443	279.1777	0.600966	0.27371	0.00135618	0.123968	1.327417	1.064732	5.297015	1.4497
22248	-1820.033	-2098.738	278.7043	0.48323	0.357081	0.00199887	0.157691	0.8410069	0.9814367	5.86331	1.45004
22254	-1812.855	-2095.993	283.1383	0.636337	0.253267	0.0338637	0.0765317	1.157923	1.381857	2.903369	1.526136
22260	-1803.745	-2086.512	282.7671	0.678054	0.211245	0.0205784	0.090123	0.985381	1.475012	2.903369	2.090776
22266	-1828.413	-2113.274	284.8612	0.480496	0.334226	0.0347319	0.150546	0.8833593	1.678258	1.764584	1.565156
22272	-1824.041	-2108.711	284.6707	0.596163	0.29833	0.0322333	0.0732736	1.131943	1.686021	1.718873	1.565156
22278	-1809.553	-2093.81	284.2579	0.659947	0.208045	0.0403294	0.0916779	1.131943	1.789297	1.918191	1.58959
22284	-1823.085	-2107.032	283.9468	0.653872	0.166232	0.0213098	0.158587	2.170717	1.830368	1.287466	1.925718
22290	-1833.602	-2117.41	283.808	0.705387	0.194305	0.00824352	0.0920642	1.655035	1.819297	1.391511	2.510242
22296	-1801.622	-2085.922	284.2999	0.675047	0.185948	0.0406221	0.0983831	1.145751	1.885054	1.477387	2.19592
22302	-1808.016	-2092.34	284.3234	0.703912	0.151139	0.0423591	0.10259	1.118618	1.885054	1.477387	2.199605
22308	-1807.013	-2091.859	284.8456	0.71092	0.152643	0.06286	0.0735767	1.3462	1.875148	1.241541	1.643457
22314	-1820.018	-2104.245	284.2268	0.783353	0.0792753	0.0126295	0.124742	1.286996	2.028747	1.156667	2.47576
22320	-1806.197	-2090.411	284.2137	0.755452	0.113695	0.0105543	0.120299	1.553229	1.78205	1.46947	1.96739
22326	-1825.06	-2109.517	284.4567	0.587367	0.224479	0.0208383	0.167316	1.865806	1.653889	1.46947	1.510093
22332	-1806.952	-2090.474	283.5221	0.770647	0.0848201	0.0379894	0.106544	1.422898	1.603946	1.800009	2.725688
22338	-1816.839	-2100.129	283.2902	0.64767	0.0943661	0.0802758	0.177688	1.317442	1.65782	1.800009	3.176107
22344	-1817.422	-2098.023	280.601	0.664581	0.110126	0.204539	0.0207547	1.461777	1.279972	4.214142	1.660514
22350	-1803.208	-2084.411	281.203	0.61006	0.0708687	0.165122	0.153949	1.342329	1.028941	4.214142	1.375156
22356	-1811.317	-2091.041	279.7247	0.697598	0.0972994	0.159759	0.0453438	3.085273	1.069208	4.251477	1.502169
22362	-1807.041	-2087.535	280.4936	0.63997	0.0639752	0.146562	0.149493	1.606494	1.126576	4.251477	1.74818
22368	-1798.07	-2078.802	280.7317	0.689873	0.0689638	0.0800132	0.16115	1.459962	1.1495	4.251477	1.583064
22374	-1807.605	-2088.523	280.918	0.58392	0.270763	0.0467492	0.0985675	1.308523	1.025372	4.251477	1.670849
22380	-1815.693	-2096.477	280.784	0.725839	0.0908179	0.0592025	0.12414	1.840646	0.9288326	4.251477	1.413533
22386	-1813.386	-2094.094	280.7086	0.597626	0.127755	0.134108	0.140511	1.268813	1.091353	4.215532	1.979939
22392	-1806.989	-2087.73	280.7416	0.645049	0.109076	0.14475	0.101126	1.107091	1.11971	4.215532	2.10349
22398	-1808.937	-2089.274	280.3372	0.760752	0.109592	0.0419316	0.0877247	1.510121	1.130796	4.308032	1.91891
22404	-1803.377	-2085.39	282.0128	0.604804	0.240745	0.0499504	0.104501	1.111359	1.319309	3.335414	2.17393
22410	-1794.745	-2077.868	283.1222	0.670544	0.16383	0.0645591	0.101067	1.402335	1.490312	2.394522	2.17393
22416	-1813.413	-2094.76	281.3469	0.624197	0.255984	0.0270629	0.0927564	2.193239	1.278217	3.373973	1.830719
22422	-1797.535	-2077.62	280.0849	0.612617	0.155759	0.027587	0.204037	1.368028	1.192599	4.670044	1.51454
22428	-1791.515	-2070.508	278.9923	0.612617	0.155759	0.027587	0.204037	1.500493	1.064097	4.845015	2.573612
22434	-1802.73	-2083.593	280.8626	0.626247	0.196927	0.0182123	0.158613	1.228174	1.059812	4.099672	2.141123
22440	-1790.637	-2072.114	281.4767	0.636708	0.164669	0.0185165	0.180107	1.228174	1.204215	3.725852	1.996778
22446	-1791.248	-2071.211	279.9633	0.575449	0.187374	0.0682398	0.168937	2.003789	1.334854	4.209644	1.850673
22452	-1814.407	-2096.472	282.0651	0.653111	0.115931	0.0740652	0.156892	0.800686	1.038659	4.104493	1.213113
22458	-1805.597	-2086.277	280.68	0.634395	0.152245	0.0972651	0.116095	1.209265	1.071178	4.139242	2.309255
22464	-1810.065	-2090.958	280.8934	0.717294	0.132805	0.0269777	0.122924	1.603889	1.106439	3.730918	2.476314
22470	-1815.281	-2095.749	280.4685	0.737864	0.0388619	0.110736	0.112539	1.769373	1.000161	4.449448	1.35763
22476	-1822.712	-2103.087	280.3749	0.626114	0.0242078	0.173188	0.17649	1.591244	1.043368	4.449448	1.583143
22482	-1802.528	-2082.838	280.3106	0.676354	0.0465166	0.0864773	0.190652	2.107779	1.169907	3.85753	2.337594
22488	-1800.325	-2081.109	280.7839	0.722979	0.0392949	0.140074	0.0976518	1.499904	1.178779	3.85753	2.337594
22494	-1798.848	-2078.764	279.9158	0.862364	0.0276931	0.0569639	0.0529794	2.145725	1.328606	3.85753	2.650427
22500	-1792.877	-2073.89	281.0128	0.715067	0.0626914	0.118574	0.103667	1.361414	1.550928	3.449466	2.676235
22506	-1809.679	-2090.629	280.9497	0.557332	0.293705	0.0722332	0.0767301	1.361414	1.324461	4.053715	1.633545
22512	-1807.933	-2092.794	284.8605	0.727315	0.0623437	0.125743	0.0845989	1.276411	2.008233	0.9800795	1.896328
22518	-1818.401	-2103.551	285.1502	0.722714	0.10455	0.124947	0.0477891	1.09619	2.008233	0.9166998	1.820608
22524	-1807.742	-2089.337	281.5953	0.579421	0.233859	0.165352	0.0213681	1.495618	1.294004	3.556766	1.793351
22530	-1827.02	-2109.718	282.6973	0.57161	0.246854	0.152225	0.0293103	1.181911	1.427454	3.334028	1.139844
22536	-1813.644	-2095.793	282.1484	0.602085	0.249203	0.0503799	0.098332	1.272046	1.388402	3.392097	1.590202
22542	-1824.813	-2107.514	282.7019	0.313435	0.492716	0.0468003	0.147049	1.426594	1.404877	3.121541	1.303353
22548	-1821.506	-2103.535	282.0284	0.388627	0.446026	0.0580276	0.10732	1.895019	1.411794	3.485754	0.9530213
22554	-1829.132	-2113.665	284.5324	0.80575	0.0579144	0.0475769	0.0887591	1.755626	2.138665	0.8170047	1.806608
22560	-1836.287	-2121.592	285.3047	0.665586	0.0521161	0.225026	0.0572717	1.090977	2.309449	0.5895102	1.530839
22566	-1838.528	-2123.953	285.425	0.553451	0.192139	0.135288	0.119121	1.095237	2.211714	0.6208506	1.48708
22572	-1826.047	-2105.786	279.7393	0.84472	0.0131984	0.0765387	0.0655434	1.45413	1.384105	3.009693	7.352205
22578	-1812.687	-2094.824	282.1367	0.706415	0.0538199	0.12916	0.110605	1.410459	1.372235	2.826743	2.766867
22584	-1818.59	-2100.155	281.5646	0.683554	0.134577	0.12498	0.0568883	1.721914	1.293124	3.060183	2.766867
22590	-1806.276	-2087.599	281.3229	0.621462	0.122173	0.202136	0.0542291	1.394672	1.303298	3.352927	2.790892
22596	-1802.482	-2082.786	280.3044	0.678001	0.081026	0.214438	0.026535	2.072371	1.279755	3.30556	3.803094
22602	-1800.207	-2080.475	280.2682	0.77413	0.0624837	0.111844	0.0515425	1.903083	1.116513	4.014527	2.301944
22608	-1819.559	-2095.222	275.6623	0.799316	0.00651128	0.132918	0.0612546	5.256411	0.9669272	5.010958	4.251993
22614	-1809.623	-2088.839	279.2159	0.752061	0.0652462	0.12506	0.0576332	1.545054	1.083793	4.636439	2.71583
22620	-1820.658	-2100.428	279.7707	0.433303	0.289388	0.188783	0.0885261	1.440927	1.149851	4.636439	1.95059
22626	-1830.259	-2110.471	280.2123	0.693141	0.0406573	0.149179	0.117023	1.440927	1.184807	4.128556	2.549173
22632	-1840.119	-2123.996	283.8774	0.651036	0.171408	0.0727915	0.104764	1.157748	1.676662	1.873066	2.288362
22638	-1825.346	-2110.049	284.7026	0.728076	0.10639	0.100508	0.0650256	0.9986346	1.61106	1.931027	1.41037
22644	-1814.701	-2098.669	283.9685	0.728076	0.10639	0.100508	0.0650256	1.568378	1.606557	1.882597	1.748606
22650	-1803.49	-2087.322	283.8318	0.519817	0.236568	0.19606	0.0475546	1.649711	1.4738	2.450491	1.001273
22656	-1802.08	-2084.749	282.6694	0.608099	0.139576	0.117143	0.135181	1.604605	1.45016	2.920011	1.495373
22662	-1805.501	-2088.902	283.401	0.629043	0.144383	0.121177	0.105397	1.015638	1.479478	2.611609	1.838862
22668	-1800.837	-2084.964	284.127	0.605704	0.176128	0.116682	0.101486	1.343176	1.49324	2.206779	1.351561
22674	-1805.914	-2090.032	284.1177	0.592524	0.225922	0.114143	0.0674116	1.932794	1.667926	1.868769	1.194058
22680	-1817.549	-2101.526	283.9772	0.685716	0.261455	0.0337299	0.0190986	1.475616	1.575326	2.256388	1.213978
22686	-1805.903	-2088.13	282.2262	0.627517	0.262059	0.0754649	0.0349587	1.865993	1.33553	2.761052	2.279636
22692	-1804.443	-2089.716	285.2736	0.744872	0.107041	0.0218812	0.126206	1.044706	2.309117	0.5292574	1.637177
22698	-1808.343	-2093.519	285.1761	0.764427	0.0898575	0.0161968	0.129519	1.096516	2.355807	0.5292574	1.637177
22704	-1802.778	-2086.993	284.2153	0.747645	0.0615471	0.102095	0.0887129	1.859224	2.411346	0.5201677	1.94149
22710	-1805.955	-2089.461	283.5061	0.710408	0.0706288	0.11716	0.101803	2.481038	2.407386	0.5368066	2.302433
22716	-1812.748	-2097.821	285.0734	0.705981	0.127791	0.117726	0.0485019	1.25576	2.434432	0.487558	1.488587
22722	-1829.51	-2109.881	280.3706	0.530392	0.163341	0.208905	0.0973622	1.15903	0.9260395	4.827072	1.392628
22728	-1810.273	-2090.142	279.8683	0.566912	0.265661	0.1028	0.0646269	1.114299	1.115077	5.025348	1.392628
22734	-1815.504	-2098.555	283.0509	0.485107	0.223875	0.225485	0.0655329	1.183137	1.304883	3.177051	1.174911
22740	-1821.971	-2106.693	284.7219	0.699112	0.207054	0.00888712	0.0849472	1.848409	2.259713	0.5292038	1.512159
22746	-1837.938	-2122.111	284.1726	0.834941	0.0529938	0.0106138	0.101451	2.245231	2.266484	0.5292038	1.813017
22752	-1823.001	-2106.81	283.8087	0.672633	0.185008	0.0783911	0.0639677	1.119689	1.455742	2.576	1.330417
22758	-1811.625	-2094.209	282.5836	0.543538	0.280547	0.113281	0.0626334	1.395094	1.46642	2.985184	1.663903
22764	-1818.024	-2100.433	282.4089	0.489198	0.301389	0.134341	0.0750724	1.642155	1.333875	2.949434	1.857073
22770	-1818.198	-2100.769	282.5702	0.526818	0.313303	0.0871392	0.0727398	2.007854	1.484856	2.629562	1.761725
22776	-1821.532	-2104.353	282.821	0.504375	0.299957	0.13256	0.0631084	1.69783	1.582731	2.772438	1.361609
22782	-1811.53	-2092.198	280.6683	0.466403	0.396146	0.0403488	0.0971022	2.18324	1.320007	4.024658	1.266053
22788	-1798.666	-2079.942	281.2762	0.514037	0.401165	0.0408599	0.0439387	1.058835	1.336034	4.076756	1.522196
22794	-1792.454	-2073.19	280.7354	0.492911	0.384677	0.0216334	0.100779	1.359436	1.08723	4.144118	2.007069
22800	-1794.887	-2076.683	281.7969	0.36601	0.543093	0.0160639	0.0748331	1.146492	1.255965	3.530287	2.053905
22806	-1797.855	-2078.947	281.092	0.660971	0.0834615	0.131956	0.123611	1.46188	1.192903	3.69666	2.322925
22812	-1806.105	-2087.215	281.1107	0.663631	0.20495	0.037064	0.0943546	1.880337	1.481304	3.051234	3.020586
22818	-1806.854	-2086.465	279.6108	0.770405	0.0907878	0.0391477	0.0996592	1.550828	1.088672	4.040492	3.857539
22824	-1816.317	-2097.101	280.784	0.733536	0.0224709	0.0849977	0.158995	1.550828	1.234762	3.336557	3.660389
22830	-1805.348	-2090.381	285.0325	0.599777	0.186579	0.0802239	0.13342	0.8847845	2.147462	0.83406	2.167505
22836	-1809.928	-2094.992	285.0639	0.463665	0.371175	0.062018	0.103142	0.9238816	2.188041	0.7312992	2.115028
22842	-1807.608	-2092.024	284.4157	0.689999	0.129295	0.0691406	0.111566	1.410152	2.188438	0.9571742	2.117574
22848	-1809.468	-2093.765	284.2975	0.675252	0.140914	0.0622427	0.121592	1.303947	2.006078	1.46964	1.852423
22854	-1815.322	-2099.494	284.1721	0.691387	0.0858958	0.06373	0.158987	1.49165	1.924539	1.151608	2.449141
22860	-1813.978	-2098.43	284.4518	0.773384	0.100229	0.0749072	0.0514795	1.235651	1.694142	1.507108	2.077956
22866	-1810.957	-2094.493	283.5362	0.546889	0.296997	0.12438	0.031734	1.74224	1.694142	2.112835	1.574015
22872	-1800.178	-2083.78	283.6018	0.418331	0.349966	0.185116	0.0465865	1.197255	1.472654	2.89379	0.9126955
22878	-1801.31	-2085.106	283.7956	0.428588	0.336604	0.176532	0.0582762	0.9939389	1.424227	2.89379	0.9643187
22884	-1799.717	-2083.24	283.5231	0.605277	0.157172	0.131989	0.105562	0.9765313	1.605193	2.535611	1.730582
22890	-1792.712	-2075.757	283.0443	0.666967	0.0597089	0.151865	0.121459	1.61436	1.64383	2.506548	1.610283
22896	-1800.396	-2083.86	283.4644	0.635647	0.0757624	0.137367	0.151223	1.305499	1.425109	2.429366	1.847077
22902	-1799.638	-2080.468	280.8305	0.611532	0.1634	0.0813062	0.143761	1.225914	1.146757	4.236522	1.755799
22908	-1801.2	-2081.949	280.7493	0.530754	0.155651	0.188823	0.124772	1.073523	1.15496	4.282314	1.932133
22914	-1822.298	-2104.304	282.006	0.598683	0.176657	0.0264489	0.198211	1.502151	1.344091	3.155971	2.075463
22920	-1805.39	-2086.157	280.7664	0.583597	0.229332	0.0197951	0.167276	1.973298	1.361743	3.872138	1.584775
22926	-1794.883	-2077.101	282.2181	0.515831	0.384167	0.0493965	0.0506058	1.133883	1.348632	3.408805	1.67677
22932	-1815.364	-2099.043	283.6789	0.3913	0.513863	0.0482101	0.0466262	1.037173	1.417478	2.794921	1.214044
22938	-1814.86	-2097.349	282.4895	0.626898	0.28722	0.038884	0.0469981	0.8580124	1.292223	3.619947	1.327574
22944	-1809.084	-2090.884	281.8008	0.489109	0.103575	0.338331	0.0689853	1.749708	1.345405	3.619947	1.132953
22950	-1813.505	-2094.894	281.3893	0.646979	0.0561171	0.215638	0.0812662	1.238941	1.250071	3.809276	1.849059
22956	-1812.939	-2093.355	280.4161	0.711231	0.0287309	0.237053	0.0229849	1.186842	1.113223	4.522399	1.728747
22962	-1820.603	-2103.023	282.4204	0.648815	0.166819	0.180153	0.00421312	1.113825	1.267599	3.316554	1.744595
22968	-1822.51	-2105.434	282.924	0.643857	0.165544	0.178777	0.0118227	1.191772	1.506567	2.828395	1.744595
22974	-1810.696	-2093.351	282.6556	0.711949	0.179939	0.102526	0.005586	2.243916	1.466876	2.80918	1.153415
22980	-1803.217	-2086.243	283.0262	0.489309	0.237701	0.26647	0.00651915	1.07081	1.399664	3.241659	1.101134
22986	-1807.868	-2088.465	280.5972	0.52918	0.185916	0.259419	0.0254841	1.240266	1.185358	4.493395	1.43008
22992	-1811.253	-2091.402	280.1488	0.717512	0.0859562	0.133153	0.0633793	2.453488	1.081371	4.054903	1.877368
22998	-1806.329	-2086.905	280.5765	0.745424	0.0752801	0.113451	0.0658449	1.327528	1.003815	4.527876	1.499713
23004	-1821.273	-2103.51	282.237	0.496157	0.0290059	0.423752	0.0510845	1.63806	1.260658	3.323913	1.399304
23010	-1813.495	-2095.602	282.1079	0.611688	0.03576	0.323879	0.0286722	1.63806	1.373867	3.138085	1.792311
23016	-1796.85	-2079.018	282.1681	0.696077	0.130793	0.163332	0.00979872	1.63806	1.226969	3.256545	1.652484
23022	-1802.836	-2084.716	281.8797	0.469867	0.30178	0.172053	0.0562998	1.715213	1.331068	3.39217	1.522467
23028	-1798.118	-2081.064	282.9459	0.558403	0.273584	0.126589	0.041423	1.522468	1.376341	2.910411	1.362371
23034	-1794.394	-2078.287	283.8934	0.591355	0.200117	0.1657	0.0428285	1.056755	1.638257	2.429381	1.362371
23040	-1798.149	-2079.995	281.8456	0.65746	0.101197	0.103184	0.138159	1.303984	1.293783	3.461474	1.900305
23046	-1808.322	-2090.313	281.9915	0.545254	0.254592	0.085574	0.11458	1.744533	1.351839	3.198658	1.729217
23052	-1805.073	-2087.176	282.1027	0.53035	0.247633	0.110569	0.111448	1.744533	1.536266	3.022523	1.729217
23058	-1811.3	-2093.89	282.5895	0.549993	0.256804	0.10307	0.0901335	1.268913	1.409749	3.177222	1.478686
23064	-1810.57	-2090.647	280.0767	0.62715	0.143528	0.0268623	0.20246	1.613407	1.14085	4.35077	2.034423
23070	-1802.962	-2083.849	280.8871	0.634485	0.181861	0.0169017	0.166753	1.298349	1.107363	4.061325	2.046053
23076	-1802.198	-2080.732	278.5335	0.699994	0.0609257	0.023008	0.216073	1.509716	1.015404	5.209745	2.339582
23082	-1795.725	-2074.654	278.9288	0.688141	0.0768235	0.0226214	0.212414	1.274231	1.000617	5.110213	2.3527
23088	-1810.211	-2089.714	279.5032	0.70487	0.0948824	0.0287654	0.171482	3.358923	1.162466	3.535193	3.257603
23094	-1807.808	-2087.882	280.074	0.783197	0.0978081	0.0251136	0.0938808	2.723118	1.099315	3.535193	3.034944
23100	-1811.604	-2094.104	282.4996	0.620701	0.0821987	0.193738	0.103363	1.386013	1.168987	3.113817	1.882419
23106	-1807.27	-2089.399	282.1295	0.591977	0.187689	0.184773	0.0355605	1.037038	1.330495	3.64904	1.42824
23112	-1815.745	-2099.197	283.4518	0.564625	0.205835	0.202636	0.0269036	1.237818	1.542062	2.828132	1.063145
23118	-1814.855	-2096.419	281.564	0.576372	0.210117	0.203609	0.00990252	1.687361	1.142051	3.590603	1.748291
23124	-1810.41	-2092.952	282.5413	0.581755	0.184271	0.225285	0.0086896	0.9797949	1.586343	3.168191	1.675207
23130	-1826.809	-2109.892	283.083	0.719071	0.0260702	0.237685	0.0171746	1.459277	1.421122	2.452637	2.126969
23136	-1827.547	-2110.907	283.36	0.691961	0.02997	0.273239	0.00482967	1.219793	1.566345	2.045996	2.758252
23142	-1822.944	-2099.355	276.4117	0.454872	0.446369	0.0846019	0.0141571	1.310569	1.049457	6.651635	1.829761
23148	-1838.813	-2117.815	279.0023	0.493231	0.391856	0.107877	0.00703581	2.522071	1.182476	4.988767	1.114555
23154	-1831.69	-2113.611	281.9211	0.466353	0.254172	0.276228	0.00324726	0.665579	1.265622	3.965306	1.552896
23160	-1820.584	-2101.149	280.5644	0.449046	0.301369	0.246458	0.00312675	1.356105	1.241186	4.010995	2.360679
23166	-1819.348	-2097.753	278.4051	0.440008	0.247719	0.307917	0.00435532	1.157141	1.086793	5.542613	2.02326
23172	-1812.256	-2093.599	281.3426	0.681625	0.0781753	0.238881	0.00131836	1.123366	1.161219	3.943586	1.863549
23178	-1809.891	-2091.911	282.0195	0.682182	0.0782392	0.239077	0.000501889	1.413942	1.229876	3.216593	2.179377
23184	-1830.444	-2109.104	278.6606	0.747111	0.0843404	0.167897	0.000652145	1.628219	1.102763	5.146844	2.058337
23190	-1833.928	-2112.257	278.3291	0.526912	0.234224	0.0733134	0.165551	1.846965	1.165417	5.460791	1.464777
23196	-1821.671	-2101.36	279.6884	0.605775	0.155461	0.169725	0.0690384	1.102194	1.210982	5.044347	1.46237
23202	-1815.14	-2096.813	281.6734	0.668132	0.107932	0.157279	0.0666573	1.18477	1.442633	3.688068	1.583239
23208	-1818.26	-2098.783	280.523	0.660624	0.084806	0.177469	0.0771002	1.065842	1.2962	4.468968	1.633191
23214	-1819.053	-2102.161	283.108	0.582382	0.0433149	0.373782	0.000521125	1.270573	1.31269	2.81472	1.693664
23220	-1810.625	-2092.218	281.5931	0.525296	0.136811	0.337143	0.000749054	1.191208	1.370265	3.403943	2.425626
23226	-1813.511	-2095.628	282.1168	0.615263	0.155474	0.227323	0.0019401	1.486863	1.444731	3.403943	1.319196
23232	-1814.123	-2096.866	282.7425	0.616753	0.15585	0.219015	0.00838152	1.323869	1.436301	2.86981	1.821154
23238	-1818.478	-2101.174	282.6966	0.717338	0.052431	0.210221	0.0200103	1.251028	1.399371	2.744027	2.302911
23244	-1836.787	-2118.975	282.1877	0.78366	0.0572786	0.137201	0.0218604	1.435893	1.483664	2.757887	2.653816
23250	-1820.626	-2103.397	282.7714	0.551281	0.15403	0.27931	0.0153781	1.435893	1.424817	2.838544	1.7384
23256	-1810.769	-2094.346	283.5771	0.652458	0.159971	0.134121	0.05345	1.508986	1.509981	2.431208	1.390494
23262	-1810.526	-2091.289	280.7631	0.646109	0.0711113	0.210091	0.0726886	2.170513	1.38001	3.39185	2.476845
23268	-1809.491	-2090.959	281.4683	0.765129	0.0380691	0.112471	0.0843309	1.739994	1.523227	3.201104	2.191645
23274	-1811.098	-2091.186	280.0874	0.668115	0.157616	0.121237	0.0530329	1.374107	1.469077	4.079681	2.527495
23280	-1800.498	-2081.215	280.7171	0.696093	0.0607427	0.149392	0.0937715	1.161339	1.267499	4.037626	2.295487
23286	-1816.785	-2098.125	281.3392	0.687932	0.0600306	0.147641	0.104396	1.375597	1.301299	3.545694	2.295487
23292	-1832.104	-2114.571	282.467	0.626526	0.084745	0.102528	0.186201	1.723483	1.444731	2.749393	1.980013
23298	-1826.961	-2108.389	281.4277	0.545753	0.246508	0.15588	0.0518593	1.723483	1.432124	3.31399	2.12778
23304	-1821.147	-2102.13	280.9824	0.68558	0.207863	0.0218362	0.0847205	0.8392188	1.304003	4.313765	1.678431
23310	-1803.888	-2085.634	281.7462	0.480621	0.410379	0.0321811	0.0768184	1.446122	1.327113	3.472282	1.798418
23316	-1808.074	-2089.264	281.1902	0.613639	0.251544	0.0179605	0.116856	1.454447	1.238489	3.472282	2.697519
23322	-1796.384	-2079.089	282.7045	0.694821	0.148668	0.113223	0.0432876	1.380943	1.405697	2.99976	1.577709
23328	-1792.863	-2075.347	282.4839	0.532545	0.243803	0.0947405	0.128911	0.9976614	1.380874	3.523325	1.263026
23334	-1802.351	-2084.248	281.8968	0.544903	0.24946	0.0969389	0.108698	0.7370953	1.365665	3.663753	2.02081
23340	-1814.615	-2094.74	280.1245	0.631277	0.144136	0.112305	0.112282	0.7370953	1.312704	4.726371	1.960692
23346	-1829.889	-2109.445	279.5552	0.580967	0.176198	0.135459	0.107376	1.94122	1.201507	4.131948	2.904981
23352	-1826.118	-2106.707	280.5886	0.533988	0.23673	0.0859066	0.143376	1.054235	1.297995	4.428862	1.651623
23358	-1809.806	-2089.751	279.9444	0.790169	0.0496104	0.0596335	0.100587	1.744683	1.107004	4.353393	2.107666
23364	-1807.557	-2089.333	281.7767	0.709917	0.0445718	0.109046	0.136464	1.114851	1.286271	3.774512	1.54816
23370	-1806.937	-2087.872	280.9352	0.73268	0.0460009	0.0804796	0.14084	1.964764	1.279219	3.461788	2.419191
23376	-1805.953	-2086.121	280.1686	0.610595	0.154965	0.0670695	0.16737	0.9370975	1.315562	4.398673	2.419191
23382	-1794.355	-2074.322	279.9671	0.531851	0.39257	0.0427649	0.0328141	1.567468	1.169306	4.663653	1.489994
23388	-1798.961	-2080.009	281.0479	0.597133	0.0940702	0.275869	0.0329277	1.072431	1.091313	4.102663	2.041668
23394	-1792.86	-2073.774	280.9134	0.5849	0.15294	0.19215	0.0700103	1.734786	1.164589	3.488661	2.836466
23400	-1798.706	-2080.314	281.6074	0.637368	0.0706422	0.158289	0.133701	1.037596	1.243652	3.607255	2.29817
23406	-1787.375	-2066.827	279.4514	0.559979	0.308351	0.0283707	0.103299	1.058955	1.117476	4.763139	2.637019
23412	-1796.653	-2078.046	281.3935	0.547051	0.301232	0.0546754	0.097041	1.307963	1.326301	4.043257	1.205078
23418	-1798.4	-2079.93	281.53	0.551598	0.299065	0.0594447	0.0898926	0.8365108	1.236058	3.990755	1.791611
23424	-1790.147	-2072.283	282.1356	0.611557	0.275444	0.0302067	0.0827926	1.195968	1.306741	3.407362	1.76027
23430	-1796.324	-2077.022	280.6976	0.729562	0.153903	0.0104546	0.10608	1.790801	1.256662	3.949156	1.806672
23436	-1799.945	-2081.558	281.6133	0.604014	0.222084	0.021414	0.152488	1.479185	1.302072	3.690893	1.499575
23442	-1804.982	-2086.739	281.7577	0.628186	0.166986	0.022271	0.182557	2.281737	1.47242	3.188152	1.407948
23448	-1804.183	-2086.071	281.8881	0.673197	0.0780188	0.0270503	0.221734	1.202484	1.276515	3.737769	1.407948
23454	-1808.55	-2090.27	281.7198	0.738538	0.0603452	0.0296127	0.171504	1.202484	1.366465	3.737769	1.497618
23460	-1807.474	-2088.735	281.2613	0.667508	0.0436119	0.0214014	0.267479	1.153386	1.173751	3.715374	2.468639
23466	-1805.636	-2086.991	281.355	0.715239	0.040631	0.0199386	0.224191	2.076216	1.289832	3.283684	2.119755
23472	-1793.513	-2074.65	281.1373	0.755372	0.130434	0.016121	0.098073	1.264208	1.116242	3.79124	2.388531
23478	-1823.803	-2103.564	279.7614	0.735751	0.138767	0.0177145	0.107767	1.761196	1.213639	4.376006	2.139324
23484	-1814.838	-2093.675	278.8375	0.485927	0.30444	0.0410777	0.168555	2.026993	1.228095	4.794187	2.083128
23490	-1813.28	-2093.047	279.7668	0.704473	0.175014	0.0236144	0.0968979	2.01872	1.166295	4.33165	2.032144
23496	-1810.254	-2089.585	279.3311	0.506974	0.329808	0.0790945	0.0841237	1.370602	1.14274	5.367457	1.023423
23502	-1817.269	-2096.357	279.0882	0.644517	0.0410162	0.20752	0.106947	2.29535	1.069963	4.928446	1.427582
23508	-1814.407	-2092.717	278.31	0.646914	0.0664608	0.189148	0.0974782	1.88443	0.9989044	5.076374	2.600856
23514	-1809.752	-2090.65	280.8979	0.646914	0.0664608	0.189148	0.0974782	1.624406	1.16114	3.947729	1.848545
23520	-1803.221	-2083.245	280.0238	0.765212	0.0394001	0.128939	0.0664493	1.435275	1.043206	4.491086	2.107994
23526	-1802.162	-2082.224	280.0621	0.627679	0.175308	0.18182	0.015193	1.435275	1.129435	4.491086	1.941134
23532	-1796.615	-2077.173	280.5577	0.52963	0.192143	0.239811	0.0384164	1.354756	1.073465	4.596453	1.27806
23538	-1802.045	-2083.838	281.7923	0.537413	0.207124	0.214051	0.0414117	1.291651	1.320733	3.520757	1.818295
23544	-1804.154	-2087.413	283.2589	0.636709	0.223548	0.0634736	0.0762697	0.7500797	1.423775	2.950664	1.732068
23550	-1798.205	-2081.32	283.1146	0.616837	0.130841	0.14906	0.103262	1.782258	1.542578	2.299539	1.886299
23556	-1798.959	-2082.143	283.1841	0.719117	0.180724	0.0714982	0.0286612	1.134188	1.332009	2.706482	1.961191
23562	-1810.03	-2092.456	282.4255	0.662701	0.136751	0.146766	0.0537817	1.458865	1.304674	3.291056	1.372018
23568	-1800.363	-2083.1	282.7368	0.706002	0.137691	0.105316	0.0509916	1.230242	1.215236	3.067405	1.801513
23574	-1805.162	-2086.409	281.2468	0.717722	0.0539728	0.177542	0.0507634	1.590754	1.180608	3.767398	1.815082
23580	-1798.819	-2079.688	280.8688	0.53419	0.197442	0.132885	0.135483	1.46294	1.111163	3.858015	2.3578
23586	-1798.619	-2080.543	281.9238	0.645159	0.191595	0.111352	0.0518941	1.46294	1.260953	3.447808	1.693623
23592	-1802.381	-2084.573	282.1913	0.549805	0.197421	0.208173	0.0446016	1.53934	1.201077	3.679061	0.9565825
23598	-1814.887	-2095.895	281.0082	0.526644	0.255144	0.175489	0.0427227	1.540311	1.264126	4.262961	1.055497
23604	-1805.768	-2087.104	281.3362	0.522682	0.272333	0.151737	0.0532477	1.643687	1.293143	4.030237	1.020632
23610	-1797.481	-2078.815	281.3337	0.562496	0.158501	0.232709	0.0462936	1.027706	1.097818	4.241593	1.431771
23616	-1795.991	-2074.824	278.8334	0.722782	0.148054	0.0696788	0.0594852	1.244936	1.02635	5.333538	1.929403
23622	-1803.15	-2084.868	281.7181	0.657272	0.183041	0.0861447	0.0735422	1.386978	1.21791	3.725659	1.499951
23628	-1815.08	-2097.54	282.4598	0.475985	0.342872	0.0612726	0.119871	1.332081	1.606555	2.856545	1.985917
23634	-1813.845	-2097.243	283.3977	0.720454	0.176272	0.066909	0.036365	1.448132	1.500184	2.262995	2.011442
23640	-1806.102	-2089.151	283.049	0.593399	0.254304	0.0297507	0.122546	1.18552	1.559512	3.102874	1.040569
23646	-1810.113	-2094.525	284.4116	0.448279	0.43667	0.0224749	0.0925762	0.8904335	1.697883	2.241513	1.236692
23652	-1799.217	-2081.722	282.505	0.571131	0.305948	0.00497424	0.117947	1.560236	1.415638	3.106022	1.410808
23658	-1805.227	-2087.699	282.472	0.532218	0.361791	0.00463533	0.101355	1.462186	1.435073	3.223918	1.299065
23664	-1808.495	-2091.997	283.5026	0.497198	0.388963	0.0204383	0.0934005	0.7842011	1.502746	3.223918	0.8451375
23670	-1801.254	-2085.116	283.8628	0.439442	0.398363	0.0209322	0.141263	0.7842011	1.406493	2.871448	1.171379
23676	-1801.851	-2085.756	283.9055	0.43321	0.392714	0.0348163	0.13926	0.7842011	1.375704	2.971801	0.9890331
23682	-1802.253	-2085.338	283.0851	0.426199	0.408622	0.0330369	0.132142	1.090753	1.479607	3.168717	1.065114
23688	-1806.424	-2088.262	281.8386	0.411725	0.428706	0.0319149	0.127655	1.356132	1.261123	3.837035	1.138241
23694	-1797.843	-2077.984	280.1416	0.399686	0.416171	0.0309818	0.153161	0.7980906	1.088194	5.196339	1.138241
23700	-1799.056	-2079.384	280.3275	0.539456	0.326012	0.0145523	0.11998	1.216956	1.038686	4.691041	1.529139
23706	-1804.694	-2084.304	279.6095	0.744867	0.102508	0.0158446	0.13678	1.778986	1.052456	4.526437	2.183484
23712	-1817.861	-2096.134	278.273	0.703402	0.0330691	0.0216771	0.241852	2.120549	1.128778	4.740211	3.143283
23718	-1825.83	-2104.705	278.875	0.634172	0.208769	0.0296865	0.127373	2.4181	0.9850398	4.909657	1.720631
23724	-1807.134	-2087.343	280.2094	0.569977	0.238873	0.0339673	0.157183	1.795601	1.059608	4.536383	1.384637
23730	-1803.69	-2083.912	280.2225	0.594866	0.22193	0.00533749	0.177867	1.691651	1.178375	4.531687	1.340261
23736	-1808.948	-2088.74	279.7921	0.584914	0.180622	0.0236405	0.210823	1.691651	1.050506	4.702712	1.632614
23742	-1801.97	-2083.082	281.1118	0.567875	0.215324	0.0289714	0.18783	1.12842	1.185721	4.076382	1.823795
23748	-1811.452	-2092.898	281.4463	0.637842	0.127259	0.0325409	0.202358	1.762527	1.456956	3.378257	1.882318
23754	-1794.069	-2076.612	282.543	0.67003	0.127817	0.0280045	0.174148	1.431014	1.339304	3.104938	1.58663
23760	-1805.92	-2088.11	282.1902	0.747566	0.120271	0.0900317	0.0421318	1.175752	1.325866	3.538302	1.428275
23766	-1802.961	-2081.914	278.9522	0.608483	0.15149	0.197648	0.0423792	1.234581	1.081651	5.621803	1.127599
23772	-1799.286	-2079.827	280.5414	0.449044	0.421456	0.075656	0.0538448	1.127451	1.104557	4.740764	1.212827
23778	-1809.82	-2091.554	281.7335	0.602062	0.215138	0.138788	0.044012	1.026089	1.387842	4.055069	1.045753
23784	-1841.695	-2126.467	284.7725	0.455924	0.174782	0.367908	0.00138605	0.9362433	1.559517	2.154149	1.095654
23790	-1814.264	-2099.22	284.956	0.378978	0.530674	0.0876219	0.00272528	0.8623256	1.629551	2.167234	0.8979306
23796	-1815.584	-2099.719	284.1355	0.507226	0.42845	0.0607629	0.00356125	1.089636	1.620347	2.294217	1.314519
23802	-1805.764	-2088.984	283.2196	0.594095	0.224697	0.174314	0.00689382	1.450152	1.613833	2.106915	2.438455
23808	-1806.107	-2088.533	282.4263	0.631356	0.153333	0.205965	0.00934579	1.633305	1.541129	2.43806	2.734833
23814	-1803.527	-2085.396	281.8688	0.567035	0.0708234	0.338249	0.0238919	2.272209	1.524421	2.770195	2.075639
23820	-1812.159	-2092.956	280.797	0.58958	0.10735	0.280066	0.0230041	2.556019	1.385596	3.258152	2.36279
23826	-1810.592	-2092.383	281.7913	0.611201	0.281012	0.029225	0.0785618	1.949919	1.397767	3.099138	1.93429
23832	-1814.569	-2094.372	279.8031	0.689494	0.100237	0.0903611	0.119908	1.73777	1.192409	4.546297	1.741078
23838	-1803.963	-2085.738	281.7755	0.736041	0.0510014	0.118368	0.0945897	1.010051	1.199325	3.646736	2.068864
23844	-1834.388	-2114.203	279.8147	0.5642	0.167022	0.155568	0.11321	1.750978	1.251412	4.387721	1.998837
23850	-1825.548	-2103.108	277.5605	0.692549	0.0332416	0.135245	0.138964	1.560537	1.04706	5.540146	2.794727
23856	-1813.197	-2093.434	280.2369	0.749525	0.0866076	0.0496711	0.114196	1.560537	1.266403	4.052549	2.435309
23862	-1805.722	-2086.431	280.7088	0.591018	0.167093	0.0968671	0.145021	1.517935	1.120121	3.865342	2.491727
23868	-1797.74	-2080.119	282.3786	0.702823	0.14325	0.0830448	0.0708824	1.599897	1.31898	2.681058	2.589659
23874	-1787.293	-2069.339	282.0466	0.629338	0.203536	0.103655	0.0634712	1.634228	1.401661	3.152702	1.807678
23880	-1816.129	-2095.883	279.7532	0.560641	0.351159	0.0762505	0.0119486	1.880037	1.197012	4.839333	1.076004
23886	-1806.921	-2085.673	278.752	0.718507	0.0985821	0.169534	0.0133777	1.068791	1.071793	5.426371	1.976627
23892	-1802.157	-2083.352	281.195	0.549442	0.188588	0.203332	0.0586385	1.530933	1.249848	3.714439	1.976931
23898	-1816.162	-2098.187	282.0255	0.401143	0.420745	0.148451	0.0296611	1.283935	1.143312	3.612503	1.565448
23904	-1810.596	-2092.443	281.8471	0.560946	0.280417	0.14117	0.0174674	1.176005	1.119343	3.89144	1.358873
23910	-1811.17	-2094.081	282.9113	0.381913	0.507183	0.0430882	0.0678157	1.503181	1.276492	3.294978	0.8527011
23916	-1798.982	-2080.866	281.8837	0.709096	0.204134	0.0275324	0.0592382	1.690214	1.221418	3.595255	1.272817
23922	-1819.066	-2101.103	282.0368	0.753001	0.166284	0.032461	0.0482545	1.743689	1.554647	2.970188	1.900812
23928	-1807.441	-2090.586	283.1449	0.680861	0.115203	0.174871	0.029065	1.816128	1.600227	2.150525	2.039631
23934	-1804.987	-2086.649	281.6622	0.604039	0.139366	0.178634	0.0779609	1.981071	1.485061	2.748274	2.805665
23940	-1803.9	-2086.689	282.7889	0.682933	0.145778	0.0802176	0.091071	2.415001	1.369994	2.396848	1.735236
23946	-1792.564	-2077.405	284.8405	0.636231	0.202601	0.0345997	0.126569	1.071503	1.552337	1.767203	1.510743
23952	-1783.175	-2066.981	283.8065	0.761854	0.0944629	0.0123638	0.131319	1.229411	1.552337	1.978458	2.247679
23958	-1785.395	-2067.974	282.5794	0.681237	0.180317	0.0308813	0.107564	2.110792	1.692484	1.684621	3.523565
23964	-1800.34	-2083.953	283.6124	0.789506	0.044467	0.0413678	0.12466	1.960005	1.79011	1.573654	2.138604
23970	-1806.488	-2089.47	282.9817	0.675824	0.106089	0.0814474	0.13664	2.923255	1.819221	1.39054	2.411652
23976	-1807.022	-2091.238	284.2167	0.73958	0.116097	0.0819962	0.0623263	1.308081	1.882728	1.39054	2.261718
23982	-1823.446	-2108.493	285.0467	0.697345	0.166574	0.0773136	0.0587671	0.7815561	1.985535	0.9944533	2.323736
23988	-1816.652	-2101.538	284.8864	0.445636	0.420273	0.063923	0.0701682	1.210478	1.976197	1.031711	1.916653
23994	-1822.756	-2103.049	280.2926	0.714064	0.0109179	0.160193	0.114826	1.174917	1.324889	4.1973	2.402221
24000	-1804.678	-2085.982	281.3039	0.81922	0.0243581	0.046459	0.109963	1.174917	1.428568	3.791945	1.845668
24006	-1826.07	-2109.316	283.2462	0.566281	0.190719	0.0948654	0.148135	1.19207	1.423412	2.75554	1.598756
24012	-1814.36	-2099.414	285.0542	0.531196	0.327223	0.101844	0.039738	0.8671813	1.743764	1.320212	2.013769
24018	-1803.662	-2088.15	284.4887	0.680149	0.150054	0.1087	0.0610973	1.11796	1.673932	1.639688	1.963245
24024	-1816.121	-2101.074	284.9523	0.533967	0.352119	0.0641304	0.0497844	1.012706	1.928964	1.630048	1.246005
24030	-1810.775	-2096.136	285.361	0.441101	0.31292	0.210825	0.0351532	1.012706	1.941891	1.290214	1.272199
24036	-1818.197	-2103.25	285.0537	0.445133	0.348078	0.177237	0.0295526	1.012706	1.941891	1.351717	1.532166
24042	-1799.272	-2081.868	282.596	0.679129	0.0825771	0.20982	0.0284744	1.20174	1.510113	3.054807	1.669793
24048	-1804.791	-2087.321	282.53	0.782352	0.0746414	0.124295	0.0187118	1.468718	1.352135	3.021398	1.716201
24054	-1812.867	-2093.903	281.0354	0.72571	0.0692373	0.115296	0.0897572	1.468718	1.171337	3.948323	1.827833
24060	-1824.225	-2105.707	281.4814	0.658676	0.0414891	0.181205	0.11863	1.002507	1.487039	3.656872	2.064025
24066	-1820.887	-2101.754	280.867	0.672718	0.0436151	0.19049	0.0931764	1.455853	1.280006	3.885818	2.064025
24072	-1808.962	-2089.859	280.8971	0.721461	0.0467752	0.161894	0.0698698	1.564469	1.316468	3.805988	2.035617
24078	-1804.821	-2086.311	281.4906	0.59964	0.235908	0.129079	0.0353728	1.347671	1.336133	3.535159	2.095453
24084	-1818.822	-2100.795	281.9726	0.556917	0.289691	0.106504	0.0468874	1.347671	1.177681	3.535159	1.677837
24090	-1838.765	-2121.985	283.2199	0.480928	0.250164	0.0919724	0.176935	1.489189	1.601494	2.445391	1.695876
24096	-1817.961	-2101.315	283.3536	0.549024	0.287383	0.132004	0.0315888	0.9312115	1.409144	2.806075	1.695876
24102	-1821.517	-2103.823	282.3055	0.656113	0.0167518	0.165931	0.161205	1.082606	1.3101	3.314488	1.879229
24108	-1807.955	-2088.516	280.5614	0.657074	0.149776	0.107009	0.0861411	1.282879	1.006203	4.226905	2.253144
24114	-1832.941	-2114.898	281.957	0.624889	0.203874	0.166886	0.00435098	1.05202	1.293921	3.575116	1.814226
24120	-1808.745	-2088.451	279.7067	0.598971	0.110655	0.286292	0.00408181	1.05202	1.257745	4.768747	2.059423
24126	-1821.036	-2100.023	278.9869	0.594815	0.153679	0.245837	0.00566887	1.620929	1.149472	4.795463	2.433396
24132	-1802.821	-2083.817	280.9961	0.670069	0.121638	0.194389	0.013904	1.154199	1.212312	3.880742	2.378231
24138	-1806.069	-2085.663	279.5939	0.664708	0.14521	0.163611	0.0264709	1.007414	1.043652	4.905137	2.234175
24144	-1803.246	-2083.46	280.2135	0.707929	0.127225	0.135701	0.0291448	1.536522	1.302403	3.918245	2.809855
24150	-1801.579	-2082.744	281.1644	0.586646	0.13961	0.112453	0.161291	1.710799	1.285865	3.495851	2.281268
24156	-1806.724	-2087.306	280.5826	0.726562	0.0719925	0.0910159	0.11043	1.221291	1.207977	3.912993	2.836445
24162	-1816.025	-2096.308	280.2831	0.743059	0.0683148	0.0572088	0.131417	1.391839	1.47476	3.568112	3.666267
24168	-1801.549	-2082.992	281.4431	0.75441	0.146139	0.0635387	0.0359128	1.287099	1.276887	3.459907	2.512814
24174	-1805.658	-2087.766	282.1076	0.560566	0.353892	0.0250432	0.0604989	1.287099	1.268887	3.341194	1.879085
24180	-1815.578	-2097.374	281.7953	0.66415	0.170457	0.0302259	0.135167	1.391061	1.487142	3.341194	1.879085
24186	-1820.037	-2103.004	282.9669	0.650529	0.195705	0.0213715	0.132395	1.513282	1.636766	2.424591	1.989533
24192	-1814.322	-2097.386	283.0641	0.520957	0.295753	0.150466	0.0328245	1.648564	1.6533	2.20374	2.150122
24198	-1815.899	-2099.673	283.7738	0.430417	0.328762	0.111428	0.129393	1.131943	1.699743	2.32084	1.540934
24204	-1820.204	-2103.503	283.2993	0.608403	0.160344	0.177938	0.0533158	1.131943	1.850251	2.080809	2.461949
24210	-1801.094	-2084.311	283.2173	0.632767	0.144003	0.171953	0.051277	1.131943	1.578279	2.450412	2.143934
24216	-1804.316	-2087.815	283.4993	0.639525	0.206511	0.00910422	0.14486	1.643737	1.552032	2.077447	1.965824
24222	-1813.55	-2095.266	281.7165	0.656295	0.211042	0.0183319	0.114332	1.86277	1.46419	2.975876	2.320898
24228	-1828.494	-2110.035	281.5409	0.585268	0.251142	0.0326664	0.130923	1.485156	1.285839	3.317607	2.451516
24234	-1810.546	-2093.771	283.225	0.590986	0.257754	0.0450843	0.106176	1.70554	1.721365	2.190458	1.812193
24240	-1823.55	-2104.375	280.825	0.607139	0.106283	0.184831	0.101747	1.378701	1.128156	3.9207	2.346057
24246	-1794.684	-2074.637	279.9538	0.51955	0.289653	0.129187	0.0616103	1.071917	1.105683	4.895328	1.623791
24252	-1827.209	-2107.254	280.0452	0.593317	0.121324	0.147529	0.13783	0.9813022	1.181566	4.895328	1.532027
24258	-1817.294	-2097.631	280.337	0.631118	0.154162	0.142986	0.0717341	1.439012	1.185494	4.272529	2.011342
24264	-1819.262	-2098.289	279.027	0.725011	0.0450776	0.14452	0.0853915	1.303114	1.189492	5.111108	1.918744
24270	-1814.884	-2094.527	279.643	0.688179	0.0427875	0.18798	0.0810534	1.295112	1.349733	4.771773	1.717209
24276	-1837.577	-2119.553	281.9753	0.40948	0.450866	0.0465949	0.0930582	1.003421	1.335508	3.744486	1.44825
24282	-1834.807	-2116.156	281.3496	0.429026	0.417787	0.0511104	0.102076	2.004954	1.413161	3.796709	1.010004
24288	-1820.231	-2102.364	282.1329	0.384005	0.513731	0.0411426	0.0611211	1.212453	1.467424	3.538802	1.29502
24294	-1814.59	-2095.238	280.6488	0.543506	0.277056	0.0496837	0.129755	1.323861	1.256434	4.511969	1.175809
24300	-1822.931	-2105.849	282.9188	0.391637	0.43625	0.0603071	0.111806	1.147241	1.320579	3.225089	1.248905
24306	-1814.411	-2097.531	283.1203	0.400183	0.428758	0.0568135	0.114245	1.147241	1.251653	3.225089	1.109214
24312	-1819.398	-2103.226	283.828	0.467807	0.434066	0.0459235	0.0522034	1.425151	1.632295	2.353266	1.19769
24318	-1820.674	-2104.567	283.8931	0.613618	0.248127	0.0715695	0.066686	1.378778	1.394993	2.525419	1.134402
24324	-1813.024	-2096.264	283.24	0.478833	0.337452	0.0523342	0.131381	1.062124	1.482014	3.0319	1.168739
24330	-1806.867	-2089.733	282.8666	0.37678	0.452793	0.0477621	0.122665	1.558682	1.472027	2.903139	1.32334
24336	-1815.259	-2099.424	284.165	0.561639	0.187374	0.0926683	0.15832	1.400567	1.68958	2.036514	1.32334
24342	-1819.814	-2102.869	283.0552	0.498511	0.272263	0.0849102	0.144316	1.610208	1.564511	2.690759	1.350318
24348	-1827.027	-2109.863	282.8356	0.548372	0.233392	0.0808393	0.137397	1.610208	1.370033	2.951203	1.334265
24354	-1820.846	-2103.103	282.257	0.649112	0.154903	0.133521	0.0624632	1.342239	1.407705	3.068933	2.038481
24360	-1806.988	-2088.25	281.2628	0.604348	0.0819661	0.211663	0.102023	1.041776	1.237804	4.091498	1.644056
24366	-1812.705	-2095.131	282.4261	0.702864	0.0448493	0.159966	0.0923209	1.725614	1.456286	2.476997	2.652375
24372	-1817.547	-2099.591	282.0435	0.739814	0.0608063	0.0928569	0.106522	1.739721	1.374508	3.119486	1.807403
24378	-1804.964	-2086.26	281.2958	0.784165	0.0437876	0.0953389	0.0767085	1.649057	1.352156	3.507502	2.049339
24384	-1799.659	-2080.689	281.0302	0.634732	0.159218	0.12546	0.0805895	1.702518	1.060972	4.136284	1.340704
24390	-1795.453	-2076.524	281.0708	0.699409	0.0808192	0.133815	0.0859563	1.46983	1.266207	3.835791	1.911327
24396	-1810.853	-2091.991	281.1387	0.602508	0.128677	0.0274553	0.241359	1.821384	1.364183	3.571705	1.911327
24402	-1815.821	-2099.235	283.4143	0.578106	0.237216	0.0466017	0.138076	1.219068	1.766035	2.445197	1.557309
24408	-1794.388	-2075.733	281.345	0.637637	0.199774	0.0410278	0.121561	2.015893	1.545944	2.860507	2.87961
24414	-1806.889	-2089.061	282.1721	0.632727	0.187729	0.139706	0.0398383	1.485664	1.422275	2.911644	2.324683
24420	-1790.442	-2074.441	283.9992	0.715037	0.057375	0.168642	0.0589463	1.355221	1.612174	1.908245	1.890562
24426	-1806.142	-2090.743	284.6011	0.59933	0.149665	0.214834	0.0361719	1.340828	1.612174	2.032476	1.009557
24432	-1811.638	-2095.555	283.9173	0.482385	0.270329	0.172914	0.0743723	1.222495	1.714718	2.21614	1.446934
24438	-1802.035	-2085.346	283.3112	0.705747	0.12991	0.0648868	0.0994566	1.203104	1.65687	2.21614	2.324164
24444	-1803.607	-2085.853	282.2464	0.527987	0.348892	0.0485435	0.0745777	1.964998	1.495443	2.584378	2.324164
24450	-1802.888	-2085.384	282.4966	0.509144	0.314676	0.108916	0.0672638	1.395295	1.397553	3.414226	1.035195
24456	-1802.606	-2084.737	282.131	0.36532	0.49925	0.0781494	0.0572804	1.049887	1.323419	3.737464	1.251364
24462	-1804.737	-2085.706	280.9686	0.65528	0.241554	0.064068	0.0390988	1.922557	1.132078	3.987142	1.428454
24468	-1800.762	-2082.156	281.394	0.646526	0.130438	0.122726	0.10031	1.453718	1.291033	3.840675	1.491177
24474	-1811.342	-2091.21	279.8676	0.737245	0.0943431	0.0511463	0.117265	1.453718	1.249109	4.315977	2.457163
24480	-1804.78	-2085.824	281.0434	0.749482	0.0591512	0.0320677	0.159299	0.9453047	1.321228	3.816996	2.619425
24486	-1822.064	-2103.453	281.3888	0.480371	0.375732	0.0143527	0.129545	1.024154	1.33277	3.175499	3.763592
24492	-1819.534	-2101.502	281.9676	0.571342	0.257509	0.0170708	0.154077	1.959692	1.528506	2.911108	1.932966
24498	-1829.561	-2113.456	283.8944	0.483609	0.356094	0.0122839	0.148013	1.17944	1.706989	1.899478	2.138313
24504	-1804.173	-2088.404	284.2314	0.454976	0.397047	0.0288061	0.11917	0.9844096	1.641149	2.183094	1.494841
24510	-1797.247	-2080.439	283.1922	0.547792	0.26949	0.0346826	0.148036	1.148193	1.363528	3.096682	1.141913
24516	-1814.226	-2095.748	281.5217	0.606741	0.191318	0.0914083	0.110533	1.565193	1.190154	3.714138	1.605019
24522	-1808.289	-2087.536	279.2463	0.548398	0.243872	0.107826	0.099904	1.603758	1.020098	5.109206	1.536129
24528	-1817.86	-2097.175	279.3153	0.606236	0.269593	0.0538237	0.0703475	1.603758	1.192865	5.067794	1.345795
24534	-1824.546	-2103.958	279.4121	0.701263	0.19511	0.0173902	0.086237	1.196738	1.155322	5.130507	1.562444
24540	-1808.845	-2088.851	280.0062	0.43883	0.370089	0.158571	0.03251	1.341961	1.051818	5.130507	0.8951675
24546	-1812.043	-2090.048	278.0043	0.603321	0.188227	0.163756	0.044696	1.712914	1.080405	5.837449	1.275211
24552	-1812.841	-2090.698	277.857	0.552828	0.172474	0.150051	0.124646	1.19748	1.173727	5.764211	2.0486
24558	-1820.478	-2100.339	279.8615	0.678237	0.211599	0.0561061	0.0540583	0.9314245	0.8997681	5.197216	1.499527
24564	-1817.686	-2098.129	280.4427	0.345946	0.527563	0.0411003	0.0853905	1.333222	1.049594	4.751201	1.152317
24570	-1818.08	-2101.376	283.2955	0.408113	0.495406	0.0162951	0.0801856	1.037542	1.341292	3.146772	1.08255
24576	-1820.302	-2104.119	283.8167	0.529995	0.367175	0.0173675	0.085463	1.332504	1.53757	2.527227	1.105976
24582	-1816.143	-2095.571	279.4275	0.886998	0.00267436	0.0249404	0.0853875	2.045854	1.016447	4.334142	2.70803
24588	-1808.514	-2089.368	280.8542	0.78603	0.00619492	0.0341337	0.173641	1.665646	1.165764	3.849137	2.08184
24594	-1801.187	-2081.536	280.3487	0.695403	0.0362985	0.114677	0.153621	1.665646	1.266987	3.786232	2.845103
24600	-1813.654	-2092.511	278.8568	0.725293	0.118986	0.0301571	0.125564	1.933368	1.191797	4.444333	3.178093
24606	-1815.35	-2098.198	282.8476	0.626126	0.104474	0.051163	0.218237	2.043429	1.411064	2.492015	1.750745
24612	-1809.2	-2090.178	280.9785	0.653791	0.064905	0.0534236	0.22788	1.346237	1.103507	3.676144	2.84436
24618	-1823.033	-2103.181	280.1476	0.745484	0.0475233	0.0401392	0.166853	1.567956	1.385775	4.037611	2.420325
24624	-1807.349	-2086.879	279.5301	0.678232	0.0432361	0.0875564	0.190975	2.529115	1.310961	3.832265	2.942221
24630	-1813.765	-2096.6	282.8346	0.645003	0.0457283	0.173995	0.135274	1.298937	1.464911	2.551873	2.395615
24636	-1796.576	-2079.415	282.8389	0.799049	0.0223317	0.107633	0.0709859	1.650594	1.351087	2.485363	2.26609
24642	-1815.824	-2096.416	280.5926	0.890829	0.0150037	0.0150276	0.0791395	1.517625	1.204581	3.679847	3.055206
24648	-1805.043	-2087.739	282.6957	0.902295	0.0384331	0.015221	0.0440505	1.359895	1.465518	2.287732	3.198135
24654	-1813.74	-2095.498	281.7574	0.52876	0.348226	0.0393308	0.0836828	1.456229	1.359507	3.338686	2.026763
24660	-1800.331	-2081.251	280.9193	0.533949	0.385454	0.0397168	0.0408798	1.652839	1.25714	3.867715	1.846806
24666	-1812.737	-2094.667	281.93	0.525383	0.392539	0.0404468	0.0416312	1.305256	1.247155	3.553895	1.652762
24672	-1796.775	-2077.933	281.1574	0.414327	0.478292	0.0472264	0.0601545	0.8762728	1.131856	4.327673	1.59894
24678	-1799.316	-2081.41	282.0936	0.431256	0.368266	0.0911208	0.109357	1.458203	1.331529	3.388459	1.532063
24684	-1804.794	-2087.889	283.0946	0.675634	0.131323	0.0671494	0.125894	1.458203	1.603996	2.49924	1.774988
24690	-1807.742	-2090.759	283.017	0.301412	0.570797	0.0444597	0.0833308	1.412401	1.538465	2.827989	1.360947
24696	-1810.814	-2093.617	282.803	0.25884	0.564217	0.0615602	0.115382	0.9338714	1.333978	3.594821	0.9233296
24702	-1807.253	-2087.989	280.7356	0.597011	0.230761	0.00788268	0.164345	1.836321	1.219973	4.090377	1.463883
24708	-1813.349	-2093.361	280.0119	0.652001	0.252016	0.0241276	0.071855	0.9440513	1.142465	4.751281	1.991568
24714	-1812.126	-2094.51	282.384	0.542183	0.373199	0.0248659	0.0597523	0.9491912	1.198919	3.451999	1.791461
24720	-1814.863	-2093.904	279.0406	0.619434	0.183468	0.00896901	0.188128	1.490019	1.035526	5.151809	1.791461
24726	-1814.693	-2095.706	281.0124	0.619434	0.183468	0.00896901	0.188128	1.217434	1.253975	3.946647	2.051124
24732	-1793.82	-2076.966	283.1458	0.700585	0.140889	0.0369115	0.121615	1.217434	1.155652	2.951381	1.62426
24738	-1786.52	-2069.493	282.9736	0.774298	0.152162	0.0211408	0.0523993	1.662611	1.498537	2.461485	1.920144
24744	-1802.603	-2085.001	282.3982	0.737044	0.0950563	0.101478	0.0664218	1.662611	1.533892	2.286735	3.146881
24750	-1811.309	-2093.819	282.5105	0.699528	0.2174	0.0405459	0.0425259	1.612657	1.52484	2.690198	2.065796
24756	-1800.138	-2081.759	281.6217	0.569637	0.316476	0.0485155	0.065372	1.022438	1.356701	3.638836	2.065796
24762	-1805.09	-2082.935	277.8454	0.580525	0.155934	0.120595	0.142945	1.317762	0.9974789	5.515535	2.831183
24768	-1815.379	-2093.932	278.5533	0.637408	0.220198	0.0571647	0.08523	1.59782	1.311141	5.191635	1.852319
24774	-1817.227	-2097.494	280.2664	0.737403	0.124811	0.0553146	0.0824715	1.408574	1.076125	4.083815	2.801738
24780	-1813.127	-2093.042	279.9145	0.421777	0.389029	0.0836557	0.105538	2.599466	1.344107	4.183421	1.451343
24786	-1810.314	-2091.406	281.0921	0.534448	0.394191	0.0310843	0.0402767	1.57884	1.37003	3.998657	1.310851
24792	-1807.226	-2088.929	281.7035	0.489784	0.307104	0.0389612	0.16415	1.268115	1.116312	3.950954	1.310851
24798	-1806.692	-2090.278	283.5854	0.541458	0.281427	0.026689	0.150426	1.62739	1.559107	2.154006	1.715052
24804	-1797.31	-2079.643	282.3334	0.719164	0.133898	0.0110755	0.135862	1.788307	1.485227	2.694704	2.156704
24810	-1799.797	-2082.465	282.6687	0.738761	0.124081	0.0238791	0.11328	1.448359	1.342629	2.694704	2.284482
24816	-1803.622	-2085.994	282.3717	0.734556	0.0673082	0.0855012	0.112635	1.448359	1.240759	3.044327	2.037088
24822	-1795.233	-2077.271	282.0378	0.643358	0.116723	0.0445913	0.195327	1.022439	1.173877	3.697401	1.638062
24828	-1807.012	-2088.452	281.4401	0.576216	0.188453	0.0461098	0.189222	1.641525	1.131742	3.697401	1.732886
24834	-1808.086	-2089.867	281.7808	0.607751	0.209886	0.0304035	0.15196	1.180914	1.276876	3.568025	1.918001
24840	-1797.1	-2077.758	280.6572	0.727189	0.148867	0.0161623	0.107782	1.737981	1.30943	3.728514	2.368931
24846	-1793.433	-2073.414	279.9811	0.836862	0.0190374	0.0200636	0.124037	2.336066	1.396688	3.108952	4.518546
24852	-1800.881	-2080.389	279.5086	0.840441	0.0148416	0.0201494	0.124567	1.571591	1.455003	3.108952	7.034834
24858	-1802.5	-2081.483	278.9831	0.895928	0.0134203	0.0201642	0.0704877	1.539265	1.175805	4.298886	4.046857
24864	-1806.263	-2083.248	276.9851	0.817269	0.0354997	0.0486586	0.098573	2.053455	1.203765	4.968598	4.829203
24870	-1798.908	-2076.426	277.5188	0.700795	0.118657	0.0245962	0.155952	1.943361	1.058538	5.503485	2.468951
24876	-1796.078	-2076.195	280.1164	0.553076	0.283826	0.00479428	0.158304	1.432274	1.059815	4.598109	1.721527
24882	-1806.808	-2086.049	279.2405	0.551215	0.266258	0.020365	0.162162	1.479919	1.27864	4.938454	1.729237
24888	-1800.712	-2080.637	279.9252	0.606865	0.260169	0.0112962	0.12167	1.479919	1.17539	4.383174	2.274141
24894	-1811.878	-2090.362	278.4837	0.580048	0.248672	0.0549868	0.116293	1.271696	1.047195	5.561035	1.789282
24900	-1806.85	-2087.187	280.3369	0.494718	0.277678	0.109402	0.118203	1.107671	1.137925	4.601071	1.716726
24906	-1798.194	-2079.449	281.2547	0.582461	0.279264	0.0634424	0.0748327	1.510519	1.403696	3.834812	1.476779
24912	-1799.583	-2081.418	281.835	0.439352	0.438255	0.0303879	0.0920053	1.067421	1.345028	3.768997	1.476779
24918	-1803.91	-2084.276	280.3666	0.614453	0.325171	0.0225468	0.0378301	0.9351886	1.205783	4.554862	1.914724
24924	-1808.949	-2089.453	280.5045	0.494113	0.384932	0.0266906	0.0942637	1.114262	1.129148	4.554862	1.61594
24930	-1821.159	-2105.183	284.0239	0.68873	0.111464	0.0457043	0.154101	1.980188	2.045835	1.162988	1.919247
24936	-1813.384	-2097.95	284.5658	0.645584	0.0680733	0.0777572	0.208585	1.192267	2.053286	1.256828	1.926904
24942	-1810.581	-2094.68	284.0987	0.816018	0.0534492	0.0371007	0.0934321	1.223585	1.980451	1.135801	2.879721
24948	-1807.225	-2090.874	283.6489	0.666486	0.113079	0.121728	0.0987078	1.972241	1.980451	0.9636327	2.879721
24954	-1815.25	-2099.986	284.7366	0.52599	0.217284	0.1916	0.0651261	1.493112	1.980451	0.9715497	1.853288
24960	-1812.235	-2097.119	284.8838	0.494848	0.283909	0.199246	0.0219976	1.130092	2.148848	0.833746	2.034858
24966	-1803.825	-2088.62	284.7952	0.694989	0.16135	0.113235	0.0304255	1.161194	1.922286	1.102759	2.071201
24972	-1809.105	-2092.449	283.3433	0.653344	0.228741	0.10645	0.0114652	1.398556	1.76184	1.512021	3.481112
24978	-1803.633	-2088.1	284.4666	0.597865	0.24097	0.0351765	0.125989	1.17688	1.843994	1.512021	1.923632
24984	-1802.236	-2087.046	284.8096	0.69875	0.229153	0.0198172	0.0522796	0.9619514	2.102999	1.083828	2.100052
24990	-1798.218	-2082.668	284.4496	0.685678	0.259127	0.0212731	0.0339214	0.8638934	2.102999	0.9164494	3.055302
24996	-1798.536	-2082.467	283.931	0.764808	0.0439602	0.0822989	0.108933	1.474444	2.102999	0.9164494	2.950205
25002	-1785.386	-2069.055	283.6691	0.799718	0.0579005	0.0860555	0.0563255	1.402084	2.009062	0.9863986	3.569507
25008	-1800.353	-2085.27	284.9172	0.723611	0.0755189	0.149905	0.0509651	0.89348	2.002561	1.079335	2.193395
25014	-1811.606	-2096.044	284.4381	0.705207	0.0990315	0.146093	0.0496689	0.8809194	2.32884	0.6572502	2.978226
25020	-1822.362	-2107.071	284.709	0.471708	0.411762	0.0833069	0.0332232	1.704147	2.32884	0.6493365	1.539171
25026	-1823.455	-2107.822	284.3669	0.742241	0.175808	0.0585862	0.0233645	1.154141	2.298215	0.6805077	2.684969
25032	-1818.828	-2103.309	284.4811	0.665498	0.0710931	0.176959	0.0864498	1.265929	2.320919	0.5944969	2.374884
25038	-1798.324	-2082.918	284.5934	0.698067	0.0921228	0.185619	0.0241918	1.050437	2.320919	0.6388367	2.488469
25044	-1812.608	-2096.97	284.3618	0.71182	0.0939378	0.114175	0.0800663	1.347193	2.303509	0.6702974	2.420153
25050	-1815.745	-2099.205	283.4604	0.819045	0.108088	0.0330231	0.0398444	1.504403	2.17301	0.7247952	3.894733
25056	-1809.38	-2092.515	283.1354	0.82545	0.0428318	0.0745925	0.0571256	1.825449	2.17301	0.7866336	3.931971
25062	-1821.217	-2103.802	282.585	0.530844	0.277519	0.0958333	0.0958037	1.858033	1.55825	2.755425	1.545328
25068	-1809.492	-2094.407	284.9154	0.421987	0.4039	0.0678432	0.10627	1.030154	1.719292	1.701724	1.387611
25074	-1821.092	-2103.924	282.8315	0.564897	0.216767	0.0850746	0.133261	1.451985	1.333797	3.027862	1.387611
25080	-1818.491	-2099.308	280.8172	0.580736	0.222845	0.0416718	0.154748	1.699799	1.270092	4.067245	1.484574
25086	-1829.76	-2109.691	279.9313	0.512917	0.36687	0.0223106	0.0979017	1.158445	1.147167	5.0677	1.160652
25092	-1801.233	-2083.235	282.0021	0.571967	0.325849	0.0118103	0.090374	1.120305	1.314141	3.751615	1.300103
25098	-1821.48	-2103.063	281.5823	0.576279	0.285484	0.0176793	0.120558	1.044975	1.624789	3.751615	1.505937
25104	-1824.037	-2105.402	281.365	0.60057	0.214219	0.0595707	0.12564	1.044975	1.414444	4.095014	1.312341
25110	-1822.851	-2104.672	281.8211	0.686587	0.134871	0.103048	0.0754933	0.8696814	1.399867	3.655853	1.910506
25116	-1818.876	-2100.158	281.2814	0.611684	0.120157	0.0903431	0.177816	1.647153	1.345125	3.655853	1.748371
25122	-1816.31	-2095.212	278.9021	0.667747	0.0780569	0.0679107	0.186286	1.796569	1.189507	4.792552	2.298392
25128	-1813.783	-2091.863	278.0796	0.752338	0.110691	0.0235248	0.113446	1.795868	1.267674	5.0401	2.75149
25134	-1819.186	-2098.981	279.7948	0.807182	0.0351334	0.0324298	0.125255	1.339225	1.446525	4.148332	2.882528
25140	-1809.482	-2090.309	280.8263	0.847956	0.0481233	0.0268525	0.0770678	2.992835	1.331405	3.165991	2.228788
25146	-1833.342	-2113.717	280.3743	0.757885	0.0306648	0.043349	0.168101	3.416459	1.248391	3.239913	2.470186
25152	-1812.944	-2094.617	281.6725	0.708231	0.0843152	0.0586608	0.148793	1.995074	1.386248	3.316548	1.595815
25158	-1812.14	-2095.788	283.6486	0.561808	0.340374	0.0242051	0.0736128	1.34323	1.526413	2.33	1.64464
25164	-1810.345	-2092.619	282.2744	0.580952	0.233196	0.11865	0.0672029	1.372707	1.619247	2.970519	1.916581
25170	-1798.256	-2078.069	279.8123	0.735201	0.0819635	0.0553668	0.127469	2.765878	1.380598	3.583611	2.821313
25176	-1785.849	-2067.622	281.7726	0.640746	0.199907	0.0482536	0.111093	1.405624	1.269265	3.583611	1.645278
25182	-1811.025	-2093.037	282.012	0.668292	0.185216	0.0700278	0.0764639	1.488198	1.550769	3.226715	1.664312
25188	-1807.133	-2089.889	282.7555	0.625123	0.173252	0.0506831	0.150942	1.733209	1.544504	2.367565	2.279792
25194	-1803.606	-2086.082	282.4761	0.406963	0.498511	0.0237614	0.070765	1.305187	1.378297	3.163543	1.637355
25200	-1804.484	-2083.565	279.0812	0.53159	0.237177	0.210759	0.0204744	1.183377	1.196749	5.192622	1.794153
25206	-1800.932	-2081.754	280.8229	0.518474	0.231325	0.2106	0.0396009	1.183377	1.176596	3.978759	2.392877
25212	-1813.928	-2095.28	281.3511	0.541674	0.246653	0.169448	0.0422249	1.337885	1.342303	3.83704	1.610012
25218	-1799.467	-2080.42	280.9532	0.648732	0.186271	0.10205	0.0629462	1.337885	1.292614	3.83704	2.189261
25224	-1797.178	-2078.118	280.9391	0.443106	0.257041	0.140821	0.159032	1.346137	1.294175	4.259549	1.281693
25230	-1808.374	-2087.217	278.8431	0.46951	0.272357	0.115707	0.142426	1.569119	1.188938	5.277778	1.488209
25236	-1803.496	-2083.279	279.7826	0.431017	0.344194	0.10862	0.116168	1.392038	1.052879	4.87916	1.5687
25242	-1799.239	-2079.125	279.8852	0.40733	0.329129	0.150767	0.112773	0.9009631	1.159505	5.076301	1.460322
25248	-1802.065	-2082.147	280.0816	0.40733	0.329129	0.150767	0.112773	0.9942249	1.124086	4.93154	1.466055
25254	-1790.196	-2069.949	279.7529	0.460909	0.348774	0.0812699	0.109047	1.634963	1.109079	4.839608	1.379738
25260	-1797.489	-2080.005	282.516	0.317577	0.539298	0.0316039	0.111522	1.281911	1.181529	3.495684	1.200581
25266	-1798.879	-2081.343	282.4643	0.392987	0.457615	0.0651314	0.0842662	0.8833784	1.438317	3.495684	1.401652
25272	-1800.652	-2080.951	280.299	0.644913	0.126051	0.0557463	0.17329	2.877378	1.23871	3.909147	1.481156
25278	-1805.175	-2086.665	281.49	0.495214	0.214331	0.0606005	0.229854	1.512331	1.222334	3.839562	1.404208
25284	-1814.821	-2097.237	282.4163	0.577246	0.230441	0.10462	0.0876923	1.512331	1.578999	3.118859	1.34892
25290	-1830.537	-2110.603	280.0658	0.378335	0.411708	0.101494	0.108464	1.970289	1.170767	4.396132	1.552559
25296	-1813.855	-2094.824	280.9689	0.485053	0.328658	0.144357	0.0419323	0.9206201	1.351987	4.549093	1.079921
25302	-1811.425	-2092.771	281.3462	0.497801	0.47253	0.00824614	0.0214226	1.48182	1.41027	3.401611	2.349069
25308	-1805.805	-2088.122	282.3176	0.492504	0.467501	0.00207023	0.0379246	1.951732	1.404878	3.087681	1.31587
25314	-1799.505	-2081.362	281.8574	0.611169	0.333848	0.00236733	0.0526157	1.179957	1.470716	3.420225	1.896917
25320	-1800.044	-2082.31	282.2659	0.412474	0.513974	0.00316679	0.0703844	1.179957	1.553455	3.130946	1.895506
25326	-1807.171	-2090.24	283.069	0.512518	0.399969	0.0234177	0.064095	1.051059	1.312028	3.090262	1.44702
25332	-1807.248	-2089.404	282.1558	0.523352	0.365388	0.0297721	0.0814872	1.447505	1.423588	3.33007	1.47924
25338	-1812.488	-2095.844	283.3559	0.464061	0.390298	0.0389721	0.106668	0.9470451	1.30281	3.225749	1.017258
25344	-1820.47	-2104.887	284.4167	0.552697	0.261339	0.0836341	0.10233	0.9470451	1.478175	2.401698	1.136825
25350	-1826.174	-2107.337	281.1622	0.689386	0.167762	0.0386336	0.104218	1.705326	1.249371	3.343002	2.738829
25356	-1824.51	-2105.197	280.6873	0.688776	0.167614	0.0394848	0.104125	1.277782	1.316695	4.167099	1.815332
25362	-1818.956	-2100.059	281.1027	0.743089	0.0359455	0.0996221	0.121344	1.604446	1.154579	3.575466	2.491964
25368	-1800.431	-2080.993	280.5614	0.818776	0.0824221	0.0294663	0.0693353	2.148188	1.099273	3.717745	2.385912
25374	-1817.156	-2097.911	280.7552	0.673372	0.0247997	0.180162	0.121666	1.05708	1.06893	4.196937	2.269253
25380	-1800.107	-2080.467	280.3604	0.616435	0.176397	0.0651357	0.142032	1.05708	1.378902	4.088767	2.679757
25386	-1814.08	-2096.281	282.2012	0.666938	0.166295	0.0524334	0.114334	1.757496	1.166928	3.169068	1.747521
25392	-1829.398	-2111.431	282.0328	0.58794	0.258657	0.0462227	0.107181	1.233492	1.369008	3.534639	1.504226
25398	-1813.357	-2093.936	280.5788	0.635877	0.243814	0.0192782	0.10103	1.233492	1.338187	3.829901	2.847512
25404	-1822.371	-2104.709	282.3384	0.436115	0.357136	0.0264128	0.180336	1.477846	1.465404	3.272834	1.306504
25410	-1811.094	-2092.602	281.5078	0.785743	0.0659683	0.0295465	0.118743	1.666575	1.467158	2.738636	3.558204
25416	-1808.64	-2089.162	280.5222	0.721826	0.0585883	0.0619757	0.15761	1.239377	1.108702	4.082168	2.594984
25422	-1806.527	-2086.815	280.2884	0.739481	0.0630352	0.0645381	0.132946	2.060608	1.382271	3.509381	3.034688
25428	-1805.356	-2085.322	279.9656	0.698466	0.0718975	0.104064	0.125572	1.50578	1.086652	4.5462	1.914977
25434	-1793.711	-2075.36	281.6489	0.760774	0.0834642	0.00998805	0.145774	1.445831	1.359323	3.519921	1.777892
25440	-1817.607	-2098.526	280.9189	0.650741	0.12225	0.0145567	0.212452	1.355987	1.299631	3.720723	2.497507
25446	-1801.268	-2084.244	282.9758	0.681263	0.0672639	0.0290569	0.222417	1.349189	1.481301	2.65634	1.883154
25452	-1801.284	-2082.377	281.0926	0.772815	0.0413233	0.0311089	0.154753	2.478351	1.453477	2.982831	2.58738
25458	-1802.117	-2084.589	282.4716	0.742381	0.039696	0.0692646	0.148658	1.324535	1.44973	2.793604	2.340166
25464	-1797.084	-2078.39	281.3056	0.783861	0.0848702	0.0876302	0.043639	2.163305	1.277925	3.251431	2.192517
25470	-1803.545	-2086.672	283.1267	0.578411	0.165543	0.170926	0.0851198	1.54182	1.379821	2.46004	2.01132
25476	-1821.912	-2102.981	281.0689	0.514489	0.272955	0.160572	0.0519842	4.385812	1.364382	2.928782	1.444242
25482	-1811.9	-2096.583	284.6829	0.440747	0.448705	0.0851899	0.0253584	0.7737	1.78761	1.670275	1.960769
25488	-1806.721	-2089.417	282.696	0.741037	0.0824382	0.143232	0.033293	1.267104	1.462383	2.848351	1.960769
25494	-1827.216	-2107.97	280.7548	0.534186	0.356066	0.0943804	0.0153679	1.080483	1.263701	4.073854	2.267886
25500	-1808.341	-2086.722	278.3815	0.769403	0.0498299	0.176663	0.00410424	1.78782	1.119942	4.944231	2.790836
25506	-1821.621	-2101.097	279.4756	0.693213	0.0448956	0.252514	0.00937716	1.469717	0.9549578	4.944231	1.8386
25512	-1822.602	-2102.875	280.2731	0.695146	0.0315986	0.215363	0.0578926	1.303822	1.136809	3.959335	3.211098
25518	-1817.825	-2098.542	280.7176	0.726862	0.0330403	0.179564	0.0605339	2.04678	1.09935	3.959335	1.710587
25524	-1812.118	-2093.791	281.6729	0.694129	0.159065	0.049403	0.0974028	1.535549	1.526823	2.432237	4.305575
25530	-1812.328	-2096.427	284.0994	0.514267	0.238655	0.103069	0.144009	1.204987	1.622904	2.135013	1.505811
25536	-1799.647	-2082.604	282.9564	0.494741	0.343218	0.0246812	0.137359	0.9128114	1.24834	3.015429	1.989547
25542	-1804.798	-2086.918	282.1202	0.520737	0.40147	0.0207946	0.0569975	1.598653	1.510448	3.207892	1.509498
25548	-1803.343	-2084.714	281.3704	0.388336	0.464922	0.0240812	0.122661	0.7815938	1.251566	4.482189	1.041363
25554	-1806.89	-2087.857	280.9673	0.368286	0.440918	0.150014	0.0407816	1.473862	1.272039	4.262255	1.149674
25560	-1819.288	-2100.668	281.3796	0.559098	0.204047	0.0773858	0.159469	1.54018	1.472282	3.47851	1.965501
25566	-1802.946	-2084.826	281.8798	0.469968	0.436792	0.0407614	0.0524779	0.9565616	1.389832	3.47851	2.134586
25572	-1798.5	-2081.749	283.2488	0.48271	0.421522	0.0418666	0.0539007	0.8503258	1.415596	3.293677	0.995869
25578	-1801.175	-2084.504	283.3294	0.228685	0.564328	0.113249	0.0937376	1.33363	1.392516	3.078384	0.8343187
25584	-1809.888	-2092.349	282.4605	0.563958	0.275051	0.126704	0.0342872	1.455274	1.596863	2.789408	1.998886
25590	-1810.434	-2092.822	282.3881	0.555097	0.339906	0.059591	0.0454065	0.9873278	1.596863	3.097459	1.998886
25596	-1797.006	-2081.061	284.0552	0.544655	0.40111	0.00968231	0.0445524	1.022708	1.570692	2.311642	1.504779
25602	-1814.717	-2098.435	283.7174	0.320102	0.419259	0.223682	0.0369573	0.9203049	1.657027	2.735007	1.148252
25608	-1804.942	-2088.457	283.515	0.433208	0.515032	0.0336482	0.0181114	1.427246	1.409653	2.735007	1.114618
25614	-1802.621	-2083.367	280.7451	0.607944	0.233385	0.0472202	0.111451	1.018846	1.294643	4.182733	2.057303
25620	-1811.857	-2093.352	281.495	0.410426	0.427484	0.0638985	0.0981921	0.9786046	1.294643	3.864859	1.856047
25626	-1819.448	-2100.795	281.3473	0.607598	0.171979	0.0352103	0.185213	1.654673	1.339874	3.700981	1.572544
25632	-1823.428	-2105.231	281.8031	0.535441	0.29813	0.07581	0.0906187	1.472532	1.470016	3.514619	1.443951
25638	-1818.775	-2103.185	284.4098	0.664037	0.202085	0.0268158	0.107062	0.9951337	1.470016	2.194137	1.454455
25644	-1814.3	-2096.56	282.2604	0.56461	0.174598	0.232411	0.0283809	1.365698	1.555098	3.079412	1.791896
25650	-1818.649	-2101.196	282.5475	0.66325	0.216632	0.0558919	0.0642261	1.093371	1.323441	3.079412	2.051634
25656	-1811.041	-2093.165	282.1235	0.554526	0.25782	0.0198156	0.167839	1.742858	1.365271	2.963778	2.051634
25662	-1831.11	-2113.572	282.4617	0.51085	0.265043	0.0544611	0.169646	2.088739	1.543447	2.799542	1.419867
25668	-1826.997	-2109.922	282.9244	0.508988	0.245254	0.0542626	0.191495	1.16798	1.320608	3.223174	1.225066
25674	-1797.257	-2080.345	283.0884	0.615014	0.235547	0.104706	0.0447337	1.595504	1.640108	2.315347	1.960049
25680	-1793.52	-2077.527	284.007	0.661772	0.217135	0.0729026	0.0481907	1.277301	1.585436	1.933045	1.960049
25686	-1797.798	-2082.013	284.215	0.673442	0.139976	0.0741882	0.112394	1.148346	1.641958	1.92299	1.794548
25692	-1795.341	-2079.341	283.9996	0.773985	0.073201	0.0835366	0.0692772	1.148346	1.867973	1.915845	1.794548
25698	-1810.619	-2093.689	283.0697	0.709141	0.116738	0.065679	0.108443	1.211016	1.668429	2.604309	1.794548
25704	-1802.293	-2085.357	283.0649	0.596175	0.144687	0.0590288	0.200109	0.9665117	1.399353	2.961263	1.703484
25710	-1796.255	-2079.209	282.9542	0.671834	0.0860739	0.0393921	0.2027	1.073697	1.248065	2.961263	1.89972
25716	-1807.148	-2086.467	279.3191	0.70539	0.0519241	0.0705203	0.172166	2.026198	1.305159	4.280037	2.599181
25722	-1807.691	-2088.974	281.2833	0.617938	0.223036	0.00820414	0.150821	1.504895	1.183366	4.0054	1.362395
25728	-1791.462	-2074.014	282.552	0.660546	0.250555	0.0413798	0.047519	1.34711	1.433408	3.293541	1.197777
25734	-1811.264	-2092.924	281.6604	0.667023	0.253012	0.0417855	0.0381792	1.887451	1.382285	3.301222	1.747045
25740	-1806.853	-2089.111	282.2585	0.602111	0.22839	0.135036	0.0344637	1.679236	1.583523	2.923727	1.747045
25746	-1812.464	-2093.524	281.0594	0.636025	0.201915	0.0279513	0.134109	1.173975	1.048578	4.168091	1.804501
25752	-1807.998	-2089.324	281.3253	0.685909	0.134726	0.0719621	0.107403	1.696227	1.542708	3.598458	1.527846
25758	-1819.022	-2103.051	284.0291	0.480388	0.230454	0.271528	0.0176299	0.9413918	1.652644	2.526966	1.156782
25764	-1811.881	-2094.951	283.0702	0.664465	0.233271	0.0585004	0.0437642	1.344908	1.425635	3.061671	1.075348
25770	-1810.206	-2092.747	282.5408	0.677553	0.136145	0.0935756	0.0927264	1.942501	1.436301	3.061671	1.099187
25776	-1806.796	-2088.755	281.9594	0.662778	0.133176	0.0915351	0.112511	3.807951	1.36787	2.439765	1.664151
25782	-1809.725	-2092.679	282.9545	0.584928	0.172396	0.161932	0.0807435	1.633645	1.518318	2.602624	1.664151
25788	-1797.301	-2080.474	283.1735	0.657821	0.0616008	0.182112	0.0984656	1.116358	1.309497	2.879995	1.664151
25794	-1810.716	-2092.93	282.2149	0.564692	0.130788	0.227433	0.0770867	1.339361	1.289797	3.384203	1.571229
25800	-1802.27	-2085.249	282.9783	0.666571	0.152251	0.0914409	0.0897369	1.704895	1.421375	2.774343	1.35633
25806	-1814.639	-2096.551	281.9126	0.713103	0.150151	0.0407441	0.0960012	1.867856	1.397891	2.931837	2.234496
25812	-1826.011	-2108.061	282.0495	0.442108	0.318856	0.214643	0.0243927	1.33862	1.554256	3.242953	1.742881
25818	-1825.059	-2108.756	283.697	0.688313	0.20895	0.0776457	0.0250911	0.8498364	1.662405	2.32594	2.029031
25824	-1812.898	-2094.038	281.1397	0.542379	0.171144	0.0611836	0.225293	1.691379	1.579698	2.656507	4.284571
25830	-1811.364	-2092.171	280.8067	0.840087	0.0755639	0.0196271	0.0647223	2.26932	1.360663	2.969265	3.502403
25836	-1801.378	-2081.922	280.5444	0.785555	0.148568	0.00535549	0.0605211	2.418703	1.497844	3.114607	3.111309
25842	-1810.631	-2092.042	281.41	0.724544	0.0637476	0.15272	0.0589887	1.146038	1.397276	3.600832	2.225882
25848	-1816.217	-2095.142	278.9247	0.724544	0.0637476	0.15272	0.0589887	2.234647	1.100959	4.704326	2.151511
25854	-1824.185	-2104.088	279.9028	0.626825	0.0953129	0.224221	0.0536406	1.34139	1.403699	4.704326	1.438299
25860	-1821.37	-2101.4	280.0303	0.747007	0.0215774	0.180838	0.0505774	1.408902	1.337488	4.210091	2.420597
25866	-1813.191	-2092.248	279.0566	0.726333	0.0905149	0.0916283	0.0915235	1.453915	1.143837	4.907891	2.254811
25872	-1816.551	-2097.504	280.9531	0.674157	0.0840128	0.156882	0.0849488	1.194742	1.197903	3.833691	2.527962
25878	-1813.485	-2094.431	280.9456	0.800059	0.0386603	0.121018	0.0402623	1.405939	1.461244	3.833691	1.898305
25884	-1801.215	-2080.191	278.9758	0.78991	0.0174071	0.10568	0.0870029	1.612821	1.291091	4.930531	1.924172
25890	-1794.406	-2076.27	281.8645	0.559991	0.102066	0.16637	0.171573	1.262702	1.246778	3.681956	1.515316
25896	-1794.667	-2074.594	279.9267	0.512643	0.267046	0.152303	0.0680071	2.12416	1.277258	4.427094	1.395532
25902	-1793.472	-2076.52	283.0482	0.512146	0.266787	0.123757	0.0973091	1.319427	1.3523	2.987921	1.331705
25908	-1804.128	-2086.044	281.9165	0.704438	0.127119	0.0780828	0.0903601	1.225467	1.31094	3.266525	2.334116
25914	-1812.394	-2092.441	280.0469	0.650095	0.0557796	0.155657	0.138468	1.512463	1.197485	4.500543	1.766081
25920	-1811.579	-2093.888	282.3085	0.6128	0.0451331	0.15808	0.183987	1.246226	1.199734	3.364751	1.710138
25926	-1813.284	-2096.307	283.0222	0.773652	0.0516497	0.0066043	0.168094	1.785726	1.578431	2.274351	2.008611
25932	-1819.905	-2102.127	282.2218	0.668954	0.124647	0.00477784	0.201621	1.818071	1.464372	2.533027	2.703495
25938	-1818.175	-2101.594	283.4194	0.714239	0.0918816	0.00448803	0.189391	1.282856	1.614734	1.791444	3.103791
25944	-1815.292	-2098.609	283.3166	0.621569	0.0799603	0.00509127	0.293379	1.366954	1.586682	2.261456	2.104731
25950	-1800.948	-2083.312	282.3639	0.639029	0.0541162	0.00523429	0.30162	1.235552	1.501618	2.513815	3.2886
25956	-1801.821	-2084.447	282.6252	0.747916	0.0102907	0.166081	0.0757128	1.235552	1.471623	2.569601	2.751024
25962	-1790.436	-2070.891	280.4546	0.752185	0.00665783	0.167029	0.0741278	1.280355	1.456584	3.371512	4.228199
25968	-1790.037	-2070.41	280.3729	0.783976	0.0706652	0.0677554	0.0776034	1.119733	1.44109	3.210415	5.400285
25974	-1785.259	-2069.32	284.061	0.433679	0.454634	0.0305247	0.0811621	1.028676	1.480248	2.091086	2.028697
25980	-1801.581	-2084.731	283.1507	0.584579	0.104658	0.0849334	0.225829	1.028676	1.3497	2.284784	3.160973
25986	-1808.011	-2090.71	282.6987	0.697491	0.104105	0.111266	0.0871367	1.464889	1.518574	2.358629	2.765255
25992	-1808.511	-2090.195	281.6842	0.778114	0.0667546	0.0713464	0.0837854	1.464889	1.513795	2.571327	3.979313
25998	-1818.718	-2098.928	280.2105	0.683894	0.0586715	0.0627073	0.194727	2.92366	1.435367	3.204416	2.978598
26004	-1817.455	-2099.682	282.2267	0.540001	0.263613	0.032573	0.163813	0.9983561	1.431577	3.192815	2.211062
26010	-1806.826	-2089.204	282.3781	0.540585	0.253652	0.064061	0.141701	1.783954	1.537055	2.903482	1.595861
26016	-1799.487	-2082.383	282.8956	0.580623	0.160918	0.167786	0.0906732	1.44209	1.456716	2.51344	2.224026
26022	-1802.199	-2084.832	282.6324	0.577565	0.241937	0.0200511	0.160447	1.351263	1.415589	2.769978	2.180937
26028	-1806.084	-2089.377	283.2935	0.734689	0.143467	0.0267002	0.0951435	1.351263	1.641132	1.8322	3.066754
26034	-1807.272	-2090.614	283.3421	0.519816	0.310649	0.0398504	0.129684	1.443886	1.68157	1.880499	2.673223
26040	-1803.989	-2088.477	284.4886	0.59035	0.307439	0.072318	0.0298926	1.145731	1.740804	1.827887	1.515352
26046	-1808.481	-2091.763	283.2821	0.600883	0.230943	0.060248	0.107926	1.328646	1.382528	2.527037	1.908784
26052	-1817.65	-2101.211	283.5615	0.0159044	0.751332	0.0937488	0.139015	0.1844446	1.208441	3.917796	0.2925435
26058	-1795.03	-2079.439	284.4091	0.0170215	0.831093	0.0743546	0.077531	0.2580894	1.236893	3.425095	0.3139426
26064	-1792.245	-2076.916	284.6716	0.0351406	0.74354	0.191327	0.0299925	0.1804437	1.278306	3.215133	0.3368156
26070	-1799.094	-2082.68	283.5865	0.0353065	0.864347	0.0650555	0.0352909	0.1804437	1.278306	3.836671	0.3641199
26076	-1803.138	-2086.81	283.6725	0.0452299	0.748723	0.160837	0.0452098	0.1887776	1.182745	3.836671	0.3895264
26082	-1796.113	-2078.929	282.8158	0.0250085	0.726882	0.204218	0.043891	0.1259223	1.090909	4.321521	0.3245166
26088	-1813.081	-2095.819	282.7377	0.0840716	0.708416	0.139061	0.0684519	0.213199	1.276245	4.321521	0.4022351
26094	-1814.143	-2098.998	284.855	0.0900287	0.696527	0.136727	0.0767173	0.213199	1.384125	3.074643	0.291869
26100	-1812.619	-2097.548	284.9294	0.208739	0.588668	0.129776	0.072817	0.213199	1.566098	2.739933	0.6303637
26106	-1805.265	-2089.354	284.0888	0.285245	0.488501	0.17734	0.0489129	0.1918642	1.507104	2.954527	1.147924
26112	-1798.875	-2083.347	284.4715	0.270148	0.547105	0.131492	0.0512547	0.2035236	1.621762	2.656369	1.150948
26118	-1810.438	-2096.646	286.2071	0.301552	0.416157	0.225079	0.0572129	0.2321207	1.621762	1.866565	0.6654282
26124	-1802.472	-2085.343	282.8712	0.437619	0.418847	0.0999986	0.0435357	1.923456	1.615443	2.666738	1.264431
26130	-1792.198	-2075.608	283.4094	0.371963	0.529911	0.0430452	0.05508	1.074744	1.415564	3.09122	0.9505212
26136	-1801.262	-2085.607	284.3457	0.268088	0.622418	0.0505596	0.0589346	1.078569	1.492759	2.470532	0.9505212
26142	-1803.345	-2086.762	283.4167	0.380611	0.445894	0.0158812	0.157614	0.9419585	1.352691	3.213872	0.9323625
26148	-1797.188	-2079.825	282.6372	0.565648	0.352985	0.0168796	0.0644869	1.181937	1.417034	3.213872	1.438156
26154	-1807.677	-2090.03	282.3528	0.721721	0.183963	0.021537	0.0727784	1.825653	1.480571	2.519512	2.50145
26160	-1807.742	-2090.77	283.028	0.651341	0.212507	0.0584556	0.0776965	1.825653	1.467973	2.772202	1.152317
26166	-1820.235	-2104.146	283.9118	0.438008	0.467983	0.0417611	0.0522486	0.9149335	1.50061	2.712735	1.152317
26172	-1823.067	-2103.5	280.4329	0.742438	0.167326	0.0208072	0.069429	1.062914	1.365383	4.471245	1.657143
26178	-1803.952	-2085.655	281.7027	0.511835	0.295305	0.142113	0.0507466	1.991894	1.340214	3.393357	1.464243
26184	-1815.354	-2097.059	281.7052	0.588997	0.270534	0.105879	0.0345898	1.220771	1.487884	3.485758	1.876781
26190	-1816.94	-2100.234	283.2941	0.575687	0.287018	0.103487	0.0338081	1.12526	1.487884	2.372244	2.347709
26196	-1804.197	-2082.045	277.8483	0.617691	0.156669	0.103391	0.122249	1.809891	1.147498	5.347348	2.422316
26202	-1800.213	-2078.966	278.7535	0.603234	0.200072	0.0851855	0.111509	1.725891	1.046265	5.072744	2.081688
26208	-1795.839	-2075.55	279.7112	0.673931	0.245609	0.0372504	0.043209	1.215701	1.209275	4.913389	1.58631
26214	-1792.679	-2074.015	281.336	0.437848	0.408777	0.0466896	0.106686	1.063535	1.181292	3.864917	2.104699
26220	-1801.442	-2082.416	280.9744	0.518756	0.316713	0.0553877	0.109143	1.562483	1.134199	3.944301	1.859305
26226	-1808.559	-2089.468	280.9088	0.483472	0.400037	0.0314954	0.084995	1.562483	1.185886	3.944301	1.877257
26232	-1804.07	-2085.446	281.3758	0.441208	0.442292	0.0225276	0.0939727	1.594268	1.268462	3.811187	1.458567
26238	-1813.09	-2093.838	280.7478	0.669341	0.0357286	0.0375192	0.257411	2.912183	1.415557	2.977215	2.767553
26244	-1803.108	-2084.175	281.067	0.76892	0.132214	0.0134126	0.0854538	1.939549	1.394684	3.308452	2.468557
26250	-1805.601	-2086.512	280.9118	0.746009	0.208388	0.00951114	0.0360915	1.631854	1.425423	3.251682	3.220305
26256	-1815.968	-2095.91	279.9423	0.699094	0.248892	0.0215837	0.0304297	1.892495	1.432896	3.717901	3.142152
26262	-1789.733	-2070.21	280.4776	0.752392	0.106386	0.108473	0.0327495	1.815952	1.293747	3.948926	2.019228
26268	-1777.788	-2058.723	280.9354	0.580573	0.260278	0.076971	0.0821782	1.623482	1.460978	3.948926	1.43969
26274	-1785.776	-2067.563	281.7872	0.580573	0.260278	0.076971	0.0821782	1.136514	1.602255	3.627855	1.43969
26280	-1816.229	-2099.569	283.34	0.633711	0.171903	0.185612	0.00877469	2.353732	2.62369	0.3742909	2.303257
26286	-1821.523	-2104.338	282.8154	0.741674	0.0158574	0.217234	0.0252345	3.147459	2.62369	0.3447032	2.303257
26292	-1818.498	-2102.134	283.6354	0.626876	0.144525	0.18361	0.044989	2.341769	2.571114	0.4265266	2.014552
26298	-1801.012	-2084.563	283.5514	0.731193	0.0882321	0.0818195	0.0987558	2.341769	2.410246	0.5391935	2.369158
26304	-1794.003	-2078.34	284.3371	0.70325	0.118772	0.0357076	0.14227	1.554498	2.287691	0.6644985	2.221226
26310	-1797.018	-2081.547	284.5285	0.647506	0.188624	0.0328772	0.130993	1.411532	2.220247	0.6644985	2.221226
26316	-1815.847	-2100.971	285.1237	0.602483	0.26381	0.0168796	0.116828	0.7444352	2.303737	0.5985362	2.221226
26322	-1796.193	-2081.226	285.0327	0.744893	0.158355	0.0208695	0.0758825	1.088545	2.14377	0.7351145	1.991797
26328	-1810.342	-2094.851	284.5084	0.751581	0.159777	0.0120784	0.0765638	1.704707	2.045684	0.8363035	1.991797
26334	-1808.726	-2093.27	284.5439	0.680355	0.079958	0.0408619	0.198825	1.267158	1.963819	1.237357	2.012298
26340	-1808.384	-2092.726	284.342	0.704997	0.0910634	0.0116117	0.192328	1.506708	1.985233	1.205598	2.018036
26346	-1803.886	-2086.6	282.7145	0.730488	0.0943561	0.00295329	0.172203	1.703702	1.768061	1.976016	2.963218
26352	-1808.271	-2092.307	284.0359	0.597825	0.190174	0.153219	0.0587816	0.9825909	1.533837	2.367788	1.513914
26358	-1793.443	-2077.721	284.2778	0.649693	0.106794	0.160463	0.0830492	1.161292	1.680253	1.946567	1.612195
26364	-1813.175	-2096.627	283.4525	0.77616	0.0831982	0.0414262	0.0992153	1.140798	1.691384	2.139367	2.326713
26370	-1811.175	-2094.302	283.127	0.756197	0.161327	0.00046313	0.0820128	1.928109	1.693601	2.05758	2.011787
26376	-1811.502	-2095.231	283.7292	0.742549	0.126641	0.000734538	0.130075	1.658322	1.763075	1.738391	2.028323
26382	-1822.905	-2103.951	281.0463	0.733834	0.110248	0.0640037	0.0919146	1.884855	1.393988	3.284766	2.625773
26388	-1826.069	-2108.088	282.019	0.540532	0.178125	0.21364	0.067703	1.409829	1.393988	3.282227	1.818826
26394	-1817.314	-2100.119	282.8052	0.600158	0.0874632	0.237207	0.0751714	0.9313236	1.187038	3.447939	1.338069
26400	-1814.587	-2097.945	283.3577	0.556478	0.306124	0.0884041	0.0489937	0.9591781	1.275918	3.055356	1.332085
26406	-1800.761	-2084.885	284.1246	0.485217	0.373133	0.107755	0.0338942	1.096213	1.461904	2.488846	1.1592
26412	-1802.051	-2085.796	283.7452	0.63368	0.276386	0.0857494	0.00418458	1.325965	1.678712	1.97649	2.039089
26418	-1792.192	-2074.139	281.9472	0.506933	0.192413	0.185849	0.114805	1.739653	1.447565	3.462747	1.163781
26424	-1794.673	-2077.547	282.8742	0.481711	0.402117	0.0266687	0.0895028	1.090498	1.39074	3.124305	1.470259
26430	-1811.266	-2094.045	282.7785	0.462866	0.322803	0.044968	0.169363	1.061667	1.346107	3.224343	1.470259
26436	-1824.39	-2108.028	283.6383	0.50856	0.37169	0.0494073	0.0703429	1.061667	1.563792	2.465548	1.673593
26442	-1810.671	-2093.138	282.4665	0.478583	0.349324	0.0464342	0.125659	1.446577	1.379224	3.21014	1.40807
26448	-1802.258	-2085.266	283.008	0.442982	0.373516	0.0755861	0.107916	1.074636	1.402569	3.21014	1.168549
26454	-1804.284	-2087.046	282.7613	0.455641	0.355613	0.0777461	0.111	0.8015423	1.478453	3.458819	1.19535
26460	-1810.964	-2094.166	283.2017	0.553727	0.296075	0.0764366	0.0737615	0.9259904	1.319208	3.222562	1.186718
26466	-1815.952	-2097.688	281.7369	0.491832	0.281035	0.161617	0.0655165	1.478305	1.272875	3.65454	1.463992
26472	-1804.965	-2085.441	280.4759	0.504582	0.29081	0.0924748	0.112133	1.088404	0.9994865	4.592041	1.759321
26478	-1800.664	-2081.6	280.9352	0.47345	0.297726	0.10342	0.125405	1.645593	1.151734	4.204726	1.264653
26484	-1805.505	-2086.279	280.7741	0.511855	0.321876	0.0905387	0.0757302	1.712576	1.20883	3.986331	1.767857
26490	-1810.903	-2091.95	281.0478	0.617866	0.194931	0.108727	0.0784757	1.539425	1.261628	3.986331	1.546541
26496	-1818.159	-2097.956	279.7972	0.445244	0.369722	0.107468	0.0775665	1.382944	1.240252	4.560887	2.042528
26502	-1825.172	-2104.109	278.937	0.595549	0.223427	0.0772726	0.103751	1.742474	1.006857	5.108847	1.790375
26508	-1819.144	-2100.593	281.4491	0.637609	0.167388	0.138427	0.0565758	0.9185744	1.258577	3.919756	1.916949
26514	-1809.933	-2090.036	280.1025	0.718832	0.141223	0.0761619	0.0637829	1.244819	1.109775	4.586689	1.916949
26520	-1808.917	-2090.077	281.1598	0.598987	0.255994	0.0983152	0.0467031	1.362801	1.102779	3.909419	1.964845
26526	-1803.756	-2083.81	280.0533	0.694385	0.216001	0.0616709	0.0279429	1.489365	1.257353	4.345541	2.063509
26532	-1805.396	-2084.483	279.0871	0.643338	0.181991	0.0920229	0.0826478	1.376429	1.132658	4.925159	2.280747
26538	-1814.773	-2094.302	279.5291	0.649052	0.183608	0.132894	0.0344459	1.422881	1.267183	4.793144	1.770864
26544	-1819.347	-2099.644	280.2972	0.750884	0.146936	0.0648503	0.0373296	2.098661	1.250919	3.980431	1.957396
26550	-1818.848	-2100.583	281.7346	0.628879	0.184637	0.0580254	0.128459	1.144662	1.372606	3.514229	2.020233
26556	-1821.828	-2103.198	281.3696	0.803109	0.0189077	0.0741013	0.103882	1.279121	1.516916	2.946349	3.714679
26562	-1806.997	-2088.45	281.4532	0.811647	0.0191087	0.0946055	0.0746384	1.279121	1.351521	3.162093	3.206701
26568	-1808.727	-2090.43	281.7031	0.783458	0.0715659	0.0913197	0.0536564	1.014388	1.445401	3.238906	2.838458
26574	-1832.937	-2113.103	280.1666	0.78214	0.0714455	0.0580531	0.0883617	1.808789	1.385626	4.140398	1.873807
26580	-1817.406	-2098.277	280.8706	0.863734	0.0248219	0.0749945	0.0364499	2.254715	1.430981	3.188685	2.669507
26586	-1805.962	-2086.611	280.6495	0.620424	0.0237402	0.258316	0.0975198	1.138188	1.302144	4.127414	2.151266
26592	-1818.01	-2098.536	280.5269	0.634079	0.0185656	0.193785	0.15357	1.542273	1.193567	4.315834	1.554684
26598	-1803.37	-2083.742	280.3719	0.662368	0.028785	0.182782	0.126065	1.542273	1.164105	4.080422	2.338657
26604	-1816.722	-2096.761	280.0383	0.721684	0.0764121	0.171749	0.0301545	1.737506	1.137952	4.218886	2.273157
26610	-1812.445	-2092.924	280.4794	0.660952	0.0867696	0.224662	0.0276168	1.195397	1.244936	3.965511	2.834621
26616	-1825.9	-2106.323	280.4233	0.570898	0.110111	0.271289	0.0477018	1.068984	1.159262	4.694576	1.435983
26622	-1819.46	-2100.421	280.9604	0.754228	0.0517198	0.156463	0.0375892	1.967301	1.452587	3.568543	1.888815
26628	-1819.072	-2100.477	281.4053	0.743514	0.0509851	0.168446	0.0370552	1.238447	1.301905	3.752634	1.888815
26634	-1803.823	-2085.011	281.1879	0.657197	0.206997	0.0944054	0.0414006	1.414577	1.359367	3.752634	1.888815
26640	-1806.987	-2090.105	283.1172	0.516068	0.328916	0.100257	0.05476	0.8144877	1.26029	3.207525	1.500963
26646	-1824.099	-2105.331	281.2314	0.498718	0.317858	0.112816	0.070608	1.871706	1.449343	3.509827	1.769749
26652	-1799.277	-2080.542	281.2644	0.643972	0.304398	0.043345	0.00828519	1.801055	1.471759	3.509827	1.769749
26658	-1820.483	-2102.478	281.9945	0.653194	0.223113	0.106849	0.0168435	1.561403	1.471759	3.172479	1.819918
26664	-1812.416	-2094.043	281.6273	0.680813	0.168398	0.111369	0.0394193	1.561403	1.486698	3.172479	2.295355
26670	-1812.652	-2095.697	283.0451	0.310168	0.439795	0.183539	0.0664984	1.050613	1.512074	3.006881	1.405776
26676	-1807.821	-2090.882	283.0616	0.334879	0.588383	0.00494172	0.0717963	1.023	1.522967	3.006881	1.405776
26682	-1800.77	-2082.531	281.7611	0.695697	0.123045	0.101062	0.0801961	1.333282	1.518507	3.264611	2.125048
26688	-1824.146	-2107.992	283.8465	0.642681	0.216983	0.0512417	0.0890939	1.430334	1.419098	2.496404	1.158616
26694	-1813.072	-2094.805	281.7324	0.607166	0.182227	0.121895	0.0887123	2.124462	1.549108	3.322861	1.22446
26700	-1809.728	-2091.811	282.0832	0.598801	0.2445	0.120216	0.0364832	1.211469	1.122233	3.721771	1.383694
26706	-1813.913	-2096.506	282.5933	0.394566	0.379722	0.195999	0.0297135	0.8608189	1.438502	3.443166	1.383694
26712	-1813.297	-2093.61	280.3126	0.540185	0.248803	0.190599	0.0204124	1.699725	1.283936	3.975512	2.32714
26718	-1797.382	-2076.839	279.4568	0.626748	0.282475	0.0676022	0.0231749	1.869567	1.218143	4.321977	2.590728
26724	-1797.906	-2080.968	283.0628	0.608016	0.231514	0.141476	0.018994	1.869567	1.512538	2.62109	1.293698
26730	-1801.509	-2084.384	282.875	0.618598	0.0578054	0.297517	0.0260793	1.86804	1.332213	2.7409	1.489428
26736	-1790.435	-2071.915	281.4795	0.598926	0.13311	0.207911	0.0600535	1.400658	1.462294	3.54134	1.866134
26742	-1798.993	-2080.85	281.8568	0.760153	0.0948024	0.0654991	0.079546	2.421668	1.302755	2.674878	2.48381
26748	-1788.314	-2071.078	282.764	0.463047	0.418239	0.0577662	0.0609469	1.284479	1.260859	3.1432	1.49866
26754	-1785.594	-2062.97	277.3765	0.560302	0.322451	0.060753	0.0564943	1.429942	1.11438	5.975438	1.970437
26760	-1803.115	-2079.868	276.7527	0.62662	0.146581	0.17899	0.0478091	2.223422	1.198429	5.82431	2.229827
26766	-1791.536	-2068.566	277.0302	0.530382	0.226911	0.09855	0.144157	2.804671	1.166633	5.517498	2.128969
26772	-1806.73	-2084.387	277.6567	0.658139	0.16334	0.122288	0.0562322	2.804671	1.076671	5.197469	2.189595
26778	-1806.628	-2086.393	279.7654	0.530298	0.307271	0.0843808	0.0780503	1.442934	1.323282	4.50041	2.046868
26784	-1794.368	-2072.062	277.6935	0.733157	0.0594861	0.0905611	0.116796	1.516399	1.071517	5.452539	2.858359
26790	-1799.175	-2077.521	278.3464	0.684507	0.0703313	0.107072	0.13809	3.466124	1.069446	4.559256	2.298178
26796	-1807.158	-2088.018	280.8597	0.695979	0.114653	0.108866	0.0805011	1.435506	1.274515	3.988972	1.866947
26802	-1796.158	-2077.456	281.2985	0.625069	0.142883	0.131726	0.100322	1.164207	1.08412	3.988972	1.866947
26808	-1791.037	-2072.55	281.5124	0.594489	0.145053	0.158614	0.101845	1.339541	1.276405	3.517945	2.198802
26814	-1802.857	-2084.532	281.6747	0.637951	0.103622	0.172638	0.0857892	0.9636529	1.135096	3.78011	2.042838
26820	-1806.195	-2086.54	280.3451	0.706902	0.0254173	0.143843	0.123838	1.736771	1.255851	3.78011	2.792643
26826	-1801.529	-2083.643	282.1142	0.784161	0.0281952	0.0467366	0.140908	1.681525	1.455884	2.671152	2.707626
26832	-1815.336	-2096.984	281.6475	0.824391	0.0328184	0.0448953	0.0978956	2.318054	1.396053	2.671152	2.782666
26838	-1816.635	-2096.567	279.9322	0.652693	0.152124	0.0282214	0.166962	1.761705	1.35657	3.705739	3.516172
26844	-1827.368	-2105.411	278.0437	0.566726	0.272893	0.0126958	0.147686	1.598539	1.178463	5.482375	2.002086
26850	-1804.078	-2084.554	280.4753	0.595535	0.286765	0.0040573	0.113642	1.625923	1.38536	4.1121	1.734186
26856	-1812.903	-2094.568	281.6646	0.583808	0.254166	0.00407904	0.157948	1.593705	1.262951	3.343528	2.112609
26862	-1813.564	-2096.527	282.9637	0.735516	0.121182	0.00228134	0.141021	1.593705	1.521056	2.604794	1.686038
26868	-1817.226	-2097.645	280.4195	0.746106	0.0668445	0.00231419	0.184735	2.382572	1.222759	3.908785	1.74007
26874	-1818.733	-2099.716	280.9831	0.661182	0.200084	0.0457131	0.0930214	0.1442768	1.214515	4.20144	2.645984
26880	-1812.496	-2090.605	278.1085	0.596782	0.332702	0.00209324	0.0684228	2.049123	1.066591	5.159285	2.389864
26886	-1809.018	-2088.209	279.1902	0.722839	0.218541	0.00129011	0.0573307	1.539632	1.048023	5.159285	1.526647
26892	-1813.473	-2094.773	281.3002	0.638183	0.235905	0.0106714	0.11524	0.1394707	1.116585	4.28004	2.103755
26898	-1798.715	-2079.739	281.0236	0.700457	0.16226	0.0253796	0.111903	0.1506766	1.114197	4.64613	1.664904
26904	-1810.054	-2090.643	280.589	0.653071	0.145172	0.0301421	0.171615	0.1506766	1.001141	4.483314	2.844843
26910	-1806.031	-2085.028	278.9973	0.783705	0.146361	0.0156253	0.0543095	0.150592	1.085166	5.483139	2.396397
26916	-1813.789	-2092.985	279.1951	0.601428	0.261953	0.0221524	0.114467	0.150592	1.181583	5.537913	1.85578
26922	-1811.148	-2092.667	281.5181	0.661308	0.185937	0.101313	0.0514429	0.1651413	1.206067	4.141393	2.102236
26928	-1828.236	-2109.791	281.5544	0.626119	0.18525	0.015925	0.172706	0.1535439	1.161224	4.031581	2.351799
26934	-1828.768	-2110.296	281.5278	0.480676	0.264947	0.0611852	0.193192	0.1397824	1.336905	3.956812	2.272654
26940	-1825.904	-2107.006	281.1019	0.608746	0.271401	0.0703514	0.0495007	0.1620049	1.320188	4.1052	2.625253
26946	-1806.013	-2086.388	280.3752	0.662215	0.188658	0.0765306	0.0725972	0.1445652	1.332237	4.504959	2.574708
26952	-1812.397	-2094.994	282.596	0.517981	0.357132	0.0432863	0.0816006	0.1528017	1.418632	3.379574	2.107679
26958	-1803.749	-2087.442	283.6931	0.385568	0.384334	0.0585853	0.171513	0.1598732	1.280926	3.182749	1.354575
26964	-1815.802	-2099.363	283.5609	0.534997	0.231552	0.0693785	0.164072	0.1483528	1.459246	3.139544	1.354575
26970	-1811.216	-2094.801	283.5851	0.502686	0.287818	0.147636	0.0618602	0.141415	1.246885	3.360739	1.134124
26976	-1820.681	-2105.518	284.8378	0.41954	0.389786	0.106898	0.0837761	0.2177546	1.521193	2.294837	1.502929
26982	-1820.738	-2103.038	282.3001	0.482346	0.377098	0.103418	0.0371378	0.1701126	1.276352	4.012869	1.341341
26988	-1816.835	-2097.229	280.3944	0.31516	0.512541	0.165317	0.00698122	0.1606386	1.247394	5.090405	1.341341
26994	-1829.854	-2111.762	281.9079	0.337038	0.481241	0.176793	0.00492841	0.2175219	1.131912	4.463294	1.11678
27000	-1819.09	-2102.756	283.6659	0.160081	0.61203	0.224841	0.00304813	0.2081292	1.4268	3.473747	0.790605
27006	-1812.803	-2096.658	283.8555	0.159387	0.609374	0.223865	0.00737403	0.2221447	1.345114	3.473747	0.6954376
27012	-1794.755	-2080.047	285.2914	0.14911	0.660111	0.184031	0.00674831	0.2474388	1.482707	2.544712	0.6754803
27018	-1806.181	-2089.349	283.1686	0.196229	0.759748	0.0362556	0.0077669	0.2226938	1.334835	3.611528	1.148409
27024	-1808.126	-2090.04	281.914	0.330861	0.579337	0.0844742	0.00532779	0.2226938	1.328462	4.358006	1.102708
27030	-1804.074	-2088.062	283.9873	0.372055	0.526962	0.0949917	0.00599114	0.1843594	1.43822	3.211099	0.8789314
27036	-1808.741	-2090.872	282.1315	0.171815	0.570818	0.177976	0.0793913	0.2000132	1.079462	4.521285	0.8328918
27042	-1821.846	-2105.993	284.1478	0.159429	0.665191	0.101712	0.0736678	0.2174769	1.270863	3.313529	0.7456402
27048	-1811.984	-2094.503	282.5191	0.316453	0.493554	0.0540111	0.135982	0.2174769	1.208573	3.831548	1.585556
27054	-1809.416	-2091.499	282.0833	0.359754	0.561088	0.0614016	0.0177567	0.2174769	1.41455	4.094366	1.323167
27060	-1808.356	-2091.797	283.4404	0.328019	0.511592	0.138405	0.0219841	0.1557545	1.377794	3.489193	0.9631229
27066	-1810.672	-2093.889	283.2167	0.200344	0.656982	0.0548887	0.0877852	0.1557545	1.377794	3.489193	1.191787
27072	-1812.348	-2095.702	283.3538	0.544553	0.354253	0.0389309	0.0622634	0.195588	1.279707	3.489193	1.214358
27078	-1802.249	-2084.661	282.4128	0.492572	0.388344	0.0508288	0.0682552	0.1689546	1.287075	3.507687	2.287384
27084	-1826.291	-2108.777	282.4858	0.55083	0.316001	0.0568405	0.076328	0.1770806	1.324242	3.507687	2.150341
27090	-1821.439	-2104.915	283.4763	0.517441	0.296846	0.0637891	0.121924	0.1770806	1.395173	2.888726	2.125935
27096	-1833.49	-2117.216	283.7258	0.622135	0.229677	0.0582898	0.0898987	0.1919942	1.480371	2.724115	2.063233
27102	-1823.479	-2107.283	283.8048	0.463425	0.299519	0.185597	0.0514581	1.026701	1.512582	2.610123	1.311842
27108	-1814.673	-2097.276	282.6033	0.642189	0.109532	0.225322	0.0229572	1.152822	1.442893	3.301807	1.311842
27114	-1807.521	-2089.478	281.9575	0.786353	0.13412	0.0514153	0.0281108	1.866738	1.497598	3.151787	1.572469
27120	-1804.108	-2087.826	283.718	0.674165	0.213333	0.0603436	0.0521581	1.039305	1.56931	2.503383	1.526038
27126	-1818.34	-2101.927	283.5868	0.746382	0.148021	0.0668075	0.0387897	1.039305	1.604008	2.258354	2.140668
27132	-1798.92	-2079.749	280.8284	0.665979	0.239799	0.0596109	0.0346112	1.287186	1.197369	4.16528	1.780972
27138	-1797.828	-2077.518	279.6904	0.626252	0.24179	0.0288391	0.10312	1.321118	1.222573	4.959708	1.386377
27144	-1810.058	-2091.072	281.0139	0.630327	0.220831	0.0450511	0.103791	1.087816	0.9244656	4.195921	2.071037
27150	-1801.237	-2081.711	280.4735	0.651189	0.22814	0.0541946	0.0664764	1.087816	1.431082	4.336953	1.789882
27156	-1809.148	-2092.403	283.2552	0.612495	0.08686	0.0705076	0.230137	1.475152	1.437787	2.342662	2.08774
27162	-1802.052	-2084.799	282.7478	0.776442	0.0328127	0.0459611	0.144784	1.206325	1.452777	2.707795	2.297696
27168	-1819.101	-2102.424	283.3227	0.643465	0.143356	0.037157	0.176021	1.588084	1.679871	2.171204	1.902761
27174	-1813.714	-2096.142	282.4284	0.721631	0.111927	0.0290108	0.137431	2.358895	1.462157	2.299453	2.353297
27180	-1804.644	-2087.348	282.7042	0.799045	0.0571097	0.0334501	0.110395	2.281269	1.747575	2.299453	1.676939
27186	-1793.182	-2077.311	284.1287	0.734117	0.0973128	0.0671446	0.101425	1.209453	1.767775	1.921145	1.676939
27192	-1802.325	-2086.13	283.8046	0.669676	0.0887707	0.151037	0.0905161	1.339868	1.539153	2.406325	1.315108
27198	-1797.849	-2080.83	282.9806	0.727878	0.0964858	0.0885329	0.0871028	1.562142	1.544579	2.702068	1.482024
27204	-1791.159	-2072.649	281.4901	0.682805	0.134329	0.0233448	0.159521	1.562142	1.194998	3.602153	1.881683
27210	-1791.836	-2073.249	281.4135	0.710099	0.145075	0.0498394	0.0949867	1.398469	1.117473	3.942269	1.521013
27216	-1793.98	-2074.514	280.5339	0.619667	0.134493	0.0923193	0.153521	1.723883	1.398485	4.292378	1.196034
27222	-1814.364	-2097.664	283.3005	0.411749	0.479208	0.00703286	0.10201	1.322145	1.528702	2.925679	0.988457
27228	-1795.4	-2078.88	283.4798	0.518803	0.357459	0.0138303	0.109907	1.070904	1.526905	2.925679	1.04854
27234	-1818.726	-2101.97	283.2448	0.58414	0.27654	0.015572	0.123748	1.517461	1.476346	2.679435	1.345317
27240	-1821.844	-2105.509	283.6647	0.669337	0.170217	0.0518623	0.108584	1.380895	1.4907	2.435867	1.431886
27246	-1813.615	-2096.714	283.0995	0.510141	0.339883	0.031857	0.118118	1.023754	1.332269	3.043617	1.509634
27252	-1798.186	-2081.259	283.0729	0.744953	0.105552	0.0657162	0.0837783	1.39619	1.443006	2.66932	1.728944
27258	-1813.619	-2096.875	283.2561	0.759513	0.0880709	0.0670006	0.0854157	1.175277	1.462947	2.66932	1.728944
27264	-1807.534	-2089.978	282.444	0.73785	0.016391	0.0410057	0.204754	2.261154	1.461354	2.481671	2.025301
27270	-1826.372	-2108.56	282.1879	0.684875	0.156207	0.0264276	0.13249	2.261154	1.369144	2.633917	2.166262
27276	-1825.269	-2108.129	282.8592	0.661885	0.114073	0.0628726	0.16117	1.428244	1.396011	2.606991	2.166262
27282	-1838.694	-2122.271	283.5767	0.546133	0.273125	0.0518774	0.128864	1.037246	1.398364	2.606991	1.702948
27288	-1822.832	-2102.947	280.1148	0.607107	0.230617	0.0541361	0.10814	1.849164	1.209261	4.288019	1.792601
27294	-1800.794	-2081.626	280.8321	0.768606	0.0773035	0.0545252	0.0995654	2.156239	1.358774	3.419069	2.353121
27300	-1821.244	-2105.184	283.9409	0.534833	0.28013	0.0761893	0.108847	1.020074	1.558164	2.410517	1.474145
27306	-1817.86	-2100.89	283.0304	0.409251	0.47114	0.0262083	0.0934007	1.42105	1.377478	2.9248	1.338793
27312	-1812.068	-2094.805	282.7371	0.478687	0.354622	0.0330825	0.133608	1.283004	1.602139	2.9248	1.559185
27318	-1815.677	-2096.458	280.7817	0.836739	0.0465977	0.0347357	0.0819275	1.678932	1.337338	3.727937	2.220764
27324	-1800.262	-2080.9	280.6378	0.771269	0.0489146	0.109939	0.0698779	1.678932	1.140824	3.999924	2.037608
27330	-1799.648	-2081.95	282.3017	0.763212	0.0527612	0.11176	0.0722668	1.574529	1.556521	2.717718	2.294581
27336	-1791.403	-2073.404	282.0006	0.631999	0.166704	0.122248	0.0790488	1.574529	1.450149	2.965028	2.294581
27342	-1800.447	-2083.086	282.6399	0.520522	0.301633	0.0988869	0.0789586	0.9408862	1.450149	2.966558	2.21843
27348	-1811.58	-2091.219	279.6395	0.739202	0.106636	0.0420312	0.112131	1.618937	1.009551	4.444212	2.607652
27354	-1791.172	-2071.408	280.2359	0.729786	0.110486	0.0435488	0.116179	1.215903	1.154451	4.444212	2.052634
27360	-1795.472	-2076.685	281.2128	0.724097	0.11742	0.0432093	0.115274	0.9538452	1.237889	3.84607	2.400754
27366	-1803.245	-2084.349	281.1041	0.584566	0.197935	0.104613	0.112887	1.850177	1.1841	3.84607	1.561111
27372	-1787.165	-2069.789	282.6247	0.520532	0.31282	0.0701288	0.0965197	1.167221	1.231708	3.377505	1.364065
27378	-1797.948	-2077.204	279.2555	0.763987	0.0735269	0.112476	0.05001	1.730502	1.142541	4.583692	2.473346
27384	-1817.344	-2097.831	280.4868	0.674819	0.134827	0.145879	0.0444747	1.559346	1.142541	4.121021	2.08716
27390	-1804.601	-2084.065	279.4636	0.684318	0.0923159	0.0921552	0.131211	2.664871	1.467235	3.717915	2.975592
27396	-1790.405	-2070.612	280.2066	0.551341	0.252175	0.109679	0.0868054	2.227639	1.073156	4.129908	1.844882
27402	-1796.304	-2077.718	281.4134	0.527403	0.195656	0.161878	0.115063	1.438352	1.254108	3.926719	1.356285
27408	-1793.996	-2076.122	282.1261	0.624096	0.174126	0.0700764	0.131701	1.082213	1.393196	3.201709	2.269129
27414	-1811.008	-2093.68	282.6719	0.690814	0.128612	0.0839922	0.0965821	1.649151	1.220599	2.738803	2.111017
27420	-1810.493	-2092.726	282.2325	0.585377	0.134704	0.110249	0.16967	1.683897	1.477029	2.330033	3.38819
27426	-1815.904	-2097.543	281.639	0.776522	0.114595	0.0937907	0.0150918	1.683897	1.406188	2.761493	3.336815
27432	-1823.764	-2105.595	281.8311	0.708504	0.15308	0.0349654	0.103451	1.154044	1.269928	3.338961	2.438156
27438	-1823.071	-2104.062	280.9902	0.590577	0.303543	0.0120812	0.0937993	1.90341	1.436395	3.687287	1.6759
27444	-1816.059	-2095.914	279.8549	0.469144	0.393572	0.0156644	0.12162	1.350937	1.322774	4.426741	2.217066
27450	-1827.466	-2108.286	280.8194	0.579748	0.278581	0.0161649	0.125506	1.238453	1.074957	4.426741	1.439424
27456	-1813.786	-2094.117	280.3309	0.508893	0.315221	0.0338734	0.142013	1.241151	1.142567	4.543333	1.688885
27462	-1803.66	-2085.37	281.7106	0.372773	0.405037	0.0397138	0.182476	1.241151	1.290571	3.7698	1.489859
27468	-1810.073	-2089.311	279.2383	0.430599	0.338867	0.0197508	0.210783	1.241151	1.129669	5.216434	1.565509
27474	-1801.149	-2083.95	282.8014	0.497221	0.391296	0.0228067	0.0886766	1.121155	1.310903	2.764258	2.409791
27480	-1805.002	-2088.899	283.8968	0.517033	0.361865	0.0520567	0.0690456	1.121155	1.562416	2.692885	0.9301294
27486	-1809.986	-2093.539	283.5525	0.425944	0.298114	0.172459	0.103483	0.9013076	1.417789	2.705905	1.679953
27492	-1814.133	-2094.895	280.7617	0.518218	0.178368	0.164296	0.139117	1.174794	1.424111	4.328171	1.375231
27498	-1812.841	-2092.206	279.365	0.793413	0.0157427	0.103341	0.0875033	1.174794	1.199534	5.085445	1.688761
27504	-1800.995	-2081.599	280.6045	0.630893	0.217355	0.0821727	0.0695794	1.320402	1.223984	4.396941	1.489032
27510	-1822.52	-2101.566	279.0459	0.362583	0.298497	0.287682	0.0512383	1.320402	1.223984	5.302737	1.413995
27516	-1810.417	-2089.407	278.9902	0.472913	0.234398	0.225906	0.0667842	1.342065	1.262399	5.011788	2.061456
27522	-1794.039	-2074.919	280.8805	0.603553	0.199949	0.0772294	0.119268	1.464347	1.309708	3.965119	1.816454
27528	-1810.075	-2090.603	280.528	0.663033	0.206837	0.0590074	0.0711218	2.004586	1.304486	3.965119	1.71779
27534	-1812.882	-2094.785	281.9034	0.687864	0.091279	0.147072	0.0737853	1.955217	1.240049	3.162824	1.849555
27540	-1810.576	-2092.409	281.8327	0.741023	0.0983332	0.0811565	0.0794875	1.606949	1.311692	3.296247	1.9155
27546	-1794.327	-2075.066	280.7391	0.57432	0.223633	0.140441	0.0616058	1.481408	1.263542	3.754397	2.568241
27552	-1808.762	-2089.552	280.7894	0.700807	0.149535	0.10506	0.044598	2.022178	1.405691	3.728314	1.762914
27558	-1804.177	-2085.862	281.6855	0.41835	0.411788	0.0884676	0.0813941	1.336883	1.306989	3.728314	1.481378
27564	-1809.661	-2091.588	281.9271	0.657245	0.262326	0.0285779	0.0518514	1.979883	1.499956	2.72046	2.445192
27570	-1792.148	-2074.823	282.6753	0.691045	0.142266	0.0918611	0.0748274	1.441003	1.552318	2.464486	2.521323
27576	-1792.626	-2076.063	283.4364	0.675082	0.141863	0.107529	0.0755261	1.215813	1.51929	2.044205	2.722016
27582	-1805.582	-2089.828	284.2461	0.572157	0.2004	0.132375	0.0950685	1.152871	1.667924	1.840811	1.870008
27588	-1794.08	-2077.877	283.7963	0.726566	0.111063	0.0416455	0.120725	1.415649	1.423819	2.029115	2.099249
27594	-1820.672	-2103.588	282.9156	0.613843	0.109611	0.19784	0.0787054	1.5251	1.659605	2.233993	2.43518
27600	-1801.119	-2083.889	282.7694	0.447921	0.325548	0.0370356	0.189496	1.425375	1.551978	2.697849	1.883575
27606	-1797.513	-2080.327	282.8135	0.471237	0.272721	0.105454	0.150588	1.070125	1.280208	3.246647	1.452939
27612	-1803.18	-2086.067	282.8876	0.537649	0.272207	0.156917	0.0332266	1.070125	1.550295	3.204996	1.153637
27618	-1782.017	-2065.286	283.2689	0.702797	0.0666495	0.190265	0.040288	1.380859	1.333628	2.506965	1.970684
27624	-1810.537	-2093.441	282.9037	0.700331	0.0548186	0.189598	0.0552524	1.617316	1.396855	2.506965	2.102344
27630	-1800.568	-2084.172	283.6045	0.611112	0.0970941	0.165444	0.12635	1.570083	1.452244	2.367584	1.480342
27636	-1795.133	-2077.442	282.3095	0.626718	0.154058	0.174283	0.0449418	1.695964	1.458645	2.933782	1.80163
27642	-1797.405	-2076.54	279.1345	0.640261	0.160996	0.158	0.040743	1.683377	1.102025	5.00824	1.711504
27648	-1801.061	-2080.817	279.7557	0.666	0.053834	0.176966	0.1032	1.066396	1.044417	4.632067	2.630227
27654	-1805.961	-2084.81	278.8487	0.569334	0.0501901	0.155318	0.225158	2.130049	1.044417	4.524348	2.952653
27660	-1794.707	-2076.677	281.9695	0.868618	0.0123292	0.0381539	0.0808989	1.51737	1.173252	3.453725	1.675021
27666	-1797.859	-2080.421	282.562	0.644383	0.0333721	0.103273	0.218973	1.051478	1.211345	3.335431	1.675021
27672	-1791.332	-2072.976	281.6436	0.738897	0.0684184	0.0570522	0.135632	2.231156	1.337854	2.808931	2.622149
27678	-1793.961	-2075.843	281.8825	0.691528	0.0804453	0.0674834	0.160544	1.719784	1.330063	3.045823	2.270821
27684	-1797.436	-2078.274	280.8384	0.68032	0.0953484	0.0663897	0.157942	1.719784	1.301331	3.840147	1.885284
27690	-1797.375	-2078.024	280.6496	0.674215	0.0943553	0.195383	0.0360468	1.105359	1.062237	4.374312	1.930343
27696	-1801.51	-2082.81	281.2999	0.615011	0.0813164	0.272608	0.0310655	0.9697127	1.141248	3.579232	3.12355
27702	-1795.165	-2075.536	280.3709	0.702141	0.0928366	0.126278	0.078745	1.12098	1.045991	4.086993	3.109983
27708	-1792.54	-2073.903	281.3631	0.571121	0.172172	0.153478	0.103229	1.306513	1.285839	3.819674	1.735744
27714	-1800.677	-2083.006	282.3292	0.797599	0.0253048	0.104389	0.072708	0.9415617	1.342037	3.003117	2.752784
27720	-1810.947	-2089.149	278.2018	0.646537	0.0898382	0.171273	0.0923518	1.885665	1.093538	4.937225	3.023579
27726	-1805.337	-2086.044	280.7071	0.578368	0.101825	0.231134	0.0886724	1.174645	1.12004	4.455203	1.528027
27732	-1811.722	-2095.746	284.0242	0.512828	0.382896	0.0381501	0.0661253	0.8818381	1.67323	2.107216	1.985766
27738	-1799.232	-2080.697	281.4648	0.728074	0.164758	0.0253792	0.081789	1.858716	1.32796	3.440365	1.791168
27744	-1794.942	-2076.905	281.9627	0.557848	0.36004	0.0194455	0.0626665	0.9956142	1.379986	3.398078	2.169431
27750	-1795.647	-2077.457	281.8099	0.466781	0.32172	0.0897638	0.121735	1.089733	1.272597	3.715519	1.676428
27756	-1800.972	-2085.127	284.1548	0.69025	0.182183	0.0604792	0.0670875	1.128526	1.640811	1.946249	1.852938
27762	-1798.509	-2082.487	283.9777	0.510619	0.32266	0.0416256	0.125095	0.9706592	1.515698	2.460285	1.446704
27768	-1804.381	-2086.151	281.7708	0.696423	0.10639	0.0712845	0.125903	1.123752	1.327765	3.443748	2.225524
27774	-1814.017	-2095.451	281.4335	0.778893	0.00651972	0.0734482	0.141139	1.542899	1.327765	3.224273	2.717899
27780	-1798.329	-2079.238	280.9084	0.79843	0.00486689	0.0520245	0.144679	1.356875	1.273342	3.564956	2.979407
27786	-1811.719	-2093.84	282.1214	0.747113	0.00132908	0.173931	0.0776274	1.356875	1.126522	3.258811	2.152875
27792	-1809.236	-2091.088	281.8526	0.860193	0.0196051	0.0050259	0.115176	1.807055	1.611118	2.484862	3.213711
27798	-1812.208	-2091.191	278.9833	0.893983	0.067268	0.00114992	0.0375991	1.446989	1.367719	4.015001	4.87451
27804	-1807.883	-2085.74	277.8565	0.700333	0.105769	0.002586	0.191312	1.859856	1.367719	3.809295	7.97334
27810	-1811.761	-2092.232	280.471	0.839007	0.129059	0.00111121	0.0308231	1.733324	1.349964	3.809295	2.382479
27816	-1806.444	-2086.602	280.158	0.780179	0.176202	0.00151712	0.0421013	2.337248	1.347148	3.582765	2.775396
27822	-1815.053	-2095.839	280.7861	0.780179	0.176202	0.00151712	0.0421013	1.473544	1.38707	3.582765	2.775396
27828	-1801.413	-2082.351	280.9375	0.495903	0.449145	0.00164794	0.0533043	1.232178	1.301297	3.776888	2.491371
27834	-1811.905	-2090.869	278.9641	0.659897	0.266978	0.00219291	0.0709319	2.121618	1.207652	4.533241	2.497853
27840	-1817.416	-2097.959	280.543	0.644394	0.260706	0.00214139	0.0927587	1.229218	1.271951	3.980811	2.599723
27846	-1814.91	-2096.755	281.8456	0.680043	0.238435	0.00195846	0.0795642	1.341429	1.399455	3.201056	2.314466
27852	-1811.648	-2094.475	282.8278	0.639105	0.166736	0.00184056	0.192319	1.183436	1.478424	2.484317	2.713719
27858	-1809.208	-2093.125	283.9167	0.676836	0.208262	0.00747578	0.107426	1.389056	1.675577	1.660672	2.364355
27864	-1805.854	-2089.37	283.5165	0.646145	0.178142	0.00253602	0.173177	1.181441	1.670258	2.019865	2.473355
27870	-1830.225	-2110.309	280.0837	0.569392	0.30848	0.0656111	0.0565171	1.226418	1.553334	4.460375	1.685949
27876	-1818.414	-2102.132	283.7184	0.490664	0.326737	0.0324076	0.150191	1.222238	1.405315	2.647915	1.250814
27882	-1808.901	-2090.972	282.0709	0.515069	0.258911	0.051346	0.174674	1.031587	1.305765	3.79303	1.250814
27888	-1813.181	-2095.343	282.1614	0.437663	0.295659	0.125027	0.141651	1.400136	1.348202	3.358969	1.551935
27894	-1809.157	-2091.499	282.3419	0.761836	0.0161675	0.0552685	0.166728	1.229544	1.442883	2.70092	2.920355
27900	-1800.308	-2082.295	281.9869	0.669539	0.183785	0.0409432	0.105733	1.348045	1.463567	3.046134	2.385393
27906	-1810.175	-2092.672	282.4968	0.762144	0.112253	0.00524597	0.120357	1.147797	1.450041	3.046134	1.954667
27912	-1809.995	-2092.192	282.197	0.603484	0.188675	0.00554401	0.202297	1.294901	1.331144	3.21327	1.954667
27918	-1806.443	-2087.962	281.5191	0.668834	0.209106	0.0164193	0.10564	1.249788	1.337708	3.697867	1.805355
27924	-1808.979	-2091.063	282.084	0.634824	0.236654	0.00896434	0.119557	1.858548	1.528816	3.090919	1.5149
27930	-1815.908	-2096.004	280.0957	0.556234	0.187914	0.241466	0.014386	1.500943	1.253731	4.44417	1.772309
27936	-1816.441	-2096.289	279.8485	0.522883	0.220503	0.242185	0.0144288	1.627639	1.149598	4.751436	1.41107
27942	-1839.018	-2118.389	279.3712	0.578037	0.202079	0.201471	0.0184127	1.580702	1.153798	4.751436	2.043575
27948	-1819.306	-2101.315	282.0097	0.598984	0.188047	0.156199	0.0567693	1.339051	1.231256	3.353162	1.967503
27954	-1830.732	-2112.473	281.7408	0.545338	0.193147	0.14221	0.119305	0.8405908	1.443626	4.059008	1.168134
27960	-1814.806	-2097.29	282.4842	0.687734	0.0674063	0.133153	0.111707	1.340504	1.500248	2.494745	2.971967
27966	-1803.608	-2086.402	282.7938	0.590478	0.173188	0.192872	0.0434615	1.435629	1.294741	2.9608	1.623105
27972	-1805.873	-2088.01	282.1365	0.47921	0.32899	0.156528	0.0352718	1.164679	1.394689	3.287392	1.94575
27978	-1802.546	-2084.25	281.704	0.65728	0.2265	0.0137991	0.10242	1.44515	1.477839	3.097201	2.529264
27984	-1791.588	-2072.77	281.1823	0.752398	0.104996	0.0547981	0.087808	1.496355	1.424263	3.169684	3.192263
27990	-1790.843	-2070.075	279.2319	0.676495	0.1459	0.0693849	0.10822	1.050257	1.092361	4.959066	2.487074
27996	-1804.782	-2085.662	280.8809	0.508712	0.310904	0.0479179	0.132466	1.050257	1.269287	4.236004	1.751688
28002	-1809.235	-2089.719	280.4843	0.577291	0.177712	0.11062	0.134377	1.551137	1.191781	4.236004	1.770683
28008	-1800.141	-2081.093	280.9517	0.464019	0.349508	0.0841957	0.102278	1.818943	1.196497	3.858618	1.733666
28014	-1802.315	-2084.215	281.9008	0.599175	0.241319	0.0971698	0.062337	1.248787	1.423766	3.106528	2.557985
28020	-1800.281	-2083.476	283.1956	0.542373	0.267636	0.120855	0.0691353	0.9090526	1.423766	2.669453	2.206936
28026	-1813.705	-2097.788	284.0836	0.564621	0.296542	0.125813	0.0130237	0.9090526	1.455457	2.176951	2.017082
28032	-1807.279	-2089.872	282.593	0.559585	0.293898	0.12469	0.0218267	1.776356	1.455457	2.70857	1.833842
28038	-1804.831	-2087.641	282.81	0.584861	0.271397	0.140108	0.00363429	1.331599	1.490415	2.70857	1.998039
28044	-1809.941	-2092.373	282.4323	0.551019	0.33082	0.0770771	0.0410837	1.331599	1.373474	2.583229	3.046615
28050	-1799.933	-2079.701	279.7677	0.683708	0.0744716	0.125345	0.116475	1.936892	1.256193	3.213852	5.603736
28056	-1795.625	-2075.563	279.9379	0.781815	0.0534462	0.132961	0.0317772	1.521034	1.186305	4.061618	3.064161
28062	-1810.345	-2090.111	279.7657	0.719473	0.0785391	0.0603683	0.141619	2.324607	1.184017	3.507279	4.019407
28068	-1808.545	-2087.841	279.2963	0.803815	0.0737988	0.0365776	0.0858083	1.546268	1.034536	4.776459	2.291446
28074	-1796.693	-2075.848	279.1549	0.824824	0.0272223	0.0537317	0.0942219	1.825712	1.123544	4.319859	3.307855
28080	-1812.673	-2093.392	280.7195	0.7207	0.0237858	0.173187	0.0823275	1.774931	1.204197	3.780729	2.257822
28086	-1824.767	-2104.523	279.756	0.7236	0.0238815	0.208542	0.0439765	1.415943	1.131976	4.540894	2.257822
28092	-1826.832	-2106.668	279.8362	0.827383	0.0675518	0.0551134	0.0499516	1.757875	1.189075	4.006323	3.063259
28098	-1825.932	-2106.864	280.9316	0.843323	0.0298367	0.106293	0.0205475	1.416237	1.35848	3.806523	2.104493
28104	-1827.813	-2107.862	280.0495	0.630015	0.135142	0.172441	0.0624013	2.141373	1.4907	3.67136	2.697508
28110	-1826.61	-2108.253	281.643	0.521542	0.355466	0.0415143	0.081478	1.254237	1.405725	3.330975	2.396027
28116	-1817.778	-2097.588	279.8092	0.630443	0.140381	0.194072	0.0351048	1.560747	1.313654	4.322785	2.295987
28122	-1806.81	-2087.809	280.9992	0.573106	0.348999	0.0485356	0.0293589	1.683435	1.1447	4.062138	1.445159
28128	-1814.205	-2096.678	282.4727	0.468681	0.382335	0.0965978	0.0523867	1.24751	1.275246	3.123222	1.922711
28134	-1823.493	-2105.039	281.5458	0.492107	0.36542	0.0328527	0.10962	1.24751	1.272365	3.927754	1.378657
28140	-1814.296	-2096.238	281.9423	0.647104	0.104625	0.169928	0.0783419	1.5762	1.414789	3.018092	2.300025
28146	-1806.13	-2088.16	282.0295	0.783629	0.0941114	0.0630476	0.0592122	1.448069	1.40636	2.942008	2.532948
28152	-1798.036	-2080.601	282.5657	0.504138	0.399381	0.0583875	0.0380934	1.68644	1.550628	2.97992	1.310782
28158	-1809.426	-2089.299	279.8726	0.544455	0.253086	0.0630569	0.139402	1.824304	1.366528	4.585042	1.296883
28164	-1815.635	-2097.593	281.9574	0.675923	0.19336	0.0407124	0.0900044	1.479439	1.204056	3.309782	2.005818
28170	-1808.584	-2087.595	279.0103	0.649896	0.164328	0.0197819	0.165994	1.448571	1.204056	4.819307	2.472812
28176	-1818.767	-2094.285	275.5179	0.719471	0.201976	0.0104382	0.0681147	1.448571	0.8915258	7.034573	2.118464
28182	-1812.531	-2095.103	282.5723	0.56726	0.307005	0.0323297	0.0934056	1.978347	1.459287	2.703605	1.669692
28188	-1818.728	-2101.229	282.5006	0.612331	0.241491	0.044336	0.101842	2.074253	1.504963	2.675626	1.669692
28194	-1811.212	-2091.717	280.5045	0.583292	0.194176	0.0991489	0.123383	1.018852	1.157917	4.215119	2.514697
28200	-1825.892	-2106.818	280.9263	0.493792	0.164382	0.160397	0.18143	1.018852	1.194518	4.171212	1.975938
28206	-1809.104	-2090.818	281.7138	0.630699	0.264287	0.0420064	0.0630078	1.177022	1.267304	3.777114	1.569081
28212	-1817.605	-2098.846	281.241	0.630699	0.264287	0.0420064	0.0630078	1.358599	1.366156	3.626483	2.167856
28218	-1805.426	-2086.012	280.586	0.50685	0.40062	0.0636754	0.028854	1.203743	1.245508	4.390243	1.626816
28224	-1801.775	-2083.248	281.4725	0.668582	0.143447	0.147809	0.0401628	1.373707	1.350152	3.421069	2.343076
28230	-1818.942	-2099.486	280.5439	0.553929	0.193071	0.198943	0.0540569	1.632721	1.161692	4.061264	2.042645
28236	-1808.519	-2089.564	281.0449	0.697635	0.173519	0.0777385	0.0511069	1.094257	1.14951	4.043975	2.07752
28242	-1814.246	-2095.51	281.264	0.579406	0.248129	0.0805246	0.09194	1.686088	1.16823	3.684741	1.891061
28248	-1807.49	-2086.969	279.4781	0.600349	0.189793	0.0767724	0.133086	1.772857	1.051381	4.489328	2.4771
28254	-1816.603	-2094.585	277.982	0.846293	0.0509441	0.0330423	0.0697206	2.761339	1.06565	4.598523	3.450987
28260	-1805.463	-2087.201	281.7371	0.72622	0.0652598	0.119207	0.0893127	1.907	1.362726	2.769245	2.9186
28266	-1819.526	-2098.579	279.0534	0.574805	0.091796	0.262708	0.0706912	2.654949	1.347553	4.101578	2.759589
28272	-1818.317	-2098.027	279.7097	0.642322	0.0484275	0.239102	0.0701482	1.676495	1.033111	4.520397	2.201196
28278	-1822.242	-2102.141	279.8989	0.724781	0.146993	0.0392028	0.0890228	2.244824	1.409968	3.63362	3.060004
28284	-1815.526	-2096.508	280.9829	0.739089	0.0944869	0.017398	0.149026	2.282364	1.334197	3.068323	2.937835
28290	-1814.628	-2095.322	280.6943	0.768719	0.0827629	0.032454	0.116064	1.992543	1.297709	3.674529	2.183327
28296	-1812.551	-2095.002	282.4511	0.658507	0.204774	0.0684986	0.0682207	1.0853	1.556237	3.058164	1.928317
28302	-1813.937	-2096.097	282.1599	0.490016	0.2825	0.140285	0.0871991	1.275961	1.536152	3.463133	1.267713
28308	-1823.201	-2106.691	283.4898	0.412068	0.42469	0.100668	0.0625737	0.7921791	1.267929	3.380948	0.8190502
28314	-1800.009	-2081.157	281.1481	0.636822	0.277842	0.0658594	0.0194767	1.095452	1.235895	4.302732	1.290452
28320	-1806.933	-2089.829	282.8964	0.511834	0.32009	0.159904	0.00817198	1.233616	1.370705	3.340304	0.9359662
28326	-1819.069	-2102.602	283.5335	0.508297	0.317878	0.153915	0.0199103	1.288965	1.619628	2.099958	2.201421
28332	-1807.852	-2091.407	283.5545	0.712148	0.203703	0.0249702	0.0591787	1.959152	1.631954	1.626667	2.341997
28338	-1801.788	-2085.365	283.5771	0.680438	0.194633	0.0108291	0.1141	1.503493	1.658837	1.935472	2.164813
28344	-1806.008	-2090.397	284.3894	0.605344	0.268476	0.00711455	0.119066	1.210785	1.730338	1.885005	1.474072
28350	-1796.582	-2080.001	283.4192	0.753806	0.0924917	0.00543514	0.148267	1.581399	1.630246	1.893944	2.42462
28356	-1797.372	-2078.674	281.3023	0.807989	0.0710615	0.00703551	0.113914	2.317417	1.630246	2.628101	3.081192
28362	-1810.365	-2091.895	281.5299	0.725374	0.116484	0.009199	0.148943	2.454181	1.491697	2.628101	2.780728
28368	-1797.41	-2078.829	281.4185	0.720777	0.0966778	0.0120674	0.170478	1.566539	1.329763	3.161885	2.875203
28374	-1805.274	-2086.225	280.9512	0.778542	0.110908	0.0130346	0.0975153	1.488004	1.398575	3.300374	3.267336
28380	-1794.32	-2076.039	281.7196	0.651294	0.194464	0.0109041	0.143338	1.280272	1.292445	3.544785	1.90841
28386	-1808.936	-2088.884	279.9474	0.640041	0.180194	0.0389033	0.140861	1.364894	0.9481631	4.495908	2.428647
28392	-1803.494	-2087.078	283.5844	0.630534	0.219797	0.0743458	0.075323	1.216595	1.583683	2.678545	1.156551
28398	-1808.634	-2091.388	282.7537	0.580962	0.173494	0.131798	0.113746	1.756532	1.466947	2.969654	1.156551
28404	-1812.632	-2095.389	282.7567	0.69569	0.124725	0.0725448	0.10704	1.130575	1.597013	2.356184	3.050103
28410	-1818.451	-2100.941	282.49	0.766528	0.0411096	0.121826	0.0705359	2.803352	1.562032	2.23037	1.881237
28416	-1819.338	-2101.441	282.1024	0.77156	0.10923	0.0482108	0.0709989	1.327384	1.224251	3.458532	1.645418
28422	-1818.872	-2100.342	281.4695	0.631106	0.212659	0.098161	0.0580743	1.130484	1.383382	3.839777	1.645418
28428	-1803.929	-2085.383	281.4531	0.463519	0.306888	0.140892	0.0887005	1.860619	1.325896	3.659885	1.35921
28434	-1801.277	-2082.419	281.1418	0.488045	0.344633	0.155067	0.0122548	1.704107	1.45158	3.552259	1.959511
28440	-1798.296	-2080.036	281.7403	0.52453	0.370397	0.0919026	0.0131709	0.7950596	1.259905	3.664352	2.298217
28446	-1804.933	-2087.396	282.4622	0.488811	0.449632	0.0527754	0.00878136	0.9455661	1.222309	3.378448	1.826446
28452	-1815.128	-2098.134	283.0058	0.258264	0.57139	0.159186	0.0111593	1.14427	1.222309	3.615504	0.6038475
28458	-1819.281	-2102.561	283.2804	0.15501	0.685569	0.152723	0.00669781	0.9954159	1.150834	3.538875	0.6744378
28464	-1801.143	-2082.344	281.2013	0.448815	0.393771	0.138022	0.0193928	2.272609	1.15692	3.516334	1.789293
28470	-1788.626	-2069.64	281.0139	0.598651	0.193222	0.175607	0.0325198	1.499493	1.313437	3.95226	1.636866
28476	-1803.076	-2082.616	279.5408	0.679935	0.118055	0.166782	0.0352283	1.499493	1.011748	4.74736	2.109989
28482	-1805.998	-2084.205	278.2065	0.676234	0.256215	0.0171777	0.050373	1.797648	1.094332	5.267147	2.20639
28488	-1793.259	-2074.266	281.0066	0.521007	0.310046	0.0661953	0.102752	1.584319	1.161328	4.150208	1.336925
28494	-1812.182	-2092.213	280.0312	0.520361	0.309662	0.0673528	0.102624	2.041114	1.187994	4.564029	1.180616
28500	-1801.487	-2082.638	281.1507	0.505087	0.329926	0.0653757	0.0996118	0.9201784	1.208001	4.289303	1.5437
28506	-1794.057	-2072.9	278.8436	0.690311	0.174488	0.0568962	0.0783052	1.720367	0.9587973	5.294301	1.575462
28512	-1793.384	-2072.154	278.7698	0.559282	0.277606	0.0343893	0.128722	1.770146	0.9925369	5.294301	1.575462
28518	-1784.356	-2064.32	279.9647	0.563557	0.279728	0.0233708	0.133345	1.207856	0.9824313	5.069823	1.246295
28524	-1804.091	-2083.609	279.5184	0.510098	0.253193	0.146171	0.090538	1.128965	1.104805	5.037154	1.778233
28530	-1812.945	-2093.853	280.9074	0.563011	0.279457	0.0576023	0.0999297	1.128965	1.183404	4.583599	1.041048
28536	-1818.753	-2098.46	279.7065	0.37868	0.432576	0.0819158	0.106828	1.188306	1.183404	4.981435	1.508726
28542	-1806.141	-2087.668	281.5274	0.287381	0.519527	0.11202	0.081072	1.040588	1.145326	4.301018	1.046955
28548	-1801.042	-2084.228	283.1868	0.55826	0.242814	0.0942644	0.104662	1.58305	1.516231	2.668701	1.323024
28554	-1825.859	-2109.488	283.6288	0.57779	0.325361	0.022936	0.0739133	1.537536	1.434974	2.533125	1.211439
28560	-1806.822	-2091.325	284.5027	0.596271	0.206549	0.112724	0.0844566	1.126304	1.661671	1.952741	1.400903
28566	-1825.165	-2109.983	284.8182	0.610812	0.266012	0.084759	0.0384172	1.302355	1.619028	1.952741	0.940534
28572	-1832.931	-2117.997	285.0655	0.601839	0.236658	0.0835138	0.07799	1.302355	1.867237	1.578314	0.9805708
28578	-1844.082	-2129.497	285.4146	0.298201	0.417133	0.147201	0.137465	1.377951	1.612129	1.618854	0.7690503
28584	-1799.012	-2080.944	281.9319	0.675812	0.201786	0.0507114	0.07169	1.622938	1.681645	3.062604	1.80164
28590	-1811.771	-2096.133	284.3617	0.624914	0.264032	0.0172503	0.0938045	1.398772	1.934766	1.817459	1.198188
28596	-1792.481	-2074.383	281.9024	0.620912	0.245192	0.0148255	0.119071	1.353523	1.201186	3.408073	2.00828
28602	-1807.457	-2088.142	280.6859	0.806657	0.0172872	0.0213652	0.154691	1.040188	1.33914	3.644519	3.538298
28608	-1792.003	-2072.717	280.7134	0.843338	0.0159139	0.0733515	0.0673961	1.774674	1.402478	3.439517	2.859515
28614	-1809.93	-2089.432	279.5021	0.829978	0.0354686	0.0682253	0.0663284	1.512546	1.310108	3.674852	5.043721
28620	-1801.422	-2083.296	281.8742	0.697669	0.0616627	0.219664	0.0210037	1.051124	1.300848	3.463048	2.171398
28626	-1809.46	-2092.272	282.8113	0.728001	0.129596	0.0964893	0.0459133	1.312152	1.450829	2.899737	1.669378
28632	-1802.567	-2086.636	284.0684	0.639676	0.120911	0.0572113	0.182202	1.511779	1.706805	1.919814	1.500126
28638	-1806.461	-2090.523	284.0617	0.523302	0.209117	0.136112	0.13147	1.692537	1.706805	1.776109	1.576323
28644	-1805.812	-2089.399	283.5872	0.54626	0.202177	0.124457	0.127107	1.04339	1.480271	2.472569	1.850185
28650	-1809.657	-2091.85	282.1934	0.695137	0.164989	0.0350971	0.104777	1.328399	1.514475	2.911561	2.362499
28656	-1810.594	-2092.257	281.6627	0.768855	0.069341	0.0254812	0.136323	1.756031	1.637442	3.137555	1.90276
28662	-1814.874	-2099.015	284.1415	0.4189	0.451896	0.0680671	0.0611365	1.827399	1.701103	1.796674	1.334071
28668	-1815.653	-2099.681	284.0285	0.606536	0.328867	0.0266143	0.0379825	1.079475	1.685978	1.964308	1.985714
28674	-1810.614	-2094.747	284.1328	0.534859	0.329097	0.0365993	0.0994453	1.385519	1.694121	2.154459	1.174312
28680	-1814.118	-2098.293	284.1747	0.616652	0.232906	0.0421962	0.108246	1.122287	1.779171	1.745568	2.036999
28686	-1795.489	-2079.634	284.1451	0.540107	0.278047	0.0562819	0.125564	1.06513	1.628987	1.907665	2.036999
28692	-1801.607	-2084.361	282.7546	0.75659	0.0556777	0.0315091	0.156223	1.488772	1.684462	2.238197	2.67995
28698	-1794.736	-2077.095	282.3594	0.730754	0.0537764	0.0304103	0.185059	1.306375	1.499572	2.70381	2.67995
28704	-1788.841	-2071.444	282.6025	0.607871	0.294231	0.0252965	0.0726011	1.170439	1.553453	2.70381	2.4214
28710	-1788.491	-2068.845	280.3536	0.641469	0.278141	0.0218529	0.058537	1.200062	1.291024	3.970219	2.944277
28716	-1785.058	-2066.439	281.3814	0.720594	0.182052	0.0665188	0.030835	1.530641	1.296339	3.509946	2.138708
28722	-1806.949	-2088.179	281.2292	0.674137	0.12606	0.122105	0.0776979	1.734991	1.316217	3.488173	2.138708
28728	-1801.355	-2082.957	281.6022	0.710809	0.146475	0.0872176	0.0554984	1.216981	1.393925	3.488173	2.138708
28734	-1804.427	-2082.681	278.2538	0.710809	0.146475	0.0872176	0.0554984	1.584794	1.070191	5.263285	2.433557
28740	-1803.556	-2083.514	279.9582	0.644024	0.183234	0.0371052	0.135637	1.509222	1.164555	4.596525	1.708394
28746	-1801.491	-2081.331	279.84	0.716966	0.0633795	0.0874064	0.132248	1.863384	1.088109	4.543108	1.708394
28752	-1804.028	-2084.801	280.7726	0.697611	0.180555	0.0118784	0.109956	0.9040205	1.376822	4.40765	1.56295
28758	-1807.946	-2089.589	281.6432	0.776436	0.151969	0.0185157	0.0530788	1.262935	1.259542	3.46471	2.26569
28764	-1817.591	-2098.669	281.0779	0.641677	0.207915	0.123746	0.0266624	1.300969	1.318585	3.984614	1.69865
28770	-1818.284	-2098.484	280.2001	0.629654	0.0683533	0.193831	0.108162	2.224219	1.371779	3.976169	1.819168
28776	-1815.877	-2098.087	282.2094	0.489187	0.310795	0.105762	0.0942557	0.9404722	1.456872	3.656228	1.292794
28782	-1802.24	-2086.391	284.1511	0.665859	0.0927358	0.174436	0.0669696	0.9404722	1.332135	2.292559	1.814297
28788	-1808.423	-2091.876	283.4529	0.560367	0.249112	0.099921	0.0906003	0.9404722	1.551295	2.997934	1.061347
28794	-1802.009	-2085.12	283.1103	0.515388	0.305525	0.0523403	0.126747	1.094786	1.412622	2.904386	1.592794
28800	-1802.365	-2084.847	282.4828	0.642009	0.211186	0.0429055	0.103899	1.094786	1.46124	3.232489	1.62835
28806	-1800.683	-2084.125	283.4427	0.430298	0.422744	0.113477	0.0334807	1.655204	1.713937	2.52999	1.018684
28812	-1816.411	-2097.153	280.7419	0.654573	0.0543723	0.0852427	0.205812	3.283352	1.380892	3.328127	1.691163
28818	-1816.178	-2097.82	281.6423	0.760979	0.108179	0.0450769	0.0857653	1.878883	1.261572	3.413254	1.691163
28824	-1827.799	-2106.57	278.7715	0.772539	0.12131	0.050521	0.0556299	2.245362	1.342273	4.481228	2.591531
28830	-1813.412	-2095.575	282.1638	0.636882	0.207871	0.109386	0.0458614	2.054696	1.530182	2.781139	1.861856
28836	-1817.163	-2099.169	282.0057	0.6773	0.101436	0.177608	0.0436558	2.187265	1.373115	3.044019	1.59369
28842	-1795.635	-2079.626	283.9906	0.630225	0.181779	0.122695	0.0653011	1.460279	1.623805	1.877743	1.824851
28848	-1810.195	-2094.016	283.8217	0.741121	0.0378022	0.144285	0.0767917	1.863571	1.602054	1.780263	1.824851
28854	-1802.157	-2086.239	284.0823	0.772649	0.0481487	0.0813927	0.0978098	1.395268	1.689882	1.839582	1.768499
28860	-1807.793	-2091.055	283.2627	0.815123	0.0441211	0.0745842	0.0661713	1.682056	1.773067	1.587718	3.000325
28866	-1809.871	-2094.903	285.0328	0.618673	0.18922	0.116981	0.0751264	1.200645	1.773067	1.286112	1.63779
28872	-1812.903	-2092.47	279.5677	0.676647	0.144361	0.0368303	0.142161	1.612499	0.92637	4.847692	1.823541
28878	-1793.287	-2075.201	281.9141	0.675288	0.155377	0.0348433	0.134492	1.295707	1.103104	3.440315	2.121809
28884	-1805.645	-2087.637	281.9924	0.700517	0.149097	0.0213298	0.129056	1.439206	1.195117	3.584443	1.43793
28890	-1806.263	-2088.568	282.3055	0.667036	0.141971	0.0132043	0.177788	1.272761	1.380511	3.352356	1.493772
28896	-1812.093	-2095.032	282.9386	0.497133	0.225986	0.102703	0.174179	0.8775927	1.337319	3.352356	1.266378
28902	-1806.685	-2089.28	282.5943	0.458174	0.329223	0.0728577	0.139745	1.39266	1.218975	3.352356	1.231165
28908	-1810.761	-2091.03	280.2696	0.672694	0.167385	0.0648381	0.0950828	1.797997	1.287299	4.373257	1.384478
28914	-1817.535	-2096.67	279.1355	0.682476	0.155277	0.065781	0.0964655	1.782845	1.092936	5.215523	1.201545
28920	-1817.048	-2102.059	285.0115	0.500495	0.396529	0.0905101	0.0124659	0.1721427	1.687085	2.303288	1.070777
28926	-1812.583	-2096.341	283.7574	0.439343	0.345593	0.19993	0.0151338	0.1959237	1.498111	3.109015	1.239243
28932	-1811.649	-2096.775	285.1265	0.439965	0.441684	0.109923	0.00842804	0.1863714	1.605545	2.310159	1.045757
28938	-1792.327	-2077.527	285.2008	0.385348	0.441997	0.165273	0.00738179	0.1863714	1.486731	2.310159	1.091079
28944	-1798.752	-2081.535	282.7834	0.410839	0.471235	0.114461	0.00346468	0.2084756	1.277835	3.749443	1.360004
28950	-1789.946	-2072.816	282.8706	0.285739	0.660639	0.0501162	0.00350584	0.2084756	1.253588	3.862629	1.083128
28956	-1813.555	-2096.379	282.8247	0.203895	0.677163	0.116243	0.00269901	0.1826539	1.358891	3.862629	0.9984628
28962	-1805.635	-2087.607	281.9725	0.213649	0.677227	0.106647	0.00247621	0.1644099	1.294079	4.270484	1.176069
28968	-1809.279	-2091.003	281.7234	0.367788	0.444361	0.183588	0.00426269	0.2342559	1.012008	4.69255	1.016662
28974	-1796.092	-2074.893	278.8018	0.362612	0.438107	0.192652	0.0066288	0.2246014	0.9139503	6.352429	1.016662
28980	-1818.804	-2101.759	282.9548	0.580651	0.183879	0.223999	0.0114701	1.578627	1.586893	2.648977	1.547087
28986	-1812.424	-2094.446	282.0219	0.549703	0.168169	0.264633	0.0174961	1.195515	1.245674	3.45293	1.883793
28992	-1815.171	-2098.259	283.0883	0.624708	0.297078	0.0242024	0.0540109	0.2145458	1.342651	3.729325	1.010481
28998	-1817.22	-2099.983	282.7627	0.611944	0.291009	0.0237079	0.073339	0.1482056	1.417515	3.729325	1.173264
29004	-1809.018	-2093.416	284.398	0.599217	0.202191	0.0381958	0.160396	0.1482056	1.456466	2.495022	1.61361
29010	-1815.623	-2097.26	281.637	0.574858	0.298888	0.00835809	0.117896	1.895617	1.401456	3.250798	1.852345
29016	-1815.816	-2096.873	281.0572	0.591473	0.252033	0.0273027	0.129191	1.529321	1.350336	3.945832	1.524657
29022	-1822.651	-2103.043	280.3917	0.62315	0.26553	0.043853	0.0674662	1.280004	1.543367	4.340338	1.524657
29028	-1808.469	-2090.624	282.1551	0.561648	0.22087	0.138912	0.0785699	1.358817	1.383012	3.43148	1.418888
29034	-1812.474	-2093.718	281.2442	0.572948	0.300751	0.0333446	0.0929565	1.821156	1.455796	3.43148	1.96838
29040	-1801.94	-2082.969	281.0289	0.589857	0.215051	0.115771	0.0793215	1.066365	1.35963	3.995203	1.96838
29046	-1827.453	-2109.644	282.1917	0.536918	0.255625	0.137613	0.0698441	1.261781	1.505741	3.229728	1.741668
29052	-1812.806	-2094.074	281.2678	0.519314	0.265278	0.142927	0.0724816	1.726753	1.351321	3.946956	1.110242
29058	-1814.241	-2094.659	280.4189	0.744394	0.154602	0.0832969	0.017707	1.551621	1.165733	4.174955	2.028215
29064	-1811.189	-2092.184	280.9957	0.641446	0.0419972	0.253182	0.0633745	1.227451	1.283643	3.964127	1.9805
29070	-1794.94	-2077.408	282.468	0.706829	0.0793406	0.127011	0.0868191	1.227451	1.283917	3.105819	1.9805
29076	-1815.164	-2097.327	282.1637	0.699476	0.0954985	0.12569	0.0793357	1.227451	1.134222	3.248437	2.274165
29082	-1799.603	-2080.505	280.9023	0.735802	0.0669042	0.113838	0.0834559	1.227451	1.461275	3.933016	1.941085
29088	-1809.288	-2090.872	281.584	0.685941	0.116252	0.0595258	0.138282	0.905356	1.355893	3.676328	2.192317
29094	-1803.562	-2086.696	283.134	0.573453	0.299941	0.0592938	0.0673122	1.162112	1.302346	2.783064	1.867114
29100	-1805.571	-2088.987	283.416	0.588151	0.311	0.0614801	0.0393685	1.162112	1.348074	2.51561	2.006102
29106	-1799.424	-2080.664	281.2394	0.446926	0.425652	0.0311359	0.0962861	1.094201	1.289135	4.199125	1.333788
29112	-1809.342	-2091.505	282.1625	0.528738	0.221598	0.197132	0.0525317	1.094201	1.211993	3.57114	1.619267
29118	-1809.542	-2091.497	281.9556	0.445893	0.343562	0.166245	0.0443008	1.140122	1.354093	3.454565	1.893964
29124	-1811.129	-2093.275	282.1459	0.655815	0.099627	0.229657	0.014901	1.375762	1.354093	3.214112	1.893964
29130	-1807.68	-2090.655	282.9753	0.394857	0.331786	0.128197	0.14516	1.256646	1.428767	2.915136	1.530458
29136	-1809.18	-2091.431	282.2511	0.447902	0.395039	0.101044	0.0560145	0.9790187	1.49292	3.466734	1.528804
29142	-1821.545	-2104.166	282.6209	0.528458	0.228207	0.0632159	0.180119	1.280521	1.371589	2.940886	1.961257
29148	-1822.669	-2104.739	282.0697	0.543383	0.135885	0.21348	0.107251	0.999691	1.433777	3.042954	2.820917
29154	-1808.089	-2091.62	283.5308	0.600093	0.0408574	0.23576	0.123289	1.079473	1.343927	2.631169	1.72728
29160	-1807.87	-2089.862	281.9929	0.639171	0.0323645	0.275585	0.0528798	1.1141	1.314232	3.354754	2.159286
29166	-1800.493	-2081.364	280.8717	0.614928	0.0477778	0.250385	0.086909	1.530803	1.296398	3.913712	1.886166
29172	-1812.59	-2094.182	281.5925	0.797507	0.0632319	0.0577448	0.0815166	1.530803	1.327993	3.492647	1.855162
29178	-1811.234	-2093.19	281.9562	0.61075	0.306908	0.0173461	0.0649951	1.453159	1.338375	3.492647	1.481955
29184	-1806.711	-2089.094	282.3831	0.408163	0.433605	0.0459647	0.112267	1.453159	1.265041	3.560618	0.9792099
29190	-1804.312	-2085.108	280.7959	0.584706	0.305841	0.0231027	0.0863505	1.767399	1.294664	4.116476	1.322025
29196	-1805.549	-2086.579	281.0298	0.394158	0.478908	0.00761662	0.119318	1.467249	1.285723	4.073755	1.43435
29202	-1791.494	-2073.749	282.2545	0.491217	0.353015	0.0263077	0.12946	1.411533	1.292071	3.270037	1.676466
29208	-1799.68	-2082.964	283.2844	0.528048	0.291461	0.0282803	0.152211	1.988234	1.517961	2.286444	1.536547
29214	-1790.647	-2072.961	282.3144	0.498091	0.274925	0.0834081	0.143576	0.8409888	1.734812	3.448816	1.376419
29220	-1810.945	-2094.912	283.967	0.525303	0.289945	0.0333327	0.151419	1.314152	1.710658	2.108229	1.487777
29226	-1804.916	-2087.184	282.2676	0.593056	0.152248	0.0806	0.174096	2.133861	1.541975	2.862219	1.487777
29232	-1806.341	-2087.399	281.0581	0.723954	0.0667578	0.117861	0.0914272	1.751274	1.370022	3.54421	2.149789
29238	-1805.048	-2085.603	280.5553	0.417856	0.363839	0.0678274	0.150477	1.415487	1.111209	4.443333	1.482606
29244	-1800.047	-2080.607	280.56	0.593833	0.269814	0.0955437	0.0408094	1.046185	1.216649	4.492689	1.657049
29250	-1807.716	-2089.726	282.0102	0.48811	0.333859	0.142767	0.0352649	1.3129	1.348885	3.603103	1.336356
29256	-1809.635	-2090.548	280.913	0.399062	0.345628	0.147366	0.107944	0.7287927	1.076157	4.66602	1.427918
29262	-1821.123	-2103.604	282.481	0.422574	0.41302	0.0579249	0.106481	1.389656	1.26699	3.453768	1.120615
29268	-1799.283	-2080.155	280.8712	0.556036	0.246415	0.0261832	0.171366	0.9860762	1.348666	4.12966	1.985038
29274	-1806.744	-2088.404	281.6595	0.623428	0.287574	0.0360685	0.0529301	1.438639	1.425327	3.764556	1.209177
29280	-1812.821	-2097.034	284.2122	0.54319	0.302715	0.0487936	0.105301	1.128507	1.423366	2.096127	1.769932
29286	-1805.782	-2089.311	283.5288	0.590103	0.260282	0.0335554	0.116059	1.764615	1.557153	2.096127	1.758688
29292	-1802.64	-2084.555	281.9143	0.504359	0.239032	0.165616	0.0909932	1.458027	1.403977	3.666349	1.12473
29298	-1819.444	-2100.885	281.4413	0.531653	0.227466	0.200804	0.0400765	2.396438	1.340427	3.529563	1.176986
29304	-1808.79	-2091.828	283.0379	0.495632	0.286422	0.183017	0.0349283	0.9573143	1.456658	3.082193	1.439708
29310	-1814.702	-2095.936	281.2335	0.333404	0.585011	0.0139829	0.0676023	0.9574463	1.20944	4.613225	0.8098883
29316	-1816.147	-2098.921	282.7735	0.44816	0.402825	0.0255396	0.123475	0.9574463	1.141046	3.423337	1.442642
29322	-1812.596	-2095.648	283.0527	0.570119	0.306586	0.119664	0.00363009	1.733926	1.547068	2.414634	1.777819
29328	-1821.594	-2103.209	281.6147	0.494546	0.161445	0.336983	0.00702641	1.949157	1.599041	3.070324	1.966084
29334	-1814.853	-2097.897	283.0436	0.440469	0.445022	0.0692118	0.0452973	0.9179683	1.187632	3.113979	1.736951
29340	-1794.637	-2078.247	283.6103	0.484186	0.29991	0.135705	0.0801992	1.140233	1.626401	2.427771	1.61212
29346	-1801.85	-2084.837	282.9876	0.529461	0.327955	0.0548851	0.0876986	1.24432	1.563972	2.790835	1.61212
29352	-1814.183	-2098.071	283.8876	0.404384	0.305086	0.0286561	0.261874	1.24432	1.437963	2.566043	1.155144
29358	-1797.619	-2080.327	282.7082	0.452525	0.447345	0.0621704	0.0379586	1.744956	1.344847	3.203655	0.9384099
29364	-1815.613	-2097.517	281.9036	0.496415	0.396894	0.0709544	0.035736	1.099367	1.26499	3.692928	1.608307
29370	-1812.743	-2095.567	282.8236	0.448581	0.35865	0.0940897	0.0986793	1.322601	1.518165	3.156608	1.090692
29376	-1811.875	-2094.695	282.8197	0.56531	0.340228	0.0220146	0.072448	0.856688	1.254483	3.407127	1.410031
29382	-1823.828	-2104.778	280.9501	0.51854	0.412318	0.0161136	0.0530283	0.856688	1.425951	4.424539	1.325937
29388	-1809.579	-2092.322	282.7431	0.372707	0.53869	0.0240488	0.0645538	0.8889082	1.285159	3.512195	1.226559
29394	-1812.059	-2094.746	282.6871	0.312146	0.496717	0.131613	0.059524	0.970867	1.344164	3.390658	1.358762
29400	-1805.291	-2085.07	279.7789	0.471893	0.239152	0.198968	0.0899865	1.263864	1.068303	4.977842	1.483754
29406	-1805.805	-2085.996	280.1908	0.466768	0.316048	0.128175	0.0890092	0.9086409	1.104009	5.074544	1.180341
29412	-1809.201	-2091.168	281.9663	0.438914	0.285796	0.202181	0.0731093	0.9756476	1.167011	4.173906	0.8771375
29418	-1817.416	-2098.745	281.3287	0.451356	0.386924	0.154675	0.00704496	1.022653	1.192368	4.173906	1.471497
29424	-1814.691	-2097.509	282.818	0.50995	0.360641	0.122843	0.00656641	1.127821	1.241205	3.455196	1.048016
29430	-1807.61	-2090.536	282.9258	0.455611	0.408157	0.109753	0.02648	0.9289661	1.32938	3.348474	1.239098
29436	-1805.434	-2088.128	282.6937	0.62823	0.225277	0.112653	0.03384	1.438317	1.242714	3.109141	1.507191
29442	-1811.252	-2094.656	283.4034	0.497317	0.328194	0.130524	0.0439652	1.24554	1.286063	3.02657	1.030857
29448	-1802.002	-2085.659	283.6565	0.648589	0.225945	0.0657509	0.0597154	1.568225	1.517095	2.462718	1.186812
29454	-1797.548	-2079.291	281.7434	0.688831	0.239964	0.0302802	0.040925	3.145155	1.440251	2.895312	1.391871
29460	-1830.678	-2111.933	281.2548	0.437319	0.47493	0.0211934	0.0665582	1.956593	1.425222	3.634468	1.436832
29466	-1818.84	-2102.169	283.3284	0.599796	0.280678	0.0098512	0.109674	1.103598	1.425222	2.947825	1.240805
29472	-1811.715	-2094.799	283.084	0.457539	0.384292	0.0339352	0.124234	1.299705	1.451544	2.947825	1.276607
29478	-1816.447	-2098.445	281.9977	0.636966	0.273594	0.0197817	0.0696593	1.560629	1.417253	3.189696	1.849166
29484	-1815.099	-2098.215	283.1166	0.671356	0.211162	0.00287126	0.114611	1.252095	1.379473	3.006193	1.2617
29490	-1819.995	-2102.487	282.492	0.441941	0.352106	0.205749	0.000203732	1.290291	1.545571	3.280308	1.221227
29496	-1810.684	-2093.701	283.0162	0.371046	0.396863	0.231903	0.000187858	1.189812	1.384457	2.883426	1.671892
29502	-1815.028	-2094.66	279.6313	0.556418	0.376142	0.0673234	0.000116667	1.664365	1.430375	4.197533	2.58615
29508	-1806.312	-2085.806	279.4938	0.520013	0.351531	0.128434	2.1857e-05	1.664365	1.19696	4.691336	1.875053
29514	-1799.988	-2080.469	280.4818	0.585675	0.182204	0.232096	2.46169e-05	1.43311	1.250914	4.109715	2.121982
29520	-1803.744	-2085.115	281.3715	0.635469	0.239834	0.124656	4.21623e-05	0.8655417	1.126488	4.081037	1.893523
29526	-1808.489	-2089.01	280.5203	0.635481	0.201974	0.162433	0.000111603	1.091885	1.257655	4.645173	1.291804
29532	-1811.297	-2093.386	282.089	0.613157	0.10546	0.280605	0.000778426	0.7796379	1.205993	3.491204	2.325999
29538	-1814.834	-2095.564	280.7304	0.72921	0.0670484	0.197579	0.00616178	1.476345	1.337482	3.81783	2.314796
29544	-1827.786	-2108.078	280.292	0.732269	0.0673296	0.198408	0.00199353	1.611241	1.256354	3.963992	2.536124
29550	-1812.041	-2091.602	279.5607	0.706859	0.199692	0.0873262	0.00612285	1.611241	1.238015	3.652948	4.969093
29556	-1802.473	-2082.119	279.6462	0.574844	0.340083	0.0722348	0.012838	1.254307	1.150742	4.301122	3.312558
29562	-1794.741	-2072.061	277.3199	0.691597	0.252772	0.0334979	0.0221339	2.096154	0.9963337	5.475532	2.773954
29568	-1809.75	-2089.542	279.7915	0.821645	0.127318	0.0325855	0.018452	1.464131	1.239703	3.946884	3.678302
29574	-1819.5	-2098.107	278.6073	0.759898	0.026257	0.0938726	0.119972	1.730779	1.181083	4.171343	4.987741
29580	-1824.411	-2102.186	277.7748	0.741962	0.0337687	0.138956	0.0853135	1.662135	1.26059	5.253181	2.807667
29586	-1809.114	-2088.352	279.2388	0.737173	0.0151874	0.0880797	0.15956	1.764076	1.145354	4.596659	2.41965
29592	-1810.424	-2091.588	281.1641	0.717374	0.0351006	0.0980654	0.14946	1.764076	1.104756	3.62761	2.157461
29598	-1808.461	-2091.097	282.6359	0.668057	0.0933537	0.147557	0.0910318	0.8441856	1.339677	3.448919	1.455754
29604	-1806.304	-2088.531	282.2275	0.74486	0.104086	0.0475394	0.103515	1.255234	1.343433	3.131099	2.13264
29610	-1803.354	-2084.106	280.7526	0.699166	0.0977008	0.164651	0.0384821	1.535746	1.47786	3.555493	2.674422
29616	-1817.262	-2096.818	279.5561	0.634747	0.180836	0.14948	0.0349364	1.831792	1.155781	4.393608	2.389478
29622	-1819.442	-2099.777	280.3353	0.758406	0.0197157	0.132103	0.0897756	1.651618	1.230133	3.562519	3.627365
29628	-1823.526	-2103.515	279.9892	0.659206	0.17708	0.060271	0.103443	1.635978	1.249092	4.116786	2.569127
29634	-1814.633	-2095.903	281.2698	0.662978	0.136403	0.162186	0.0384331	2.622599	1.370625	3.542514	1.144365
29640	-1807.165	-2089.648	282.4825	0.649637	0.141659	0.17145	0.0372543	1.549864	1.43865	3.189647	1.264553
29646	-1817.874	-2099.413	281.5399	0.604617	0.141585	0.190191	0.0636059	1.868461	1.210809	3.453384	1.806597
29652	-1806.648	-2086.604	279.9556	0.587556	0.267764	0.0970723	0.0476079	1.692073	1.174147	4.576933	1.557468
29658	-1801.11	-2082.426	281.3163	0.433323	0.420488	0.112484	0.0337057	0.8894475	1.122586	3.925836	2.311421
29664	-1799.344	-2080.669	281.3248	0.612812	0.227899	0.111982	0.047306	2.732026	1.321591	2.953564	2.267427
29670	-1791.788	-2073.867	282.0795	0.694352	0.062141	0.106761	0.136746	1.90526	1.379072	2.953564	1.944405
29676	-1808.039	-2089.848	281.809	0.632192	0.257146	0.0216036	0.0890581	1.329154	1.456537	3.328395	2.002667
29682	-1807.172	-2089.467	282.2941	0.562688	0.305739	0.025686	0.105887	1.018107	1.351799	3.164652	2.267802
29688	-1808.912	-2091.397	282.4859	0.564979	0.224866	0.140053	0.0701014	1.250008	1.528716	3.164652	1.505639
29694	-1804.42	-2085.9	281.4798	0.624246	0.130971	0.0963081	0.148475	1.086345	1.397602	3.832713	1.682524
29700	-1805.347	-2085.724	280.3765	0.621909	0.134225	0.0959474	0.147919	1.145989	1.301762	4.336526	2.011413
29706	-1802.789	-2083.912	281.1231	0.649813	0.152014	0.165837	0.0323364	1.204316	1.324771	3.921629	1.885471
29712	-1815.315	-2096.257	280.9418	0.659337	0.153469	0.129219	0.0579749	1.287169	1.16787	4.390261	1.223714
29718	-1824.281	-2104.437	280.156	0.600867	0.285658	0.0872791	0.0261964	0.8924734	1.060548	4.719851	2.054037
29724	-1805.689	-2087.325	281.6359	0.607954	0.222976	0.130039	0.0390308	0.9111937	1.09986	4.180838	1.34239
29730	-1798.133	-2082.063	283.9302	0.623873	0.20263	0.133444	0.0400528	1.103905	1.535134	2.275915	1.667119
29736	-1797.886	-2081.353	283.4673	0.653444	0.0480141	0.289371	0.00917136	1.103905	1.40685	2.757991	1.453773
29742	-1809.356	-2092.294	282.9379	0.515146	0.1917	0.284148	0.00900584	1.514574	1.54301	2.880352	1.250506
29748	-1809.963	-2094.066	284.1029	0.308218	0.478676	0.208245	0.00486089	1.447508	1.50318	2.516394	0.7739654
29754	-1802.569	-2087.951	285.3827	0.365916	0.484276	0.131865	0.0179432	1.037637	1.85709	1.615386	0.8765448
29760	-1801.347	-2086.333	284.9865	0.574807	0.270692	0.141273	0.0132281	0.8936666	1.829125	1.750185	1.264384
29766	-1796.217	-2079.537	283.3193	0.294738	0.529058	0.150703	0.0255006	0.9191888	1.61867	3.101411	0.9757462
29772	-1799.158	-2082.173	283.0149	0.31021	0.556832	0.0225329	0.110425	1.164944	1.454123	3.152048	1.118744
29778	-1806.883	-2089.889	283.0064	0.33101	0.588907	0.0356631	0.0444195	0.7608306	1.329913	3.324992	1.385322
29784	-1806.408	-2089.156	282.7479	0.560218	0.387137	0.0234443	0.0292006	1.38777	1.346754	3.224863	1.166742
29790	-1797.216	-2078.692	281.4764	0.54348	0.375571	0.0227438	0.0582055	1.772181	1.331338	3.709326	1.310115
29796	-1790.707	-2073.252	282.5447	0.599412	0.33047	0.0197006	0.0504175	1.825338	1.4322	3.016586	1.274705
29802	-1794.913	-2077.789	282.8764	0.472634	0.249966	0.189159	0.0882408	1.090425	1.41264	3.179512	1.338496
29808	-1801.735	-2084.874	283.1392	0.479854	0.238509	0.192048	0.0895888	1.398114	1.521367	2.784075	1.338496
29814	-1807.276	-2090.164	282.8884	0.598946	0.297703	0.0412492	0.0621021	1.340929	1.457208	2.706041	1.932726
29820	-1806.574	-2090.309	283.7344	0.746175	0.107632	0.0295535	0.116639	1.359037	1.621656	2.085088	1.873572
29826	-1811.09	-2092.378	281.2888	0.62497	0.221611	0.0916366	0.061782	1.136388	1.529264	3.735397	1.909174
29832	-1816.408	-2098.817	282.4095	0.436087	0.345982	0.208462	0.00946876	1.128727	1.466321	3.641083	0.9118984
29838	-1801.483	-2086.06	284.5771	0.376767	0.435141	0.180106	0.00798575	1.469746	1.778608	1.7851	1.119729
29844	-1802.911	-2088.164	285.2526	0.346471	0.534205	0.111553	0.00777117	1.337706	1.806004	1.354374	1.119257
29850	-1805.106	-2087.276	282.1697	0.39972	0.471697	0.121057	0.00752597	1.405294	1.446099	3.401337	1.343009
29856	-1807.643	-2089.555	281.9115	0.579661	0.241889	0.168005	0.0104447	1.453729	1.350049	2.761811	3.297379
29862	-1802.295	-2082.413	280.1187	0.650401	0.200394	0.0482668	0.100938	2.557597	1.167415	3.668739	2.653127
29868	-1800.398	-2083.159	282.7605	0.620635	0.19253	0.0259722	0.160863	1.00471	1.323276	3.047216	1.956347
29874	-1795.201	-2076.777	281.5757	0.624048	0.193588	0.0107918	0.171572	1.512828	1.573635	3.013437	2.704929
29880	-1814.218	-2094.423	280.2047	0.771253	0.09119	0.0108233	0.126734	1.98418	1.593491	3.013437	4.504479
29886	-1795.846	-2077.348	281.5028	0.584605	0.306985	0.00853563	0.0998752	1.786462	1.404307	3.175527	2.319912
29892	-1822.443	-2104.594	282.1508	0.652891	0.230979	0.00297644	0.113154	1.233023	1.113119	3.588332	1.558048
29898	-1825.789	-2107.258	281.4693	0.691903	0.185028	0.00315429	0.119915	1.568149	1.041759	3.885316	1.488729
29904	-1821.263	-2102.593	281.3307	0.620871	0.173327	0.00860568	0.197197	2.19878	1.267371	3.392128	1.820629
29910	-1813.054	-2095.771	282.7165	0.632778	0.153866	0.0123775	0.200979	1.276074	1.38092	2.957976	1.794773
29916	-1808.055	-2090.56	282.5053	0.542598	0.267082	0.0177059	0.172614	1.276074	1.47962	2.953549	1.949011
29922	-1801.291	-2082.884	281.5927	0.755233	0.132022	0.0132004	0.0995449	1.229183	1.246722	3.714279	1.815736
29928	-1815.494	-2095.98	280.4856	0.676679	0.155005	0.0312203	0.137095	2.17819	1.270275	3.830804	1.951438
29934	-1820.044	-2102.075	282.0311	0.567461	0.237895	0.0361038	0.15854	3.528588	1.435572	2.725916	1.153684
29940	-1807.497	-2090.895	283.398	0.486407	0.38698	0.0309469	0.095666	1.059283	1.435572	2.798789	1.473644
29946	-1811.769	-2093.837	282.068	0.57099	0.2016	0.0244395	0.20297	1.706739	1.413337	3.261797	1.473644
29952	-1818.77	-2099.671	280.9008	0.560284	0.175129	0.0881108	0.176476	1.093424	1.208648	4.288911	1.635362
29958	-1809.235	-2091.352	282.1172	0.594696	0.185886	0.0321036	0.187315	1.03475	1.015332	3.920756	1.270985
29964	-1823.258	-2102.427	279.1693	0.6686	0.186218	0.0329697	0.112212	1.303136	1.189778	4.607185	3.052201
29970	-1810.384	-2089.395	279.0113	0.609511	0.212256	0.104667	0.073566	3.064689	1.215502	4.344265	2.019966
29976	-1802.03	-2079.897	277.8676	0.553935	0.177122	0.183185	0.0857584	1.78338	1.036386	5.681934	1.749444
29982	-1818.045	-2100.478	282.4329	0.656245	0.208769	0.0555735	0.0794127	1.046418	1.164521	3.502395	1.550301
29988	-1809.084	-2090.996	281.9119	0.599232	0.190631	0.169064	0.0410723	1.649728	1.357699	3.631494	1.069293
29994	-1806.642	-2088.442	281.8	0.539825	0.238373	0.184947	0.0368554	1.118104	1.276307	3.889661	1.302446
30000	-1808.925	-2091.188	282.2625	0.445325	0.471827	0.033963	0.0488847	1.400734	1.390862	3.431783	1.249797
30006	-1806.62	-2087.353	280.7322	0.432637	0.458384	0.0606595	0.048319	1.801706	1.450264	4.035873	1.346649
30012	-1808.455	-2091.747	283.2924	0.462802	0.391179	0.0969228	0.0490969	0.8081745	1.290695	3.380295	0.9738667
30018	-1818.827	-2100.968	282.1406	0.496918	0.345779	0.124041	0.0332624	1.838848	1.342554	3.380295	1.136168
30024	-1804.109	-2085.168	281.0592	0.4422	0.404483	0.0720314	0.0812864	1.185176	1.350947	4.453184	0.9010063
30030	-1804.235	-2084.658	280.4225	0.716956	0.0586041	0.0612786	0.163162	1.669166	1.228577	3.838225	2.641262
30036	-1804.003	-2085.63	281.627	0.747649	0.058297	0.0482765	0.145777	1.669166	1.305186	3.008906	2.853981
30042	-1806.661	-2087.474	280.8135	0.571564	0.155499	0.161493	0.111444	1.45763	1.216482	3.76618	2.527104
30048	-1831.544	-2111.851	280.3068	0.693889	0.0762211	0.0920092	0.137881	1.683785	1.240943	3.823558	2.825999
30054	-1819.984	-2099.623	279.6396	0.632178	0.143133	0.143046	0.0816436	1.057506	1.35313	4.066539	4.081184
30060	-1807.253	-2087.637	280.3847	0.612548	0.124564	0.200886	0.0620019	2.036122	1.447795	2.881588	4.825575
30066	-1813.621	-2094.465	280.8435	0.585172	0.132508	0.225434	0.0568863	1.220104	1.118583	4.116001	2.057989
30072	-1815.156	-2094.21	279.0545	0.711306	0.0805338	0.172965	0.0351954	1.779521	1.118583	4.724368	2.376604
30078	-1814.86	-2096.878	282.0175	0.757177	0.0812975	0.0825444	0.0789816	1.146935	1.158317	3.32357	2.376604
30084	-1828.349	-2109.288	280.9388	0.644524	0.210694	0.060614	0.0841676	1.641033	1.316656	3.689964	2.165537
30090	-1815.378	-2097.549	282.1715	0.582202	0.0845567	0.11553	0.217712	2.050202	1.218248	3.065761	1.656864
30096	-1817.361	-2099.592	282.2305	0.684993	0.0602157	0.0851539	0.169638	1.994531	1.36701	2.774614	2.062298
30102	-1808.99	-2089.335	280.3449	0.693918	0.0828459	0.0513883	0.171848	1.831125	1.163465	4.013064	2.20957
30108	-1807.457	-2090.266	282.8095	0.658918	0.112328	0.0182882	0.210466	1.230217	1.264941	3.002936	1.783104
30114	-1798.448	-2080.375	281.9268	0.672371	0.17285	0.109319	0.0454605	1.39886	1.224333	3.161372	2.474799
30120	-1814.383	-2096.617	282.2342	0.598188	0.186385	0.097026	0.118401	1.67032	1.490892	2.765947	2.258198
30126	-1814.361	-2097.24	282.879	0.767584	0.133679	0.0138168	0.0849197	1.406314	1.448419	2.567947	2.180455
30132	-1825.234	-2108.88	283.6453	0.825204	0.108078	0.00509343	0.0616246	1.406314	1.567909	1.978219	2.226322
30138	-1821.698	-2102.731	281.033	0.628028	0.173261	0.00798597	0.190726	1.406314	1.247506	3.482511	2.976972
30144	-1813.672	-2095.957	282.2852	0.635173	0.122874	0.046525	0.195428	1.627889	1.49929	2.703475	2.370122
30150	-1808.794	-2088.793	279.9998	0.473691	0.368297	0.012269	0.145744	1.23908	1.138622	4.625687	1.929488
30156	-1811.281	-2092.965	281.6838	0.559624	0.251923	0.0162692	0.172184	1.339099	1.29737	3.435959	2.127261
30162	-1812.84	-2091.541	278.7014	0.618396	0.25203	0.0312658	0.0983082	1.541084	1.011758	5.212474	2.065076
30168	-1828.265	-2109.418	281.1529	0.56259	0.237071	0.0937531	0.106586	0.9197404	1.212034	4.162886	1.808433
30174	-1830.532	-2113.023	282.4907	0.459567	0.471676	0.0264666	0.0422904	1.319095	1.389993	2.872827	2.218889
30180	-1827.581	-2110.475	282.8941	0.542716	0.397532	0.00225891	0.0574932	1.345488	1.463673	2.972757	1.380882
30186	-1834.526	-2117.648	283.122	0.558954	0.409426	0.00985065	0.0217691	2.145361	1.448489	2.336176	1.581241
30192	-1818.574	-2101.011	282.4372	0.564963	0.35912	0.0315569	0.0443604	0.904655	1.411265	2.842878	2.957185
30198	-1803.144	-2086.889	283.7446	0.724716	0.147001	0.063197	0.0650855	1.77446	1.613592	1.886766	1.800576
30204	-1822.812	-2104.822	282.0099	0.608434	0.314547	0.0530569	0.0239621	2.444108	1.609365	2.645912	1.888062
30210	-1806.073	-2088.805	282.7323	0.654089	0.293788	0.0423458	0.00977722	2.144685	1.599819	2.341815	1.865284
30216	-1808.401	-2090.242	281.8411	0.371687	0.474366	0.0330779	0.120869	1.259956	1.340376	3.648097	1.504732
30222	-1809.697	-2093.142	283.4448	0.480046	0.352036	0.0521349	0.115783	1.259956	1.350298	2.565827	1.743761
30228	-1808.909	-2090.931	282.0212	0.696471	0.110537	0.0685204	0.124472	1.73488	1.386111	3.262694	1.531255
30234	-1808.783	-2090.173	281.3906	0.687219	0.160979	0.0858816	0.0659209	1.734353	1.133872	3.528732	2.072988
30240	-1818.009	-2099.906	281.8963	0.718484	0.168303	0.0913388	0.0218739	1.475702	1.355309	3.370009	1.761393
30246	-1811.008	-2094.117	283.1082	0.658935	0.156366	0.151048	0.0336502	1.451416	1.355309	2.851225	1.38252
30252	-1817.028	-2097.803	280.7752	0.728323	0.0675294	0.166954	0.0371937	2.216722	1.340875	3.148489	3.127522
30258	-1806.215	-2088.459	282.2445	0.700761	0.0649739	0.198479	0.0357861	1.550577	1.409919	3.148489	1.648274
30264	-1803.763	-2084.639	280.8762	0.608908	0.196058	0.16524	0.0297931	1.110689	1.055866	4.557048	1.275229
30270	-1803.948	-2082.676	278.728	0.767995	0.0368445	0.182043	0.0131179	2.379332	0.9097114	4.902032	2.059798
30276	-1802.263	-2082.689	280.4261	0.509037	0.138712	0.302865	0.0493859	1.246765	1.132409	4.617207	1.427265
30282	-1816.082	-2096.234	280.1514	0.462701	0.217112	0.275296	0.0448904	1.615193	1.033099	4.556054	1.612028
30288	-1800.799	-2080.985	280.1863	0.576641	0.174445	0.192969	0.0559448	1.615193	1.072367	4.556054	1.524317
30294	-1814.72	-2094.079	279.3596	0.578617	0.15588	0.115407	0.150095	2.820828	1.038691	4.674774	1.281923
30300	-1817.19	-2099.529	282.3387	0.693027	0.0564203	0.0609618	0.18959	1.970561	1.145316	3.085167	1.576414
30306	-1826.598	-2107.37	280.7723	0.718126	0.0534821	0.0258407	0.202551	2.848302	1.246198	3.417275	1.957473
30312	-1828.572	-2109.683	281.1109	0.807149	0.0529482	0.0551831	0.0847201	1.819955	1.246198	3.72267	1.766495
30318	-1812.815	-2095.507	282.6923	0.703293	0.112826	0.110062	0.0738192	0.9703429	1.429587	2.612483	3.017268
30324	-1809.999	-2093.203	283.2039	0.652819	0.060314	0.102164	0.184704	1.197039	1.269982	2.678119	1.998884
30330	-1805.308	-2088.669	283.3605	0.766891	0.141886	0.048953	0.0422697	0.9172404	1.41017	2.664878	1.998884
30336	-1798.791	-2082.242	283.4506	0.49315	0.225965	0.254176	0.0267091	0.9172404	1.452235	2.827787	1.503133
30342	-1791.267	-2074.778	283.5104	0.674696	0.120897	0.0964528	0.107954	0.9222543	1.478997	2.507549	2.038938
30348	-1800.84	-2082.908	282.0673	0.719924	0.107597	0.0858415	0.0866382	1.634651	1.46832	2.963262	2.109333
30354	-1804.337	-2085.484	281.1477	0.751711	0.0804614	0.0773638	0.0904636	2.172273	1.498584	3.180144	2.26462
30360	-1790.788	-2072.368	281.5794	0.647422	0.127347	0.103825	0.121405	1.506664	1.352357	3.686456	1.462107
30366	-1813.537	-2094.937	281.3995	0.717997	0.0545345	0.115143	0.112325	1.361237	1.343977	3.575919	2.096727
30372	-1812.101	-2092.975	280.8736	0.791647	0.0638473	0.0212889	0.123217	1.759215	1.295519	3.660561	2.222754
30378	-1827.959	-2109.872	281.9126	0.861746	0.0335544	0.049498	0.0552019	1.514369	1.399461	3.17541	2.068385
30384	-1806.929	-2089.469	282.5404	0.530211	0.17749	0.167218	0.125082	0.8748905	1.297189	3.36491	1.75386
30390	-1801.018	-2081.643	280.6245	0.610341	0.235616	0.0100569	0.143986	1.41589	1.108007	4.287753	1.732691
30396	-1798.797	-2079.962	281.165	0.60373	0.245754	0.00314998	0.147366	1.11478	1.151828	4.08969	1.786561
30402	-1809.118	-2090.011	280.8927	0.581919	0.343827	0.0113057	0.0629487	1.251012	1.048326	4.544043	1.148618
30408	-1811.648	-2094.149	282.5008	0.628901	0.233872	0.0022767	0.134951	1.464425	1.306424	3.052272	1.749805
30414	-1811.08	-2093.673	282.593	0.59552	0.343008	0.00323769	0.0582344	1.256919	1.295389	2.971192	2.062118
30420	-1823.982	-2106.837	282.8555	0.42483	0.435135	0.0252545	0.114781	1.429988	1.451287	2.971192	1.356659
30426	-1799.83	-2083.476	283.6454	0.533322	0.350612	0.0209318	0.095134	1.268288	1.561912	2.141393	2.065783
30432	-1810.449	-2092.114	281.6648	0.452132	0.442316	0.0264066	0.079145	2.43724	1.470697	3.216365	1.340981
30438	-1823.75	-2104.901	281.1507	0.55294	0.192568	0.177548	0.0769445	2.695912	1.579048	3.355609	1.340981
30444	-1815.98	-2099.78	283.8003	0.393879	0.337484	0.0820136	0.186623	1.341148	1.560916	2.231768	1.607434
30450	-1812.303	-2097.035	284.7322	0.287655	0.489912	0.049703	0.17273	0.8794497	1.596863	2.231768	1.035757
30456	-1809.058	-2085.638	276.5802	0.516446	0.370521	0.0375905	0.0754421	0.9637168	1.517665	6.569627	1.641664
30462	-1810.956	-2092.772	281.8164	0.598293	0.256481	0.0458621	0.0993634	2.174474	1.607047	2.947236	1.74678
30468	-1818.504	-2100.764	282.26	0.598293	0.256481	0.0458621	0.0993634	2.272176	1.495516	2.99408	1.196622
30474	-1823.451	-2104.294	280.8437	0.554337	0.276839	0.0411118	0.127712	1.393027	1.385485	3.396559	3.338792
30480	-1823.96	-2106.293	282.3336	0.726429	0.181397	0.0224459	0.0697275	1.586734	1.453301	2.599763	2.672487
30486	-1816.262	-2097.046	280.7835	0.537313	0.227735	0.0281798	0.206772	1.999399	1.433394	3.436685	2.440237
30492	-1817.182	-2097.41	280.2277	0.584356	0.2737	0.0170881	0.124856	1.999399	1.149019	4.437471	1.286172
30498	-1829.267	-2110.224	280.9565	0.536572	0.305289	0.0188726	0.139267	1.407994	1.188605	3.977818	1.909407
30504	-1811.193	-2093.195	282.002	0.695224	0.15349	0.0619898	0.0892963	1.777638	1.308901	3.310255	1.50969
30510	-1797.395	-2076.342	278.9476	0.739109	0.163179	0.0659029	0.0318089	3.324283	1.45507	3.608798	3.538177
30516	-1811.596	-2090.928	279.3321	0.764601	0.134317	0.0681758	0.032906	3.324283	1.295325	3.839053	2.497265
30522	-1806.648	-2087.292	280.6443	0.812125	0.111785	0.0410896	0.0350006	1.4076	1.173671	3.854629	2.684563
30528	-1815.055	-2095.908	280.8526	0.494896	0.274557	0.0889105	0.141637	0.9586606	1.244628	4.127128	2.195783
30534	-1814.422	-2096.966	282.544	0.55862	0.286558	0.0461557	0.108666	1.454364	1.295821	2.822747	2.222811
30540	-1798.969	-2080.3	281.331	0.66953	0.14491	0.0553195	0.130241	1.454364	1.203409	3.64735	2.10142
30546	-1811.002	-2092.865	281.863	0.741467	0.0145779	0.0997208	0.144234	2.198054	1.356659	2.687178	2.598215
30552	-1808.485	-2088.685	280.2003	0.723767	0.0164064	0.0975007	0.162326	1.677425	1.089924	4.056957	2.598215
30558	-1794.84	-2075.277	280.4369	0.761799	0.016383	0.154377	0.067441	1.495764	1.066668	4.056957	2.506173
30564	-1811.944	-2092.043	280.099	0.657445	0.0122142	0.220781	0.10956	1.996923	1.203056	3.861918	2.719948
30570	-1806.096	-2085.464	279.3681	0.745266	0.0549398	0.141848	0.0579455	1.458576	1.0649	4.784578	2.233003
30576	-1808.657	-2090.742	282.0848	0.701584	0.0735142	0.147365	0.0775361	1.201725	1.394386	3.38674	1.751414
30582	-1801.217	-2083.415	282.1983	0.712608	0.0479268	0.149681	0.0897841	2.008295	1.389253	2.919601	1.751414
30588	-1808.695	-2089.934	281.2386	0.85727	0.0385133	0.0208112	0.0834058	1.591407	1.442744	3.387106	2.35822
30594	-1826.353	-2109.503	283.1505	0.62355	0.284216	0.016973	0.0752603	1.450035	1.500571	2.861339	1.162571
30600	-1818.717	-2098.327	279.6103	0.663038	0.212155	0.0126696	0.112137	2.337879	1.185281	4.526469	1.487032
30606	-1810.932	-2092.29	281.3582	0.555286	0.30194	0.0124745	0.1303	2.036492	1.414281	3.344705	1.852105
30612	-1801.871	-2084.268	282.3975	0.666432	0.157252	0.0502027	0.126113	2.019992	1.199504	3.032712	1.503188
30618	-1794.97	-2078.688	283.7175	0.631136	0.177803	0.0219875	0.169073	1.135751	1.684825	2.13528	1.98448
30624	-1800.903	-2083.362	282.4596	0.658492	0.148838	0.0162682	0.176401	1.738135	1.472652	2.727516	1.98448
30630	-1799.614	-2081.114	281.4998	0.595241	0.285588	0.0348723	0.0842993	1.766525	1.216308	3.571399	1.697666
30636	-1801.336	-2082.991	281.6545	0.700423	0.196024	0.043046	0.0605078	1.385546	1.433789	3.222423	2.432672
30642	-1802.214	-2083.368	281.1544	0.675882	0.0812461	0.0415378	0.201334	1.454825	1.407718	3.33061	2.86994
30648	-1803.358	-2085.557	282.199	0.733181	0.0951517	0.0738443	0.0978231	1.822391	1.375508	2.720167	2.407478
30654	-1801.955	-2083.109	281.1536	0.756721	0.0908187	0.0514966	0.100964	2.24454	1.448675	2.891481	2.997217
30660	-1808.962	-2088.875	279.9133	0.50474	0.316458	0.0637508	0.11505	1.20634	1.2552	4.532742	2.15309
30666	-1821.246	-2101.311	280.0652	0.605324	0.16646	0.0764549	0.151761	2.086627	1.256268	4.32631	1.496544
30672	-1825.511	-2106.527	281.0165	0.695295	0.0789605	0.0756269	0.150118	1.672252	1.215641	3.85491	1.784174
30678	-1828.746	-2109.992	281.2462	0.588859	0.156483	0.106038	0.14862	1.43152	1.300895	3.85491	1.648059
30684	-1814.947	-2097.404	282.4562	0.409021	0.431846	0.0992931	0.0598399	1.341277	1.410779	3.260634	1.39352
30690	-1813.256	-2095.88	282.6247	0.46668	0.401965	0.0937939	0.0375609	1.551814	1.422516	3.046673	1.388342
30696	-1827.745	-2110.011	282.2651	0.515706	0.3206	0.0869905	0.0767041	0.8858273	1.285914	3.761365	1.281056
30702	-1821.962	-2103.089	281.1266	0.520175	0.323378	0.0877443	0.0687029	1.532118	1.243	3.473943	2.680349
30708	-1811.312	-2092.201	280.8894	0.616063	0.112723	0.200327	0.0708872	2.481951	1.345452	3.61115	1.565964
30714	-1810.981	-2093.103	282.122	0.687397	0.0637082	0.183841	0.0650536	1.340403	1.339699	2.924689	2.684924
30720	-1811.63	-2095.033	283.4029	0.645375	0.134278	0.124841	0.0955057	1.459067	1.644098	2.076268	2.187118
30726	-1816.177	-2099.177	283.0003	0.716562	0.0487492	0.132966	0.101722	1.493136	1.597526	2.120795	2.708705
30732	-1820.715	-2103.707	282.9919	0.51375	0.287974	0.0925965	0.105679	1.23875	1.597526	2.599361	1.963106
30738	-1817.69	-2100.799	283.1085	0.582708	0.246193	0.0677099	0.103389	1.180145	1.364143	2.669641	2.040345
30744	-1827.457	-2106.961	279.504	0.795144	0.0435929	0.122336	0.0389273	1.181116	0.9383276	4.752658	2.679406
30750	-1830.141	-2108.737	278.5967	0.715475	0.0802212	0.0991548	0.105149	1.12471	0.9868064	5.15312	2.990647
30756	-1814.946	-2094.111	279.1649	0.653223	0.126491	0.0663975	0.153888	1.230534	1.006349	5.15312	1.96658
30762	-1805.395	-2084.254	278.8586	0.592371	0.114708	0.183948	0.108973	1.699809	1.089297	5.0076	2.068729
30768	-1806.672	-2089.271	282.5986	0.595729	0.242362	0.0564202	0.105489	1.699809	1.392261	2.933577	1.527511
30774	-1808.487	-2091.038	282.551	0.561994	0.186579	0.0876142	0.163813	1.525228	1.483815	2.644276	2.272863
30780	-1803.43	-2084.127	280.6969	0.570027	0.111778	0.122476	0.195718	2.319438	1.278938	3.375115	2.614335
30786	-1813.295	-2094.726	281.4309	0.639427	0.158687	0.0777081	0.124178	1.147941	1.26779	3.423953	2.846127
30792	-1824.127	-2106.201	282.0746	0.561633	0.214067	0.115229	0.109071	0.9692857	1.344048	3.6356	1.581761
30798	-1817.575	-2099.042	281.4664	0.558857	0.347199	0.0170986	0.0768456	1.515195	1.371749	3.47153	2.028088
30804	-1801.686	-2084.469	282.7827	0.358783	0.456773	0.087743	0.0967004	0.8378286	1.347146	3.35969	1.460963
30810	-1816.471	-2099.72	283.2483	0.737804	0.082891	0.129471	0.0498332	1.740419	1.514655	2.193307	2.008326
30816	-1823.875	-2104.083	280.208	0.706287	0.179214	0.0095221	0.104977	1.834238	1.146325	4.29826	1.746685
30822	-1811.813	-2092.35	280.5361	0.6776	0.201581	0.0276161	0.0932025	0.9605657	1.207453	4.192608	2.540282
30828	-1818.202	-2098.217	280.0147	0.754916	0.160925	0.039822	0.044337	1.323126	1.143303	4.383909	2.390489
30834	-1828.385	-2108.092	279.7066	0.62293	0.0783596	0.122406	0.176304	1.461149	1.195611	4.178934	3.179804
30840	-1808.363	-2087.539	279.1756	0.601141	0.18262	0.158257	0.0579824	1.241538	1.185825	4.891501	2.341034
30846	-1813.898	-2094.575	280.6773	0.751735	0.142306	0.0721108	0.0338479	1.215109	1.165775	4.071282	2.341034
30852	-1812.347	-2091.606	279.2585	0.768086	0.132934	0.0673616	0.0316186	1.656515	1.285814	3.906075	4.475037
30858	-1807.794	-2086.963	279.1694	0.622311	0.214009	0.152	0.0116809	1.755474	1.211671	4.175108	3.690281
30864	-1809.015	-2089.071	280.0563	0.654121	0.213409	0.0691789	0.0632905	1.8149	1.213159	4.107194	2.332914
30870	-1824.366	-2106.901	282.5356	0.606052	0.235611	0.106732	0.0516051	1.32303	1.550234	2.6573	2.427032
30876	-1808.269	-2091.384	283.1154	0.520579	0.232994	0.114927	0.1315	1.274154	1.40784	2.595925	2.014689
30882	-1823.171	-2102.428	279.2569	0.506728	0.369874	0.121534	0.00186419	2.100698	1.107384	4.232342	3.065607
30888	-1818.686	-2098.627	279.941	0.601016	0.201707	0.196953	0.000323597	1.641028	1.06107	4.232342	2.613031
30894	-1806.661	-2091.033	284.3728	0.561995	0.352492	0.0180242	0.0674895	0.1831076	1.478627	2.326895	2.038275
30900	-1813.532	-2096.805	283.2731	0.605781	0.146563	0.242656	0.00499985	1.023683	1.466802	2.64726	1.935602
30906	-1817.114	-2099.048	281.9338	0.627827	0.137189	0.227136	0.00784783	1.174767	1.496554	2.833174	3.241608
30912	-1808.12	-2092.35	284.2303	0.337008	0.54566	0.040434	0.0768987	0.1947262	1.437874	2.934741	1.110003
30918	-1798.074	-2083.099	285.025	0.305895	0.632682	0.0076277	0.0537953	0.4260831	1.555245	2.265241	1.205272
30924	-1799.848	-2084.168	284.32	0.381628	0.563551	0.00617974	0.0486413	0.2671251	1.64626	2.263008	2.065708
30930	-1816.425	-2098.921	282.4964	0.348009	0.599797	0.00783815	0.0443563	1.950859	1.677688	2.380058	2.188966
30936	-1803.62	-2086.478	282.8578	0.39152	0.518731	0.0215239	0.0682251	1.36242	1.764749	2.240267	2.563706
30942	-1801.183	-2085.088	283.9042	0.711043	0.136758	0.0282944	0.123904	1.233685	1.763374	1.755582	2.266827
30948	-1818.69	-2101.665	282.9744	0.632656	0.317375	0.0154174	0.0345522	1.393665	1.763374	1.755582	3.543633
30954	-1820.139	-2104.034	283.8949	0.57299	0.287443	0.0139634	0.125603	1.254083	1.851503	1.548355	2.547788
30960	-1821.277	-2102.405	281.1278	0.686724	0.144705	0.0174839	0.151087	1.795777	1.295576	3.532484	2.135171
30966	-1847.78	-2128.976	281.1961	0.544247	0.216336	0.025481	0.213936	1.322811	1.238869	3.208909	3.661237
30972	-1818.97	-2100.161	281.1909	0.478694	0.341504	0.0752195	0.104582	1.837025	1.368385	3.152706	2.849547
30978	-1817.679	-2098.95	281.2713	0.612754	0.286179	0.00693694	0.0941303	1.497942	1.398788	3.243689	2.873236
30984	-1819.277	-2102.109	282.8319	0.628277	0.278327	0.0202984	0.0730971	1.371588	1.572687	2.702706	1.82797
30990	-1800.01	-2081.149	281.1387	0.806492	0.111293	0.0260562	0.0561582	1.82517	1.449213	3.068597	3.050936
30996	-1815.217	-2095.875	280.6581	0.450581	0.307137	0.0873018	0.15498	1.244269	1.500589	3.7644	2.629157
31002	-1807.505	-2089.488	281.9829	0.433008	0.368302	0.136838	0.061852	1.666707	1.408378	3.317933	1.505511
31008	-1817.572	-2099.765	282.193	0.423174	0.359938	0.12118	0.095708	1.101548	1.478484	3.456761	1.492049
31014	-1803.483	-2085.442	281.9589	0.633588	0.189126	0.168063	0.00922294	1.101548	1.433561	3.456761	1.830701
31020	-1835.334	-2117.902	282.5683	0.601871	0.22387	0.00783925	0.16642	1.076669	1.561266	3.040345	1.82012
31026	-1806.195	-2088.504	282.3099	0.691669	0.167145	0.00232818	0.138858	1.226402	1.40158	3.238122	1.747506
31032	-1803.769	-2085.133	281.364	0.814699	0.0357649	0.0307895	0.118747	1.361831	1.404067	3.238122	2.924475
31038	-1803.021	-2084.043	281.0221	0.83343	0.018936	0.0190462	0.128588	1.90164	1.486491	3.238122	2.622363
31044	-1802.901	-2085.416	282.5146	0.783198	0.0787617	0.0172022	0.120838	1.363675	1.336475	2.727507	2.552546
31050	-1812.899	-2092.151	279.2519	0.689808	0.213491	0.0512038	0.0454972	1.638092	1.251133	4.493025	2.674955
31056	-1809.408	-2090.431	281.0225	0.68531	0.104783	0.118288	0.0916188	1.033466	1.173136	3.842789	2.674955
31062	-1809.166	-2089.454	280.2887	0.780449	0.088164	0.0161275	0.115259	1.598201	1.17109	3.842789	3.032499
31068	-1808.904	-2089.789	280.8848	0.780382	0.0198639	0.0723787	0.127375	2.212299	1.417913	2.80698	3.829683
31074	-1803.273	-2084.086	280.8127	0.771622	0.0244964	0.140497	0.0633841	2.457804	1.346109	3.159126	2.752517
31080	-1797.864	-2079.849	281.9851	0.729885	0.0659706	0.132897	0.0712471	1.095225	1.272071	3.159126	2.752517
31086	-1825.26	-2104.857	279.5965	0.557954	0.206217	0.201702	0.0341267	1.913347	1.14552	3.975156	3.441663
31092	-1806.022	-2085.506	279.4844	0.605204	0.214969	0.14281	0.0370167	1.258403	1.063127	4.56988	2.917762
31098	-1806.905	-2088.419	281.5141	0.569951	0.240772	0.159951	0.0293256	1.14341	1.190451	3.428213	2.831871
31104	-1806.515	-2088.778	282.2628	0.54044	0.257818	0.171275	0.0304669	1.342475	1.314574	3.205881	1.850683
31110	-1809.224	-2090.109	280.885	0.683159	0.233252	0.060527	0.023062	2.111556	1.47989	3.400581	2.196353
31116	-1810.923	-2091.728	280.8049	0.571731	0.306874	0.0986795	0.0227146	1.361263	1.286234	4.049249	1.87144
31122	-1829.177	-2109.751	280.5738	0.576557	0.24095	0.130529	0.0519643	2.024254	1.249075	4.035896	1.562119
31128	-1831.322	-2111.245	279.9224	0.776892	0.0602131	0.0928747	0.0700202	2.574512	1.322033	3.658694	2.7282
31134	-1812.057	-2089.552	277.4954	0.445729	0.419166	0.0718249	0.0632806	1.143505	0.9282529	6.064297	2.198365
31140	-1810.258	-2090.761	280.5031	0.445729	0.419166	0.0718249	0.0632806	1.765662	1.411403	3.81455	2.198365
31146	-1803.851	-2085.479	281.6279	0.694868	0.15576	0.125906	0.0234658	1.597477	1.440777	3.067306	2.579019
31152	-1816.611	-2095.323	278.7121	0.700955	0.157124	0.0829642	0.0589563	1.990995	1.394296	4.289282	3.486019
31158	-1818.7	-2099.173	280.4727	0.549881	0.175935	0.0650833	0.209101	1.375904	1.132245	4.382513	1.727138
31164	-1812.355	-2091.759	279.404	0.704087	0.0969866	0.132855	0.0660713	1.736303	1.255613	4.444366	2.445792
31170	-1813.623	-2092.337	278.7136	0.67636	0.0487029	0.113575	0.161363	1.275245	1.060283	4.600241	4.218486
31176	-1807.216	-2087.523	280.3072	0.774531	0.060746	0.0249735	0.13975	1.68755	1.117767	3.884965	2.846805
31182	-1802.778	-2081.215	278.4365	0.395646	0.445347	0.0054968	0.15351	1.788953	1.03376	5.601718	1.257498
31188	-1812.266	-2092.268	280.0027	0.352024	0.51043	0.00475489	0.132791	1.134192	1.116963	5.141767	1.005482
31194	-1803.709	-2084.708	280.9992	0.547895	0.313819	0.0410255	0.0972608	1.735981	1.129192	4.152146	1.240214
31200	-1814.466	-2095.797	281.3313	0.617066	0.170597	0.0638353	0.148502	2.944835	1.284346	3.104136	1.795213
31206	-1800.614	-2081.137	280.5232	0.629871	0.054455	0.185494	0.13018	1.731803	1.383588	3.484339	3.13796
31212	-1799.743	-2082.898	283.1552	0.575561	0.274006	0.0894044	0.0610278	1.322017	1.521614	2.735958	1.486418
31218	-1807.038	-2090.361	283.323	0.434967	0.385082	0.0955566	0.0843945	1.38462	1.415169	2.638785	1.53348
31224	-1813.736	-2095.951	282.215	0.477311	0.35527	0.0854977	0.0819216	1.585606	1.504793	2.855038	2.158941
31230	-1821.315	-2102.371	281.0562	0.464484	0.350611	0.142793	0.0421115	2.285376	1.366585	3.18388	2.464119
31236	-1799.523	-2082.034	282.5101	0.544753	0.344274	0.0615842	0.0493889	1.478182	1.322354	3.18388	1.442102
31242	-1811.945	-2093.445	281.5001	0.485473	0.447666	0.0381348	0.0287259	2.068042	1.356382	3.595211	1.224881
31248	-1800.425	-2083.089	282.6642	0.397867	0.366882	0.189567	0.045685	1.041489	1.288904	3.467094	1.224881
31254	-1807.224	-2087.834	280.6094	0.720199	0.182056	0.0600668	0.0376779	1.312971	1.288904	3.467094	3.86607
31260	-1821.804	-2102.061	280.2572	0.901926	0.0582945	0.0206002	0.0191796	2.685721	1.334637	3.048069	3.814023
31266	-1820.003	-2098.822	278.8191	0.815869	0.161768	0.00735243	0.0150103	2.258358	1.262273	3.696862	5.311921
31272	-1814.617	-2094.978	280.3615	0.642114	0.310683	0.00578659	0.0414164	1.487866	1.380682	3.774134	2.917595
31278	-1820.352	-2100.622	280.2702	0.42816	0.496418	0.00924596	0.0661763	1.481726	1.258727	4.499297	1.459829
31284	-1836.307	-2117.851	281.5438	0.288172	0.518965	0.0658781	0.126985	0.1668595	1.176439	4.608766	1.124382
31290	-1803.056	-2084.815	281.7589	0.421296	0.439453	0.0749333	0.0643183	0.1808714	1.138801	4.407062	1.341469
31296	-1802.578	-2082.526	279.9478	0.444383	0.463535	0.0521184	0.0399632	0.1656506	1.171559	5.49462	1.12731
31302	-1803.765	-2086.036	282.2717	0.435807	0.396065	0.016851	0.151278	1.384059	1.486571	3.290262	1.416209
31308	-1818.387	-2101.263	282.8758	0.420379	0.4582	0.0121697	0.109252	0.7503126	1.342823	3.506193	1.188886
31314	-1831.329	-2108.094	276.7647	0.814913	0.046634	0.013445	0.125008	0.1707022	0.9270951	6.126049	4.68254
31320	-1811.934	-2091.368	279.434	0.428123	0.414966	0.1277	0.0292111	1.54185	1.10096	4.963352	1.590956
31326	-1803.307	-2080.842	277.5348	0.584241	0.182753	0.193143	0.0398632	2.024194	1.146799	5.75258	1.63661
31332	-1813.339	-2094.767	281.4273	0.637252	0.103781	0.205665	0.0533014	1.229006	1.166104	3.741649	2.076581
31338	-1809.384	-2089.079	279.6951	0.715072	0.225661	0.039846	0.0194208	1.401087	1.103992	4.32595	3.003787
31344	-1807.95	-2086.708	278.7575	0.780856	0.124467	0.0644383	0.0302383	1.803854	1.031819	4.283939	4.416536
31350	-1799.633	-2080.275	280.6423	0.444413	0.492877	0.0366742	0.0260355	0.9716774	1.198522	4.111309	2.592909
31356	-1794.378	-2076.542	282.164	0.587647	0.334959	0.0551028	0.0222903	1.017001	1.258275	3.183808	2.550888
31362	-1823.664	-2107.083	283.4182	0.297543	0.580191	0.00148274	0.120784	0.2244775	1.201793	3.254179	1.70898
31368	-1823.286	-2105.426	282.14	0.365129	0.525097	0.00045892	0.109314	0.1954826	1.432007	4.018059	1.372252
31374	-1822.46	-2105.883	283.4236	0.375664	0.529989	0.000213484	0.0941333	0.2479173	1.499668	3.384501	1.122021
31380	-1814.127	-2097.536	283.4093	0.372909	0.526101	0.000211918	0.100778	0.3429281	1.424165	3.546236	0.899491
31386	-1788.633	-2072.823	284.1907	0.252418	0.660701	0.000182311	0.0866984	0.2636193	1.666987	2.85414	1.07583
31392	-1793.79	-2077.801	284.0111	0.252448	0.660779	6.4654e-05	0.0867086	0.1880685	1.666987	2.643828	1.622628
31398	-1790.375	-2074.192	283.8174	0.45322	0.456063	4.92406e-05	0.0906679	0.1981634	1.592516	3.027071	1.222992
31404	-1809.603	-2094.769	285.1659	0.593641	0.287193	0.000406362	0.11876	0.1482492	1.660743	1.986195	1.401669
31410	-1819.061	-2103.725	284.6644	0.404282	0.468628	0.000953851	0.126136	0.1489792	1.978874	2.234554	1.190386
31416	-1805.711	-2091.111	285.4	0.314104	0.4666	0.000741087	0.218555	0.174217	1.924496	1.978997	0.944658
31422	-1801.761	-2086.044	284.2827	0.42294	0.41771	0.000538503	0.158811	0.179128	1.710807	2.425613	1.65128
31428	-1796.332	-2081.271	284.9391	0.42294	0.41771	0.000538503	0.158811	0.179128	1.85025	2.243169	1.084441
31434	-1802.147	-2086.231	284.0838	0.516658	0.380353	0.000657828	0.102332	0.179128	1.679868	2.853557	1.131541
31440	-1804.02	-2086.148	282.1275	0.507114	0.368946	0.00309475	0.120845	0.1712706	1.495587	3.749881	1.832293
31446	-1813.088	-2095.644	282.5554	0.507114	0.368946	0.00309475	0.120845	0.2096941	1.354009	4.000725	1.057096
31452	-1810.265	-2093.075	282.8095	0.426327	0.470577	0.00150326	0.101594	0.2553566	1.357684	3.765417	1.228148
31458	-1804.495	-2085.699	281.2041	0.47358	0.419644	0.00690435	0.0998723	0.1622852	1.336499	4.605409	1.313104
31464	-1789.745	-2071.544	281.7994	0.602084	0.21363	0.00877782	0.175509	0.1622852	1.292429	4.013111	1.905027
31470	-1806.618	-2090.245	283.6268	0.542728	0.336504	0.0129428	0.107826	0.1622852	1.410412	3.145194	1.360024
31476	-1804.669	-2086.998	282.3297	0.601357	0.266648	0.0445924	0.0874028	0.2015072	1.455063	3.965234	1.246071
31482	-1803.59	-2086.206	282.6158	0.4191	0.472611	0.0473766	0.060913	0.1836299	1.337188	3.965234	1.05165
31488	-1806.988	-2089.985	282.9967	0.389841	0.477774	0.00634728	0.126038	0.1836299	1.193327	3.842653	1.028146
31494	-1809.407	-2092.901	283.4937	0.33014	0.404607	0.136885	0.128368	0.1836299	1.315909	3.379776	1.212125
31500	-1812.382	-2095.352	282.9697	0.519903	0.340637	0.0746601	0.0647997	0.2137825	1.428725	3.379776	1.713175
31506	-1807.379	-2090.3	282.9207	0.537181	0.347319	0.0618333	0.053667	0.1430499	1.421484	3.383046	1.645806
31512	-1816.305	-2099.692	283.3868	0.517103	0.362386	0.0645158	0.0559951	0.1428476	1.289962	3.264774	1.487138
31518	-1796.744	-2079.719	282.9754	0.592628	0.292132	0.0251892	0.090051	0.1589785	1.165487	3.479307	1.73887
31524	-1820.731	-2101.489	280.7584	0.490317	0.22211	0.278846	0.00872698	1.240288	1.307099	4.298154	1.502489
31530	-1821.868	-2103.233	281.3652	0.59695	0.223652	0.0541239	0.125274	0.1612159	1.398932	4.412214	1.444999
31536	-1800.42	-2082.995	282.5755	0.472631	0.321353	0.0888768	0.11714	0.1612159	1.238829	4.009345	1.077776
31542	-1816.695	-2097.172	280.4773	0.522257	0.272585	0.0885063	0.116651	0.1173493	1.180698	4.994732	1.361782
31548	-1825.524	-2107.625	282.1009	0.628336	0.134921	0.0790359	0.157707	0.1173493	1.455873	3.494644	2.304881
31554	-1802.357	-2084.724	282.3674	0.587279	0.163748	0.0575709	0.191402	0.1693509	1.347691	3.713608	1.791335
31560	-1820.443	-2103.097	282.6538	0.592555	0.145513	0.0918438	0.170088	0.1693509	1.40881	3.251531	2.395043
31566	-1813.027	-2096.173	283.1454	0.664692	0.14144	0.0149701	0.178898	0.1693509	1.541556	2.863517	2.431335
31572	-1802.737	-2086.776	284.0394	0.567316	0.212291	0.013646	0.206747	0.1735588	1.68471	2.397574	2.041727
31578	-1816.48	-2100.361	283.8801	0.519197	0.170626	0.103395	0.206782	0.1735588	1.395679	2.714444	1.960078
31584	-1819.932	-2100.017	280.0856	0.627827	0.0650483	0.180382	0.126743	1.704412	1.053409	4.034846	2.863489
31590	-1822.808	-2100.517	277.7091	0.621252	0.0628403	0.185541	0.130368	1.707721	1.07346	4.724696	5.086109
31596	-1805.707	-2085.406	279.6986	0.644762	0.0589395	0.174023	0.122275	1.687925	1.305732	3.996456	3.226261
