Iteration	Posterior	Likelihood	Prior	matrix_probs[1]	matrix_probs[2]	matrix_probs[3]	matrix_probs[4]	neo_beta	rate_log_sd	tree_length	two_beta
0	-1806.77	-2089.762	282.9927	0.562939	0.192711	0.208188	0.0361622	1.101561	1.306348	3.157409	1.356641
6	-1805.484	-2087.952	282.4682	0.571141	0.195518	0.213908	0.0194324	1.101561	1.326879	3.333545	1.593663
12	-1796.701	-2079.069	282.3676	0.404253	0.37624	0.184562	0.0349447	1.58135	1.415361	3.141043	1.480394
18	-1800.556	-2082.721	282.1647	0.498501	0.230816	0.227591	0.0430918	1.054573	1.238009	3.645812	1.480394
24	-1788.463	-2069.956	281.4935	0.597284	0.232006	0.0705052	0.100204	1.025215	1.283791	4.042099	1.440376
30	-1802.011	-2082.057	280.0466	0.588621	0.185816	0.145308	0.0802545	1.614365	1.13562	4.680573	1.359142
36	-1789.665	-2069.705	280.0396	0.534249	0.32663	0.0662805	0.0728411	1.489066	1.101913	4.762897	1.359142
42	-1788.488	-2069.503	281.0148	0.571386	0.322312	0.0426397	0.0636622	1.335972	1.266028	4.122184	1.510507
48	-1809.76	-2088.064	278.3046	0.486894	0.389171	0.0590427	0.0648923	1.022883	1.127425	5.762849	1.750927
54	-1816.237	-2096.085	279.8474	0.511776	0.325368	0.0836405	0.0792158	1.640389	1.282442	4.611728	1.53449
60	-1796.522	-2076.433	279.9105	0.582228	0.286285	0.0635372	0.0679501	1.490016	1.184013	4.836411	1.26537
66	-1818.608	-2099.913	281.3054	0.378825	0.322617	0.255015	0.0435428	0.9334814	1.15046	4.339685	1.316798
72	-1834.199	-2113.351	279.152	0.360774	0.307244	0.242863	0.0891194	1.376496	1.09528	5.087408	1.848407
78	-1828.626	-2109.835	281.2087	0.445344	0.318577	0.136372	0.0997077	1.244167	1.226661	4.229245	1.222329
84	-1815.333	-2098.318	282.9848	0.522181	0.238979	0.147643	0.0911966	0.9812257	1.330461	3.141599	1.503496
90	-1819.873	-2102.588	282.7147	0.523631	0.265844	0.205235	0.0052908	2.102491	1.534123	2.698873	1.32057
96	-1815.622	-2098.421	282.7985	0.523631	0.265844	0.205235	0.0052908	1.438708	1.396625	2.944713	1.525208
102	-1829.303	-2113.037	283.7344	0.637281	0.106501	0.249779	0.00643912	1.273113	1.514294	2.270183	1.747629
108	-1827.661	-2110.351	282.69	0.703862	0.2472	0.0419377	0.0070001	1.286931	1.390619	3.12593	1.465184
114	-1815.342	-2092.777	277.4347	0.681095	0.152219	0.0427298	0.123956	1.529306	1.211117	4.979861	4.694228
120	-1799.879	-2078.775	278.896	0.693831	0.0987291	0.147081	0.0603586	1.529306	1.026376	4.979861	2.37502
126	-1799.718	-2077.806	278.088	0.625216	0.164342	0.16613	0.0443113	1.435294	1.006066	5.093763	3.535748
132	-1793.518	-2075.339	281.8208	0.613583	0.0899244	0.245909	0.0505838	1.399824	1.33204	2.776621	3.535748
138	-1797.682	-2078.77	281.0887	0.642397	0.257794	0.0586165	0.0411931	1.185414	1.57453	3.482591	2.686067
144	-1803.153	-2083.762	280.6094	0.694845	0.177175	0.0634023	0.0645776	1.718891	1.082979	3.774617	2.685941
150	-1804.051	-2084.47	280.4193	0.649201	0.165537	0.0592374	0.126025	0.8859827	0.923571	4.408888	2.685941
156	-1802.845	-2082.812	279.9669	0.540838	0.279827	0.0880745	0.0912605	1.359254	0.9153492	4.849131	1.612126
162	-1796.143	-2076.563	280.4195	0.392304	0.384757	0.110759	0.11218	1.140079	0.8234283	4.726745	1.687457
168	-1793.642	-2076.296	282.6541	0.566212	0.330372	0.00709251	0.0963232	0.8798355	1.106785	3.499048	1.562588
174	-1798.088	-2079.404	281.3156	0.492206	0.287191	0.00616549	0.214438	1.025444	1.443101	3.992386	1.562588
180	-1790.367	-2071.954	281.5866	0.458185	0.456684	0.0194234	0.0657082	1.080016	1.179674	4.085815	1.306752
186	-1800.524	-2082.412	281.8879	0.405145	0.407321	0.123858	0.0636757	1.250214	1.294552	3.529872	1.759396
192	-1800.085	-2079.1	279.0148	0.675586	0.199856	0.0774744	0.0470833	1.466269	1.236053	5.160201	1.584387
198	-1813.461	-2094.026	280.5652	0.542012	0.335193	0.0589498	0.0638452	2.382946	1.354425	3.853692	1.521472
204	-1797.116	-2078.485	281.3695	0.434746	0.433831	0.061066	0.0703564	1.801582	1.289764	3.75787	1.355408
210	-1802.343	-2082.118	279.7747	0.443851	0.442917	0.0414022	0.0718299	1.057524	1.032983	4.83173	2.111729
216	-1802.929	-2083.667	280.7385	0.535256	0.336016	0.0470681	0.0816599	0.979483	0.9455731	4.73687	1.337109
222	-1795.786	-2077.69	281.9046	0.492748	0.357695	0.0501048	0.0994525	1.305664	1.180952	3.769183	1.328605
228	-1812.433	-2093.429	280.9953	0.64269	0.169206	0.0906911	0.0974131	2.057496	1.186361	3.437599	2.426024
234	-1810.751	-2090.903	280.152	0.641264	0.0556375	0.294538	0.00856107	1.512433	1.070704	4.617328	1.54041
240	-1812.505	-2090.764	278.259	0.388634	0.30688	0.298469	0.00601757	2.05396	0.9007345	5.632528	1.313125
246	-1803.534	-2083.249	279.7146	0.382477	0.383792	0.178682	0.0550493	1.717134	1.07629	5.063977	0.9599056
252	-1813.656	-2094.051	280.395	0.400014	0.401389	0.141023	0.0575734	1.02397	0.9010649	4.933956	1.326275
258	-1814.196	-2093.421	279.2248	0.513928	0.251101	0.181183	0.0537877	1.324986	1.270411	4.933956	1.945329
264	-1811.901	-2092.34	280.4395	0.56513	0.276117	0.126726	0.0320269	1.565427	1.084551	4.484428	1.413826
270	-1808.93	-2089.831	280.9017	0.474469	0.32145	0.138823	0.065258	1.004906	1.162081	4.411208	1.536155
276	-1819.65	-2100.527	280.8766	0.454229	0.232707	0.177117	0.135947	1.357124	1.288407	3.929539	2.054967
282	-1811.67	-2091.88	280.2093	0.718139	0.00751655	0.159229	0.115115	1.28385	1.299525	4.181763	2.4528
288	-1819.781	-2099.761	279.9797	0.713534	0.00480935	0.163473	0.118183	1.488924	1.226663	4.272622	2.392603
294	-1806.072	-2086.709	280.6376	0.798678	0.00546412	0.108068	0.0877903	1.855098	1.206179	3.676504	2.547499
300	-1813.158	-2093.572	280.4138	0.749288	0.00498153	0.112698	0.133033	1.855098	1.407716	3.465602	3.171468
306	-1814.34	-2095.32	280.9803	0.629101	0.00790511	0.200168	0.162825	1.671919	1.332517	3.465602	2.608969
312	-1827.088	-2108.105	281.017	0.667813	0.0109637	0.0953987	0.225824	1.431671	1.219485	3.845291	2.06715
318	-1829.635	-2111.426	281.7916	0.735414	0.0374749	0.105056	0.122056	1.948457	1.411053	2.849621	2.499343
324	-1820.178	-2101.036	280.8573	0.555195	0.0596648	0.190812	0.194329	1.672687	1.236377	3.967144	1.712439
330	-1817.75	-2098.305	280.5555	0.62226	0.0668722	0.213861	0.0970065	1.366769	1.235694	3.974606	2.461428
336	-1821.888	-2102.353	280.4652	0.648303	0.0278187	0.222812	0.101066	1.267124	1.355892	4.269024	1.831897
342	-1817.092	-2097.547	280.455	0.778787	0.0356762	0.106805	0.0787324	1.267124	1.190712	4.114748	2.44746
348	-1804.419	-2086.054	281.6352	0.708104	0.0667088	0.0767444	0.148443	1.48648	1.416767	3.338402	2.079514
354	-1803.074	-2084.761	281.6865	0.724589	0.0741435	0.0362802	0.164987	1.259364	1.352135	3.313278	2.448282
360	-1821.974	-2101.339	279.365	0.669037	0.129923	0.136318	0.0647218	1.631181	1.023536	4.518615	2.793136
366	-1800.83	-2080.422	279.5924	0.710414	0.076113	0.144749	0.0687245	1.858159	1.068579	4.518615	2.117771
372	-1823.692	-2103.634	279.9424	0.779949	0.0832101	0.0585001	0.0783404	1.388516	1.014699	4.572119	2.117771
378	-1829.519	-2108.97	279.4517	0.737514	0.031042	0.0635443	0.167899	1.607785	1.144208	4.268082	3.221242
384	-1820.964	-2100.212	279.2485	0.728559	0.0720668	0.0174772	0.181897	2.222563	1.058061	4.327135	2.742003
390	-1822.693	-2102.586	279.8927	0.704198	0.069657	0.0452275	0.180918	1.831636	1.184355	4.055393	2.742003
396	-1813.787	-2096.415	282.6278	0.567316	0.128003	0.172334	0.132347	1.16914	1.287585	3.359309	1.331076
402	-1795.962	-2077.062	281.0999	0.598645	0.0753329	0.253841	0.0721804	1.732522	1.407153	3.359309	2.514402
408	-1798.985	-2082.608	283.623	0.681872	0.123015	0.111683	0.0834302	1.403992	1.735712	2.012704	1.960385
414	-1817.135	-2101.252	284.1169	0.641921	0.235342	0.0292202	0.0935169	1.295319	1.521335	2.208092	1.377756
420	-1808.081	-2091.251	283.1699	0.698633	0.193578	0.030868	0.0769212	1.338392	1.494068	2.537766	1.875956
426	-1829.022	-2110.589	281.5671	0.651857	0.136051	0.0288013	0.183291	1.923641	1.513113	3.142966	2.007379
432	-1808.571	-2089.418	280.8474	0.669141	0.22209	0.00469398	0.104075	1.284479	1.213049	4.159872	1.752685
438	-1809.688	-2086.902	277.2138	0.853203	0.0353495	0.00455696	0.10689	2.007484	1.205052	5.06736	4.033817
444	-1812.22	-2087.876	275.656	0.665775	0.196442	0.00355591	0.134228	1.426999	0.9641847	6.422994	3.63743
450	-1804.237	-2086.743	282.5062	0.581223	0.0982416	0.211735	0.1088	1.39036	1.404639	3.031772	1.744721
456	-1806.433	-2088.847	282.4138	0.614082	0.0472617	0.223705	0.114951	1.298346	1.764129	2.838146	1.919517
462	-1804.701	-2087.93	283.2281	0.588036	0.177097	0.214217	0.0206499	0.989722	1.560217	2.625612	1.962619
468	-1810.655	-2093.651	282.9965	0.399792	0.528542	0.0386025	0.0330637	1.063196	1.419899	3.07056	1.43076
474	-1796.972	-2079.959	282.9871	0.492294	0.315782	0.16965	0.0222744	1.167062	1.465718	2.729784	1.952935
480	-1790.48	-2073.551	283.071	0.77539	0.0537712	0.112226	0.0586127	1.391248	1.552823	2.268418	2.456953
486	-1809.804	-2091.494	281.6901	0.611128	0.26774	0.0813808	0.0397512	1.034926	1.468951	3.337536	2.528406
492	-1810.764	-2092.603	281.8391	0.607085	0.276889	0.082614	0.0334116	1.77103	1.53887	2.724539	2.759417
498	-1816.05	-2100.529	284.4789	0.550517	0.257265	0.0778359	0.114383	1.338755	1.705624	1.974132	1.130104
504	-1826.512	-2109.942	283.4299	0.422078	0.454438	0.112951	0.0105332	1.672401	1.565807	2.211617	1.743234
510	-1801.036	-2083.237	282.2012	0.630694	0.279002	0.0658799	0.0244247	1.800559	1.51491	2.83732	1.966088
516	-1808.475	-2091.472	282.9972	0.683264	0.239383	0.0563967	0.0209563	1.109003	1.444904	2.57996	2.382696
522	-1804.879	-2087.762	282.8835	0.600344	0.159097	0.175387	0.0651717	1.518645	1.521989	2.368732	2.382696
528	-1807.137	-2090.315	283.1784	0.627592	0.166318	0.154459	0.051631	1.523719	1.521989	2.199579	2.331743
534	-1805.269	-2088.353	283.0833	0.574086	0.152139	0.212731	0.0610448	1.523719	1.570266	2.454407	1.850954
540	-1813.65	-2097.877	284.2274	0.431786	0.284513	0.233936	0.0497647	1.384836	1.606968	1.977519	1.461233
546	-1806.581	-2089.462	282.8805	0.596668	0.248858	0.114592	0.0398822	1.247242	1.475866	2.814297	1.801456
552	-1814.706	-2098.235	283.5295	0.469141	0.262715	0.157706	0.110438	1.26983	1.619918	2.308142	1.801456
558	-1820.146	-2102.741	282.5952	0.815405	0.0807516	0.0453203	0.0585227	1.938663	1.611696	2.124577	2.745782
564	-1831.988	-2114.283	282.2946	0.773051	0.0257566	0.0518663	0.149326	1.17131	1.395639	2.894049	2.652264
570	-1795.717	-2078.356	282.6393	0.741949	0.0649533	0.0497796	0.143318	1.334275	1.334952	2.894049	2.023363
576	-1801.105	-2083.474	282.3696	0.741464	0.0736514	0.0476622	0.137222	2.090231	1.400654	2.598174	2.121394
582	-1789.135	-2072.201	283.066	0.70612	0.0601622	0.0922477	0.14147	1.180019	1.534006	2.432865	2.396674
588	-1808.691	-2093.309	284.6186	0.667028	0.0568315	0.0871407	0.189	1.180019	1.688596	1.6271	1.724963
594	-1821.565	-2105.768	284.2023	0.712523	0.010055	0.122577	0.154844	1.623442	1.7817	1.492385	1.866183
600	-1807.463	-2092.174	284.7104	0.870893	0.0205576	0.0406325	0.0679171	0.967805	1.67006	1.643288	1.866183
606	-1802.246	-2085.925	283.6793	0.805239	0.0116159	0.106252	0.0768929	1.438015	1.858319	1.643288	2.416513
612	-1807.499	-2092.192	284.6928	0.801416	0.0235171	0.142872	0.0321952	1.438015	1.602804	1.492638	1.674148
618	-1798.164	-2081.865	283.701	0.792076	0.120115	0.0143185	0.0734908	1.686028	1.496609	1.925364	2.028429
624	-1797.662	-2080.893	283.2305	0.576887	0.276057	0.00999352	0.137063	1.863128	1.496609	2.086025	2.148253
630	-1786.811	-2069.663	282.8511	0.57626	0.275757	0.011069	0.136914	1.235221	1.496609	2.771524	1.917015
636	-1794.536	-2076.992	282.4559	0.67508	0.141497	0.0521482	0.131276	1.235221	1.31942	3.11635	1.917015
642	-1802.675	-2085.805	283.1293	0.655789	0.2203	0.0299498	0.0939619	1.091723	1.484086	2.60209	2.113339
648	-1796.06	-2077.76	281.6998	0.655789	0.2203	0.0299498	0.0939619	1.570556	1.272533	3.32835	2.113339
654	-1808.878	-2090.189	281.3109	0.841325	0.0518635	0.0258167	0.080995	1.570556	1.421575	3.34677	2.409686
660	-1824.414	-2104.386	279.9725	0.641554	0.289177	0.0196866	0.0495821	1.255204	1.379923	3.928774	3.488878
666	-1804.744	-2086.218	281.4738	0.579079	0.261017	0.0238193	0.136085	1.755955	1.373679	3.623897	1.445201
672	-1809.908	-2091.794	281.8863	0.660506	0.186924	0.0478069	0.104763	1.358608	1.394748	3.467026	1.648835
678	-1799.013	-2082.072	283.0588	0.553591	0.38953	0.0115515	0.0453279	1.555726	1.628849	2.475598	1.731101
684	-1799.773	-2081.632	281.8587	0.497423	0.350008	0.0103794	0.14219	0.9776148	1.242236	3.888157	1.432323
690	-1798.63	-2079.126	280.4957	0.495677	0.319434	0.00864857	0.176241	0.9776148	1.145316	4.839692	1.186805
696	-1812.159	-2091.192	279.0326	0.573453	0.345942	0.00519317	0.0754125	2.043269	1.115626	4.643228	2.328745
702	-1806.106	-2085.519	279.4129	0.611066	0.249887	0.0055338	0.133514	2.043269	0.9670073	4.740821	1.781303
708	-1796.429	-2075.03	278.6016	0.579541	0.236995	0.0834777	0.0999858	1.899303	0.8977591	5.42321	1.491093
714	-1791.268	-2070.586	279.3175	0.707192	0.212218	0.0575141	0.0230761	1.214221	1.275248	4.733471	2.454714
720	-1804.02	-2083.716	279.6967	0.546892	0.341057	0.0801641	0.0318873	1.923603	0.9458478	4.733471	1.586708
726	-1791.197	-2070.716	279.5195	0.556453	0.241501	0.0750275	0.127019	2.757152	1.116919	4.412678	1.586708
732	-1806.431	-2086.862	280.4303	0.613153	0.198381	0.015043	0.173423	1.211953	1.093	4.078189	2.815449
738	-1801.195	-2083.219	282.0243	0.39554	0.416228	0.102842	0.0853903	1.267291	1.226283	3.468827	1.785381
744	-1793.605	-2072.101	278.4967	0.667272	0.128643	0.0317852	0.1723	2.176192	1.029943	4.916907	2.378696
750	-1796.452	-2076.373	279.9206	0.588593	0.0705152	0.158842	0.18205	1.494104	1.039506	4.49802	2.167677
756	-1805.657	-2084.939	279.2818	0.757288	0.0310731	0.053923	0.157716	2.652945	1.07647	4.330091	2.222301
762	-1804.838	-2086.272	281.4339	0.513938	0.421078	0.0322532	0.0327306	1.183712	1.136055	3.6763	2.327539
768	-1793.455	-2075.532	282.0765	0.593467	0.276588	0.0777243	0.0522204	1.380899	1.299979	3.520899	1.406131
774	-1800.799	-2084.303	283.504	0.588543	0.214043	0.0770793	0.120335	1.380899	1.474914	2.636389	1.270551
780	-1820.292	-2103.524	283.232	0.440477	0.38306	0.0745434	0.10192	1.377071	1.407166	2.838473	1.284502
786	-1804.822	-2087.093	282.2706	0.491146	0.368733	0.0297537	0.110368	0.5761316	1.160624	3.673393	2.000115
792	-1808.045	-2089.592	281.5471	0.393302	0.445102	0.0447012	0.116894	0.8762235	1.258916	3.991859	1.68857
798	-1816.911	-2100.67	283.759	0.421031	0.476483	0.0478528	0.0546326	0.966514	1.339037	2.733222	1.40014
804	-1811.582	-2094.691	283.1092	0.589629	0.310003	0.0468643	0.0535039	1.107077	1.49433	2.978387	1.34532
810	-1813.152	-2093.998	280.8455	0.408504	0.402289	0.124425	0.0647828	1.279309	1.402782	4.339751	1.17925
816	-1793.802	-2076.493	282.6911	0.564352	0.254873	0.0530632	0.127712	1.530767	1.274821	3.053967	1.487397
822	-1805.327	-2086.345	281.0178	0.512062	0.380285	0.033011	0.0746417	1.060579	1.245683	4.29086	1.487397
828	-1812.723	-2092.858	280.135	0.548666	0.23852	0.0197117	0.193102	1.060579	1.034848	4.799674	1.711791
834	-1793.765	-2075.765	282	0.790679	0.00962882	0.0258336	0.173858	1.277177	1.122905	3.346827	2.220187
840	-1800.327	-2080.414	280.0864	0.551797	0.35583	0.0308779	0.061495	0.9305866	1.389159	4.774015	1.555659
846	-1792.959	-2073.374	280.415	0.572657	0.305569	0.0689656	0.0528087	1.401594	1.157009	4.711824	1.079337
852	-1797.164	-2077.296	280.1321	0.583588	0.292313	0.070282	0.0538167	1.646278	1.364129	4.017077	2.431675
858	-1792.047	-2073.928	281.8811	0.713604	0.1829	0.0586143	0.0448825	1.465922	1.477595	2.904472	2.72424
864	-1802.361	-2081.322	278.9608	0.639962	0.23834	0.0418333	0.0798651	1.465922	1.214609	5.028847	1.976589
870	-1795.356	-2075.851	280.4946	0.615999	0.229416	0.0402669	0.114318	1.345311	1.161594	4.192702	2.134076
876	-1803.693	-2085.958	282.2654	0.54741	0.203871	0.14713	0.101589	1.136794	1.391312	3.424438	1.533903
882	-1813.756	-2094.836	281.0797	0.686595	0.0983929	0.0235787	0.191434	2.017789	1.264106	3.398875	2.328941
888	-1809.906	-2092.592	282.6865	0.71716	0.0490369	0.118234	0.115569	1.320758	1.203742	3.045464	1.820617
894	-1845.225	-2127.397	282.1723	0.789946	0.0922253	0.0182381	0.0995907	1.951775	1.653485	2.542774	2.314176
900	-1826.072	-2107.519	281.4466	0.572871	0.235687	0.0541788	0.137264	1.330395	1.410298	3.612743	1.89856
906	-1819.105	-2101.647	282.5422	0.56977	0.294632	0.0383747	0.0972238	1.835664	1.333155	3.082236	1.256984
912	-1812.905	-2096.412	283.5075	0.56977	0.294632	0.0383747	0.0972238	0.9850715	1.36667	2.748801	1.60868
918	-1819.945	-2101.785	281.8398	0.60789	0.228265	0.126219	0.0376258	1.49265	1.339748	3.688942	1.19764
924	-1816.814	-2100.9	284.0867	0.45013	0.362866	0.127191	0.0598127	0.9773053	1.478353	2.552896	1.19764
930	-1812.644	-2095.795	283.1509	0.43695	0.352242	0.152747	0.0580614	1.173875	1.447551	2.9631	1.30831
936	-1803.28	-2084.717	281.4368	0.517213	0.343589	0.0881246	0.0510728	1.868226	1.399986	3.62944	1.346834
942	-1791.354	-2072.224	280.8704	0.556924	0.293191	0.0948907	0.054994	1.628496	1.249329	3.991613	1.672818
948	-1804.887	-2084.249	279.3615	0.71161	0.0042124	0.213909	0.0702687	1.628496	1.384477	4.55268	2.171955
954	-1825.528	-2107.633	282.105	0.347324	0.506852	0.0419193	0.103904	1.486421	1.21524	3.448522	1.506208
960	-1823.854	-2101.598	277.7445	0.70372	0.0209124	0.171728	0.10364	1.203264	1.179642	5.652572	2.481795
966	-1825.625	-2103.633	278.0073	0.715522	0.0247758	0.155222	0.10448	1.714067	1.083609	5.171093	2.889388
972	-1820.765	-2098.393	277.628	0.600326	0.209922	0.100832	0.0889204	2.487357	1.112781	5.539466	1.639658
978	-1803.814	-2083.867	280.0523	0.44844	0.470151	0.0139255	0.0674837	1.606674	1.275465	4.525397	1.515607
984	-1823.424	-2102.47	279.0455	0.61699	0.220102	0.00231292	0.160595	2.805346	1.12681	4.322158	2.370585
990	-1821.544	-2101.848	280.304	0.6648	0.0868622	0.0195918	0.228746	1.30418	1.116592	3.725714	3.945449
996	-1805.632	-2085.99	280.3579	0.782436	0.101624	0.0173346	0.0986061	2.712512	1.345401	3.255218	2.958508
1002	-1806.284	-2087.799	281.5156	0.753563	0.110119	0.00102158	0.135296	1.363445	1.406478	2.922958	3.576525
1008	-1808.854	-2089.93	281.0762	0.693854	0.132611	0.00156568	0.171969	2.003699	1.394877	2.878168	3.576525
1014	-1812.339	-2094.914	282.5752	0.630862	0.159897	0.00188783	0.207353	1.069181	1.298577	2.750777	2.892804
1020	-1817.884	-2099.024	281.1407	0.633783	0.233826	0.00199579	0.130394	1.069181	1.469169	3.503701	2.892804
1026	-1802.155	-2083.761	281.6057	0.618749	0.0312361	0.280052	0.0699628	1.290067	1.396947	3.080419	3.084958
1032	-1805.558	-2087.594	282.036	0.553042	0.134111	0.250313	0.0625333	1.303377	1.474188	3.088787	2.254866
1038	-1795.532	-2078.133	282.6009	0.63067	0.219816	0.0300749	0.11944	1.153624	1.68084	2.722685	2.218932
1044	-1796.527	-2078.819	282.2918	0.731029	0.148932	0.107186	0.012852	1.674647	1.519363	2.34048	3.19304
1050	-1805.802	-2087.069	281.2675	0.764569	0.155765	0.0212251	0.0584401	1.910584	1.37271	3.34954	2.143707
1056	-1802.93	-2082.063	279.1324	0.81216	0.13004	0.0177197	0.0400807	1.470877	1.267963	4.290745	3.71763
1062	-1804.735	-2088.426	283.6908	0.480164	0.380597	0.0887624	0.0504763	1.144877	1.775517	2.129898	1.8998
1068	-1804.797	-2089.175	284.3778	0.6876	0.184229	0.0845547	0.0436169	1.329987	1.725004	1.497505	2.036237
1074	-1806.264	-2090.179	283.9149	0.684349	0.183358	0.103904	0.0283898	1.329987	1.848298	1.689463	2.14018
1080	-1801.368	-2084.864	283.4958	0.708387	0.105073	0.16955	0.0169909	1.329987	1.775592	1.83017	2.561305
1086	-1815.93	-2098.565	282.6348	0.700583	0.149043	0.134634	0.0157405	1.357558	1.687966	2.434751	2.561305
1092	-1807.724	-2089.357	281.6332	0.828168	0.0422136	0.111338	0.0182804	1.149391	1.34403	3.126584	3.222481
1098	-1812.509	-2094.717	282.2089	0.645892	0.04552	0.27863	0.0299577	1.847432	1.419412	2.71735	2.307367
1104	-1805.175	-2087.82	282.6455	0.645892	0.04552	0.27863	0.0299577	1.301795	1.447918	2.768654	2.183211
1110	-1797.622	-2080.048	282.4255	0.637468	0.036416	0.278997	0.0471188	1.063707	1.434719	3.021691	2.239932
1116	-1818.376	-2099.67	281.2937	0.686805	0.125016	0.0465615	0.141617	1.517955	1.220076	3.719977	1.888837
1122	-1818.902	-2095.469	276.567	0.70955	0.129156	0.0481035	0.11319	2.405714	1.042439	5.517436	3.478477
1128	-1810.646	-2088.56	277.9143	0.701497	0.172899	0.0136988	0.111905	1.362319	0.8279474	5.830865	2.068653
1134	-1814.469	-2092.46	277.9908	0.644076	0.0866694	0.155052	0.114203	1.312544	0.9217606	5.830865	1.902481
1140	-1806.709	-2087.507	280.7984	0.67802	0.112146	0.0433928	0.166441	1.732561	1.187143	3.533594	2.864274
1146	-1800.794	-2082.335	281.5413	0.711928	0.0889248	0.156105	0.043042	1.087872	1.160347	3.624812	2.399356
1152	-1802.172	-2082.19	280.0178	0.632236	0.173879	0.0796863	0.114199	1.624416	1.253141	4.16821	2.399356
1158	-1801.852	-2083.041	281.1885	0.676093	0.207238	0.0872541	0.0294151	1.298305	1.224702	3.88398	1.902323
1164	-1800.6	-2079.816	279.2163	0.695579	0.181329	0.0569529	0.0661392	1.520916	1.13428	4.784191	2.274398
1170	-1817.182	-2097.971	280.7889	0.632041	0.164766	0.099126	0.104067	1.190186	1.140668	4.350387	1.609246
1176	-1821.334	-2102.278	280.9444	0.535076	0.292905	0.0839184	0.0881012	0.84341	1.245057	4.350387	1.71244
1182	-1810.303	-2092.316	282.0128	0.610447	0.244691	0.0270628	0.117799	1.828491	1.526538	3.311101	1.20947
1188	-1828.855	-2111.217	282.362	0.586986	0.203371	0.098982	0.110661	1.827257	1.353012	3.311101	1.028686
1194	-1806.788	-2088.038	281.2502	0.576263	0.208651	0.101552	0.113534	1.835776	1.31325	3.757327	1.433896
1200	-1819.217	-2100.842	281.6246	0.582168	0.251935	0.122619	0.0432785	1.087775	1.356163	4.027309	1.178481
1206	-1822.49	-2103.386	280.8965	0.548396	0.23732	0.115374	0.098909	2.019151	1.365701	3.977455	1.189986
1212	-1819.44	-2104.762	285.3219	0.668395	0.176137	0.0721389	0.083329	0.9266945	2.04731	1.042218	1.617532
1218	-1805.793	-2090.719	284.9263	0.674026	0.130566	0.0857899	0.109619	1.244688	2.04731	1.057965	1.701135
1224	-1820.018	-2104.751	284.7332	0.737923	0.142943	0.0532356	0.0658983	1.686945	2.074946	0.8210483	1.701135
1230	-1811.918	-2096.807	284.889	0.753445	0.107322	0.0405524	0.0986808	0.9132872	2.139954	0.8210483	2.355127
1236	-1819.812	-2104.251	284.439	0.733125	0.0738236	0.0640664	0.128985	1.587729	2.092773	0.9685127	1.993667
1242	-1805.56	-2090.432	284.8718	0.667747	0.12769	0.156012	0.0485515	1.026557	2.106043	1.035614	1.993667
1248	-1808.535	-2093.055	284.52	0.743189	0.0347679	0.147063	0.0749801	1.592492	2.0952	0.9756852	1.870154
1254	-1819.938	-2103.165	283.2275	0.705384	0.0411539	0.174075	0.0793872	4.229523	2.018936	0.9387484	1.564726
1260	-1806.09	-2090.959	284.8694	0.676672	0.133597	0.0975659	0.0921655	1.232068	2.011726	0.9178029	2.011726
1266	-1794.717	-2078.986	284.2692	0.731216	0.120465	0.026778	0.121541	1.223711	2.090118	0.9741171	2.702965
1272	-1815.122	-2099.794	284.6725	0.593345	0.143707	0.0763589	0.186589	0.9335803	2.228682	0.8860899	2.433286
1278	-1803.14	-2087.62	284.48	0.545002	0.25015	0.071479	0.133368	1.013508	2.05282	1.069264	2.598174
1284	-1813.442	-2097.761	284.319	0.745786	0.119836	0.104995	0.0293833	1.013508	1.916391	1.181639	2.871166
1290	-1824.805	-2109.224	284.4189	0.808646	0.129937	0.0343649	0.0270522	0.7130429	1.726321	1.400294	3.092284
1296	-1826.526	-2110.88	284.3543	0.713136	0.0449093	0.168086	0.0738688	0.9530611	1.807272	1.400294	2.659435
1302	-1823.959	-2108.076	284.117	0.560921	0.323756	0.0617339	0.053589	1.865293	1.683194	1.521653	1.802614
1308	-1810.619	-2094.793	284.1746	0.654299	0.197094	0.0720109	0.0765956	1.369552	1.765988	1.392196	2.407969
1314	-1826.003	-2110.142	284.1388	0.452714	0.407323	0.0498248	0.0901378	1.023961	1.853818	1.349052	2.920259
1320	-1820.25	-2105.603	285.3536	0.552698	0.334314	0.0402224	0.0727661	0.8033371	1.853818	1.283458	1.635746
1326	-1807.554	-2092.799	285.2445	0.600836	0.287118	0.0393272	0.0727194	1.086536	1.815486	1.541081	1.109515
1332	-1808.355	-2092.079	283.7242	0.607792	0.290442	0.0282046	0.0735614	1.718784	1.682151	1.909144	1.755032
1338	-1812.176	-2094.21	282.0346	0.718639	0.167616	0.0442061	0.0695387	2.474934	1.447156	2.578383	2.191909
1344	-1815.102	-2097.126	282.0238	0.589221	0.209601	0.138396	0.0627821	1.714651	1.263869	3.118752	2.004562
1350	-1822.297	-2102.158	279.8614	0.473489	0.420301	0.0851994	0.0210104	1.758849	1.127188	4.63803	1.531959
1356	-1808.853	-2088.906	280.0531	0.508361	0.300338	0.0781621	0.113139	0.862128	1.142503	4.616315	2.387674
1362	-1794.665	-2075.88	281.2144	0.70133	0.202583	0.00639657	0.0896905	1.080818	1.142503	3.903721	2.209782
1368	-1801.683	-2082.003	280.3199	0.70133	0.202583	0.00639657	0.0896905	1.085253	1.075176	4.462338	2.173372
1374	-1779.462	-2059.227	279.765	0.637482	0.19483	0.0252638	0.142424	1.085253	1.104473	4.757158	2.173372
1380	-1800.951	-2082.273	281.3218	0.613328	0.143788	0.155151	0.0877325	0.8764946	1.232564	4.187985	1.576558
1386	-1800.732	-2083.954	283.2216	0.470269	0.28097	0.123464	0.125297	0.9866253	1.477308	2.834856	1.647679
1392	-1801.757	-2084.07	282.3123	0.384498	0.469918	0.100946	0.0446378	0.9363466	1.295335	3.634289	1.404317
1398	-1801.307	-2083.58	282.2727	0.603193	0.212504	0.127793	0.0565097	1.061542	1.181467	3.726945	1.258909
1404	-1802.718	-2083.035	280.3166	0.691151	0.0976705	0.146428	0.06475	1.082219	1.177987	4.337736	2.350112
1410	-1810.585	-2090.611	280.0265	0.516527	0.407252	0.0553725	0.0208491	2.108744	1.236062	4.337736	1.522719
1416	-1804.82	-2084.445	279.6248	0.514501	0.255406	0.0580921	0.172001	1.628045	1.333061	4.608507	1.761758
1422	-1812.919	-2095.134	282.2154	0.706399	0.186774	0.0502534	0.0565737	1.373576	1.446809	3.338085	1.443724
1428	-1809.094	-2091.491	282.3977	0.607685	0.231344	0.0584727	0.102499	2.368337	1.601477	2.632257	1.512252
1434	-1827.08	-2109.875	282.7956	0.654452	0.180641	0.0634636	0.101444	2.368337	1.611562	2.592146	1.135097
1440	-1809.602	-2093.611	284.0089	0.576105	0.150137	0.184457	0.0892999	1.001957	1.479922	2.602782	1.167133
1446	-1822.647	-2107.1	284.4531	0.601017	0.141314	0.173617	0.084052	1.144928	1.549513	2.198874	1.151762
1452	-1801.291	-2083.071	281.7797	0.751124	0.0220348	0.108083	0.118759	1.017111	1.280656	3.225171	3.017287
1458	-1803.199	-2083.677	280.4783	0.712648	0.0692955	0.140049	0.0780082	1.612539	1.280656	3.610081	3.189214
1464	-1809.747	-2089.846	280.0983	0.696492	0.0464304	0.0938375	0.16324	0.9846288	1.277334	3.934359	3.923087
1470	-1798.659	-2080.468	281.8087	0.726034	0.0483997	0.105924	0.119643	1.888638	1.356795	3.139565	1.937764
1476	-1815.254	-2097.449	282.1948	0.692748	0.110944	0.0400773	0.156231	2.074859	1.444152	2.769938	1.937764
1482	-1817.107	-2100.828	283.7215	0.637719	0.189127	0.0358192	0.137334	1.427043	1.368434	2.410924	1.505462
1488	-1812.067	-2095.631	283.5643	0.609635	0.223282	0.021401	0.145682	1.034302	1.371031	2.740575	1.494805
1494	-1808.627	-2092.73	284.1036	0.658439	0.241157	0.0231142	0.0772893	1.017545	1.42683	2.237197	1.765984
1500	-1813.029	-2097.954	284.925	0.628329	0.20038	0.0549211	0.11637	1.348302	1.62598	1.590548	1.317966
1506	-1819.58	-2102.625	283.0451	0.614201	0.284315	0.0656484	0.0358359	0.8479407	1.54608	3.282811	1.091146
1512	-1806.232	-2088.984	282.7519	0.565753	0.269325	0.131913	0.0330092	1.500621	1.342605	3.209664	1.090842
1518	-1800.161	-2083.649	283.4883	0.528593	0.257175	0.122101	0.0921314	1.250379	1.516528	2.691444	1.27441
1524	-1801.175	-2086.537	285.3619	0.533307	0.288951	0.0737383	0.104004	0.8789718	1.589016	1.915476	0.8955177
1530	-1797.912	-2081.188	283.2756	0.528449	0.286318	0.0730665	0.112167	1.27368	1.540986	2.969843	0.97214
1536	-1819.432	-2100.928	281.4967	0.533259	0.288925	0.0646288	0.113188	1.27368	1.131235	4.186051	1.072336
1542	-1811.981	-2091.527	279.5461	0.810627	0.00758295	0.113274	0.0685155	1.212033	1.238102	4.627614	2.454285
1548	-1811.102	-2091.104	280.0015	0.718708	0.00690341	0.137316	0.137073	1.964481	1.146145	4.078968	2.414176
1554	-1811.765	-2094.094	282.3288	0.806083	0.0200085	0.154009	0.0198991	0.8915348	1.265284	3.106944	2.681183
1560	-1822.316	-2103.136	280.8205	0.456773	0.38403	0.0753164	0.0838812	0.8278517	0.8302563	4.884476	1.254453
1566	-1819.12	-2100.233	281.1128	0.595855	0.196473	0.0982495	0.109422	0.9825186	1.116332	4.560502	1.088884
1572	-1823.198	-2103.728	280.5294	0.454905	0.309163	0.126516	0.109416	1.336731	1.083346	4.317382	1.908059
1578	-1813.128	-2093.498	280.3702	0.524445	0.336263	0.12358	0.0157122	1.734495	1.134202	4.362472	1.524496
1584	-1821.183	-2101.439	280.256	0.458617	0.277223	0.197164	0.0669964	1.461286	1.164408	4.65905	1.283137
1590	-1815.554	-2095.716	280.162	0.565795	0.257159	0.0870158	0.0900299	1.571855	1.261098	4.425183	1.64852
1596	-1809.975	-2090.107	280.1313	0.604879	0.160115	0.0530311	0.181976	1.779537	1.261257	4.209726	1.952924
1602	-1817.581	-2099.77	282.1881	0.631765	0.176372	0.0553188	0.136543	1.281009	1.583692	3.182889	1.725455
1608	-1808.08	-2089.37	281.2902	0.652135	0.178788	0.0281318	0.140946	1.352918	1.253495	3.663387	2.174695
1614	-1809.81	-2090.84	281.0297	0.682738	0.187178	0.0294519	0.100632	1.819316	1.293253	3.663387	1.942124
1620	-1802.028	-2083.305	281.2768	0.603049	0.148462	0.0821326	0.166356	1.506231	1.16462	3.74396	1.942124
1626	-1815.243	-2096.999	281.756	0.614741	0.103246	0.0700816	0.211932	1.599052	1.16462	3.412701	1.957592
1632	-1801.583	-2083.627	282.0439	0.705806	0.195669	0.0025531	0.0959713	1.6068	1.336029	2.943077	2.411023
1638	-1797.6	-2076.326	278.7257	0.844048	0.103081	0.000669303	0.0522016	2.223348	1.252253	4.469167	2.864469
1644	-1812.034	-2092.19	280.1569	0.774938	0.104117	0.00105553	0.11989	1.767767	1.114845	4.249821	2.032063
1650	-1802.378	-2083.939	281.5617	0.800899	0.0795286	0.000791099	0.118782	1.76895	1.381569	3.272854	2.059341
1656	-1812.279	-2095.158	282.8792	0.666836	0.140604	0.0109522	0.181608	1.76895	1.429835	2.638311	1.659163
1662	-1812.367	-2095.408	283.0414	0.604749	0.272528	0.00675019	0.115973	0.9017451	1.295164	2.949286	1.9758
1668	-1819.179	-2102.561	283.3819	0.62242	0.243924	0.0142948	0.119361	0.8582557	1.537112	2.468723	2.314807
1674	-1816.616	-2101.834	285.218	0.568287	0.247211	0.0635312	0.12097	0.8796642	1.692408	1.503705	1.558841
1680	-1805.975	-2091.348	285.3736	0.503336	0.412211	0.0173067	0.0671465	0.8587604	1.806558	1.583598	1.162894
1686	-1800.61	-2084.859	284.2487	0.444914	0.392683	0.0424385	0.119965	1.383926	1.806558	1.570196	1.905458
1692	-1797.161	-2082.243	285.0825	0.389404	0.407983	0.097615	0.104998	0.8358048	1.501596	2.044039	1.115235
1698	-1807.946	-2092.652	284.7053	0.505237	0.330587	0.079097	0.0850791	0.8358048	1.718252	1.918825	1.495512
1704	-1806.949	-2090.192	283.2437	0.625904	0.116465	0.174615	0.0830151	1.997336	1.540426	2.306444	1.513221
1710	-1809.587	-2092.446	282.859	0.561589	0.159779	0.219382	0.0592495	1.807889	1.384659	2.481021	2.026126
1716	-1810.738	-2095.033	284.2946	0.501041	0.208742	0.195729	0.0944877	1.138238	1.523283	2.255579	1.26139
1722	-1793.305	-2076.666	283.3602	0.486412	0.307087	0.114772	0.0917289	1.138238	1.523283	2.837578	1.26139
1728	-1801.561	-2083.8	282.2386	0.452781	0.315111	0.106837	0.125272	1.138238	1.238029	3.747493	1.118796
1734	-1814.727	-2096.994	282.2677	0.456494	0.421196	0.0282534	0.0940566	1.088987	1.251841	3.703272	1.204078
1740	-1814.847	-2096.745	281.8985	0.478241	0.359748	0.0990783	0.0629324	1.155161	1.179309	4.045505	0.9799907
1746	-1822.034	-2104.477	282.4431	0.625292	0.18285	0.164201	0.0276568	1.155161	1.369998	3.443944	1.299437
1752	-1814.46	-2096.605	282.1449	0.55713	0.230922	0.128585	0.0833636	1.140611	1.408755	3.697711	1.125979
1758	-1816.589	-2098.712	282.1228	0.48411	0.271238	0.131459	0.113193	1.140611	1.390038	3.415123	1.721693
1764	-1828.507	-2109.76	281.2525	0.618958	0.195809	0.0922515	0.0929823	0.9929496	1.248822	4.007311	1.888404
1770	-1823.326	-2102.972	279.6459	0.555742	0.255405	0.0291303	0.159723	2.91968	1.459559	3.961206	1.865287
1776	-1818.331	-2099.81	281.4795	0.678689	0.166731	0.0304701	0.124109	1.722043	1.507013	2.857423	3.109913
1782	-1818.574	-2099.498	280.9239	0.667453	0.103061	0.107432	0.122054	1.616096	1.375436	3.239848	3.345566
1788	-1825.569	-2106.239	280.6694	0.499466	0.155122	0.161701	0.18371	1.997903	1.437139	3.623481	2.141031
1794	-1817.751	-2097.886	280.1354	0.604684	0.0146567	0.32143	0.0592297	1.682362	1.018679	4.209777	2.393161
1800	-1807.601	-2090.433	282.8324	0.332498	0.437284	0.201605	0.0286127	0.8782442	1.143969	3.706554	0.9476811
1806	-1815.681	-2098.282	282.6011	0.62138	0.215423	0.12689	0.0363063	0.8782442	1.299556	3.453742	1.491876
1812	-1818.317	-2098.738	280.4207	0.711656	0.093296	0.151656	0.0433921	1.641017	1.350555	4.275724	1.481463
1818	-1817.778	-2098.821	281.0436	0.650331	0.226412	0.0179523	0.105305	1.226772	1.1678	4.128414	1.700526
1824	-1819.235	-2101.413	282.1779	0.531945	0.350659	0.0107072	0.106689	1.420855	1.228246	3.141273	2.129611
1830	-1800.714	-2081.905	281.1911	0.56577	0.372956	0.0103764	0.0508973	0.9486185	1.084283	4.150379	1.913796
1836	-1807.193	-2087.874	280.6807	0.56004	0.369179	0.01325	0.0575306	1.390473	1.122203	4.150379	1.981754
1842	-1808.976	-2088.339	279.3634	0.618816	0.331901	0.0327482	0.0165347	1.390473	1.161959	4.688944	2.433585
1848	-1807.575	-2087.126	279.5508	0.570343	0.305903	0.0949169	0.0288369	1.345743	1.150887	4.688944	2.236546
1854	-1805.847	-2086.667	280.8197	0.738806	0.0498765	0.161457	0.0498608	1.287619	0.9868366	4.264592	1.836438
1860	-1818.884	-2099.712	280.8276	0.708575	0.0887539	0.15485	0.0478206	1.912489	1.225454	3.806026	1.877518
1866	-1818.035	-2100.209	282.1745	0.729421	0.0539456	0.0602249	0.156409	1.646654	1.416584	2.683771	2.687458
1872	-1822.149	-2102.117	279.9676	0.572942	0.273667	0.0369026	0.116488	1.174795	1.243929	4.476795	2.274235
1878	-1786.017	-2069.25	283.2327	0.682979	0.18556	0.0471931	0.0842686	1.017866	1.59736	2.566846	1.995804
1884	-1795.804	-2078.109	282.3053	0.628803	0.259634	0.0322778	0.0792859	1.44808	1.526971	2.929449	1.99932
1890	-1805.663	-2087.299	281.6366	0.579047	0.145088	0.0718247	0.20404	1.351777	1.379794	3.562981	1.779748
1896	-1813.312	-2096.537	283.2252	0.457547	0.304182	0.0885621	0.149709	0.8813158	1.379623	2.955758	1.649096
1902	-1804.316	-2084.72	280.4041	0.528057	0.221701	0.10221	0.148032	1.577753	1.300979	4.123662	1.95863
1908	-1802.469	-2083.372	280.9033	0.652329	0.192624	0.0871971	0.0678498	1.515964	1.201069	4.181455	1.411367
1914	-1802.275	-2083.246	280.9709	0.509935	0.271516	0.12291	0.0956387	0.9016297	1.226083	4.338119	1.656263
1920	-1811.238	-2093.817	282.579	0.649171	0.227088	0.069591	0.0541502	2.094276	1.317848	2.932741	1.291327
1926	-1797.12	-2079.834	282.7139	0.562198	0.181894	0.10482	0.151087	1.636071	1.466601	2.687515	1.854631
1932	-1797.892	-2079.371	281.4783	0.657405	0.0968793	0.196632	0.0490835	1.799433	1.433936	3.173555	2.302478
1938	-1793.819	-2077.163	283.3438	0.657405	0.0968793	0.196632	0.0490835	1.262562	1.293266	2.765509	1.539937
1944	-1795.531	-2076.691	281.16	0.575223	0.0894938	0.254578	0.0807045	2.22804	1.360665	3.235938	2.252799
1950	-1797.038	-2076.408	279.3701	0.649678	0.04723	0.134353	0.168739	2.098521	1.186198	4.168465	2.935524
1956	-1804.295	-2083.681	279.3856	0.608687	0.177334	0.0948516	0.119128	1.917113	1.234232	4.215812	2.917568
1962	-1819.098	-2097.675	278.5769	0.733098	0.125049	0.114713	0.0271395	2.033077	1.130028	4.271076	4.267551
1968	-1800.888	-2080.943	280.0556	0.799248	0.007119	0.0994502	0.0941832	2.101721	1.263147	3.482603	3.691827
1974	-1822.311	-2101.128	278.8168	0.701392	0.0187964	0.140278	0.139533	2.264573	1.1963	4.508891	2.650022
1980	-1825.694	-2104.569	278.8747	0.601509	0.0226832	0.306109	0.0696985	1.751438	1.151856	4.936838	2.078052
1986	-1807.441	-2086.124	278.6828	0.727243	0.0470336	0.0526529	0.173071	1.839867	1.073175	4.941677	2.347197
1992	-1808.212	-2087.775	279.5632	0.623284	0.124251	0.161904	0.0905616	1.389726	1.161299	4.431556	2.83551
1998	-1809.511	-2089.182	279.6709	0.728572	0.10831	0.0566956	0.106423	1.863187	1.272372	4.078015	2.853169
2004	-1808.629	-2086.959	278.3294	0.573973	0.229069	0.0512686	0.145689	1.315711	1.043176	5.454415	2.203764
2010	-1809.803	-2087.488	277.6845	0.50883	0.259404	0.057833	0.173933	1.480674	1.251315	5.656648	2.095959
2016	-1813.17	-2090.044	276.874	0.544884	0.250098	0.122729	0.0822896	1.920589	1.226895	6.204587	1.438216
2022	-1805.515	-2085.044	279.5292	0.493774	0.262144	0.156501	0.0875802	1.596037	0.9653473	5.067493	1.368677
2028	-1800.43	-2081.164	280.7339	0.538795	0.23883	0.142583	0.0797913	1.57701	1.225886	4.288965	1.303559
2034	-1792.654	-2073.186	280.5313	0.590087	0.22777	0.122657	0.0594865	1.154128	1.127809	4.301666	2.110068
2040	-1793.834	-2074.068	280.2336	0.579775	0.183813	0.149482	0.0869295	1.2695	1.317054	4.301666	2.110068
2046	-1816.661	-2097.266	280.6054	0.538147	0.312347	0.0612492	0.0882575	1.121677	1.181759	4.301666	1.979657
2052	-1818.284	-2099.281	280.9973	0.589699	0.204622	0.156809	0.0488694	1.522907	1.135322	3.970769	1.812723
2058	-1800.882	-2081.929	281.0471	0.628383	0.182289	0.139695	0.0496326	1.337786	1.248609	3.970769	1.812723
2064	-1820.928	-2101.361	280.4333	0.766796	0.121164	0.00739871	0.104641	1.505085	1.137008	4.299354	1.812723
2070	-1812.986	-2090.383	277.3969	0.699986	0.140433	0.00749216	0.152089	1.745281	1.008807	5.409606	3.276388
2076	-1798.903	-2077.74	278.8374	0.611243	0.167654	0.0882963	0.132807	1.692075	0.9295912	5.133454	2.015264
2082	-1792.672	-2071.786	279.114	0.723501	0.0972504	0.0596472	0.119601	0.8991743	0.8219879	5.43722	2.027803
2088	-1808.367	-2088.326	279.9587	0.697735	0.093787	0.0931362	0.115342	1.852202	0.9998034	4.480092	1.821446
2094	-1812.351	-2093.191	280.8402	0.66541	0.175506	0.0496905	0.109394	1.77451	1.484021	3.687569	1.932265
2100	-1801.467	-2083.721	282.2535	0.803898	0.0442424	0.058542	0.0933176	1.625477	1.416488	2.821619	2.259352
2106	-1799.728	-2081.072	281.3441	0.664182	0.193169	0.0483675	0.0942817	2.196595	1.428859	3.201908	2.01531
2112	-1811.573	-2090.473	278.9001	0.702193	0.115265	0.0511355	0.131407	3.177869	1.188089	4.106026	2.737842
2118	-1801.477	-2083.078	281.6008	0.740864	0.14015	0.0184432	0.100543	1.817112	1.317051	3.241484	2.114082
2124	-1822.719	-2103.921	281.2022	0.817958	0.0998818	0.010505	0.0716552	1.363327	1.459305	3.788245	1.723973
2130	-1821.978	-2105.39	283.4125	0.627844	0.179895	0.160873	0.0313883	1.956766	1.585764	1.79837	2.265761
2136	-1814.931	-2098.846	283.9149	0.668426	0.223679	0.0624328	0.0454624	1.137365	1.804624	1.767566	2.298471
2142	-1813.436	-2097.261	283.8255	0.680874	0.227844	0.0635955	0.027686	0.9018372	1.79337	1.783441	2.770515
2148	-1805.479	-2088.626	283.1468	0.624311	0.211464	0.113095	0.0511301	1.864311	1.730371	1.776776	2.595863
2154	-1814.656	-2094.853	280.1973	0.795114	0.0206231	0.120559	0.0637035	2.370092	1.301136	3.880041	2.000517
2160	-1806.821	-2086.909	280.0885	0.678046	0.115615	0.102809	0.103531	1.46575	1.215754	4.05952	2.851108
2166	-1799.819	-2081.385	281.5659	0.634172	0.123015	0.108121	0.134692	1.207985	1.273848	3.543527	2.236093
2172	-1813.741	-2095.214	281.4729	0.572541	0.11106	0.194796	0.121602	2.075155	1.530652	3.317224	1.589155
2178	-1820.638	-2101.749	281.1109	0.61395	0.0467682	0.208885	0.130397	1.651783	1.376582	3.525155	2.225772
2184	-1824.462	-2104.34	279.8778	0.827214	0.0349845	0.0359122	0.101889	1.243618	1.260739	4.190983	3.074455
2190	-1810.111	-2089.686	279.5751	0.810133	0.0274046	0.0351707	0.127292	1.538753	1.12733	4.449152	2.616083
2196	-1810.9	-2090.102	279.2014	0.853704	0.0267182	0.0370623	0.0825159	2.277127	1.166733	4.245814	2.811615
2202	-1792.451	-2071.928	279.4773	0.691839	0.213952	0.0443607	0.049849	1.417084	1.283873	4.203649	3.42082
2208	-1813.348	-2094.036	280.6875	0.617376	0.17064	0.192328	0.0196572	1.263711	1.232461	4.279412	1.689457
2214	-1812.46	-2092.459	279.9987	0.680382	0.160934	0.1098	0.0488842	1.343392	1.28718	4.164516	2.758747
2220	-1818.889	-2102.644	283.7553	0.579621	0.280542	0.0935391	0.0462979	1.343392	1.499303	2.313659	1.579858
2226	-1818.208	-2101.127	282.9198	0.537816	0.336714	0.0825114	0.0429587	1.343392	1.608314	2.045643	3.233509
2232	-1806.219	-2090.219	283.9999	0.556421	0.32316	0.0791901	0.0412295	1.343392	1.596497	2.103848	1.559405
2238	-1802.887	-2087.212	284.3242	0.44753	0.40249	0.0986298	0.0513506	1.144399	1.567874	2.095272	1.446585
2244	-1806.564	-2090.61	284.0465	0.643192	0.151788	0.14662	0.0584003	1.314085	1.760544	1.475417	2.520213
2250	-1804.132	-2089.122	284.9901	0.742874	0.043904	0.145771	0.0674511	1.314085	1.768792	1.208973	1.679339
2256	-1805.98	-2090.573	284.5928	0.603477	0.0677059	0.224798	0.104019	1.149949	1.882576	1.614358	1.577386
2262	-1796.97	-2081.193	284.2224	0.607668	0.148544	0.162924	0.0808638	1.170132	1.60084	1.999852	1.668732
2268	-1813.156	-2095.693	282.5373	0.719503	0.0939176	0.114916	0.0716641	1.182326	1.4922	2.709912	2.579466
2274	-1802.361	-2083.542	281.1815	0.689135	0.10806	0.116554	0.0862504	2.356196	1.355172	3.205331	2.177055
2280	-1822.193	-2105.037	282.8445	0.455132	0.279069	0.018084	0.247715	1.14736	1.376148	2.675497	2.426542
2286	-1808.551	-2089.567	281.0155	0.622564	0.0871084	0.0358042	0.254524	1.196293	1.232956	3.60459	3.00139
2292	-1819.192	-2102.498	283.3062	0.635995	0.238804	0.0154401	0.10976	1.026343	1.185657	3.005109	1.511545
2298	-1816.246	-2100.19	283.9439	0.608441	0.195176	0.0686062	0.127777	1.027565	1.644357	2.34117	1.489044
2304	-1821.448	-2100.034	278.5862	0.663578	0.200784	0.0919631	0.043674	1.172699	1.100048	4.97846	3.275432
2310	-1809.587	-2088.171	278.5843	0.625314	0.22425	0.0650139	0.0854225	1.229719	1.191429	4.796098	3.609722
2316	-1806.897	-2086.924	280.0264	0.4556	0.31754	0.0448963	0.181964	1.421653	1.102487	4.57042	1.854998
2322	-1818.073	-2099.281	281.2076	0.366691	0.424896	0.00949269	0.19892	0.8102979	1.304183	4.239028	1.602055
2328	-1802.049	-2085	282.9511	0.526296	0.336853	0.0140067	0.122845	1.119788	1.335493	3.245456	1.190029
2334	-1790.42	-2072.935	282.5151	0.450572	0.393288	0.0127143	0.143426	1.414052	1.319745	3.245456	1.385377
2340	-1787.608	-2068.384	280.7761	0.415899	0.503135	0.0140073	0.0669581	1.547423	1.102141	4.458811	1.097697
2346	-1794.184	-2074.538	280.3539	0.444045	0.490199	0.00588658	0.0598692	1.471268	1.240522	4.568979	1.259207
2352	-1802.675	-2082.888	280.2125	0.54088	0.333314	0.0112624	0.114544	1.722094	1.312079	4.489965	1.259207
2358	-1794.138	-2075.425	281.2864	0.553656	0.321844	0.0381417	0.0863585	1.414148	1.73264	3.530715	1.776079
2364	-1804.684	-2086.421	281.7375	0.51838	0.324485	0.0306761	0.126459	1.400237	1.653351	3.530715	1.351975
2370	-1811.178	-2093.547	282.3685	0.490059	0.306757	0.104481	0.0987026	1.472309	1.64083	3.144606	1.323848
2376	-1815.551	-2097.727	282.1759	0.561846	0.305027	0.0715347	0.0615921	1.423108	1.647146	3.057348	1.764671
2382	-1803.095	-2084.505	281.4096	0.550855	0.286196	0.100084	0.0628647	1.417105	1.500137	3.679908	1.592359
2388	-1801.536	-2083.09	281.5531	0.516638	0.214758	0.221431	0.0471729	1.855754	1.564122	3.401693	1.482456
2394	-1809.824	-2092.449	282.6245	0.519025	0.235709	0.224221	0.021046	2.447378	1.67673	2.599773	1.176808
2400	-1800.078	-2083.742	283.6638	0.728701	0.0114078	0.209176	0.0507155	0.9441648	1.415733	2.57421	1.754683
2406	-1811.361	-2094.324	282.9629	0.708718	0.0561085	0.185849	0.0493247	0.967723	1.469496	2.945368	1.774196
2412	-1802.741	-2084.627	281.8859	0.770345	0.0303229	0.147296	0.0520356	1.02474	1.422665	2.981896	3.279104
2418	-1807.522	-2089.124	281.6014	0.805564	0.0248642	0.107276	0.0622958	1.769117	1.234793	3.290936	2.163741
2424	-1808.395	-2090.153	281.7587	0.820122	0.0318526	0.0526549	0.0953704	1.769117	1.190756	3.137409	2.371572
2430	-1822.743	-2107.24	284.4968	0.671506	0.0493223	0.251082	0.0280891	1.315543	1.517471	1.886099	1.482009
2436	-1809.699	-2091.248	281.5488	0.722303	0.0412198	0.0978814	0.138596	1.808535	1.517471	2.960773	2.591712
2442	-1803.579	-2083.348	279.7688	0.740459	0.0191439	0.061755	0.178642	1.983301	1.126807	3.85023	3.461637
2448	-1829.952	-2112.567	282.6152	0.803322	0.0305844	0.119593	0.0465007	1.174272	1.38908	2.38186	3.521239
2454	-1816.202	-2099.48	283.2778	0.761468	0.0549264	0.10618	0.0774259	1.361849	1.501666	2.25906	2.289542
2460	-1795.95	-2078.769	282.819	0.791851	0.0475005	0.0918244	0.0688238	1.356249	1.556933	2.178636	3.125449
2466	-1792.249	-2075.631	283.3818	0.754836	0.0197762	0.129626	0.0957615	1.313545	1.556933	2.386261	1.862135
2472	-1806.05	-2089.581	283.5314	0.766214	0.0723085	0.137192	0.0242857	0.9324339	1.479319	2.598193	1.807495
2478	-1813.182	-2097.423	284.2413	0.461683	0.187527	0.270283	0.080507	0.8553123	1.502993	2.483089	1.258873
2484	-1817.752	-2100.874	283.1218	0.632509	0.0745536	0.225708	0.0672297	1.370897	1.587316	2.879337	1.144123
2490	-1826.891	-2110.139	283.2485	0.503703	0.283753	0.146114	0.0664302	1.528009	1.524082	2.879337	0.9406406
2496	-1810.087	-2092.335	282.2484	0.611085	0.185937	0.117878	0.0851007	1.784169	1.411588	3.059164	1.590928
2502	-1801.275	-2083.833	282.5586	0.669505	0.197953	0.0419413	0.0906003	1.078186	1.446852	3.167981	1.705794
2508	-1799.71	-2080.97	281.2606	0.566774	0.156046	0.147047	0.130134	1.353028	1.368433	3.820804	1.705794
2514	-1817.131	-2100.105	282.9743	0.611408	0.221383	0.065965	0.101244	0.9499917	1.607135	2.986545	1.532435
2520	-1811.748	-2092.219	280.4701	0.808261	0.0645854	0.0497906	0.0773627	1.199706	1.257094	4.070426	2.536387
2526	-1812.097	-2094.454	282.3572	0.723702	0.0637197	0.0117089	0.20087	1.512303	1.555387	2.938568	1.803205
2532	-1827.505	-2109.739	282.2332	0.854412	0.042176	0.00742544	0.0959861	0.9947871	1.276906	3.386615	1.970065
2538	-1788.946	-2071.603	282.6567	0.65232	0.187496	0.0751557	0.0850286	0.9947871	1.345675	2.978818	2.236567
2544	-1804.05	-2085.846	281.7964	0.746	0.0862251	0.0744163	0.0933581	1.338822	1.193836	3.682115	1.575425
2550	-1807.822	-2089.224	281.4021	0.581675	0.216572	0.195714	0.00603898	1.21641	1.194365	4.000929	1.519005
2556	-1810.779	-2092.343	281.5641	0.447474	0.321078	0.22452	0.00692782	1.774799	1.282237	3.736652	1.215113
2562	-1805.506	-2087.76	282.2545	0.65241	0.140867	0.192579	0.0141441	1.147856	1.318078	3.298261	1.888813
2568	-1800.879	-2081.47	280.5906	0.646805	0.141258	0.193113	0.0188251	1.147856	1.149138	4.240008	2.157202
2574	-1790.707	-2072.301	281.5941	0.397998	0.478141	0.11764	0.00622167	1.17852	1.27983	4.10033	1.066032
2580	-1804.192	-2084.278	280.0857	0.443318	0.413704	0.140312	0.00266513	1.210974	1.128505	4.818542	1.447545
2586	-1816.203	-2096.919	280.7159	0.523703	0.267514	0.205635	0.00314838	1.210974	1.049928	3.961826	2.755005
2592	-1819.354	-2099.817	280.4629	0.64228	0.0282163	0.325642	0.00386124	1.287639	1.155579	4.371615	1.834807
2598	-1804.535	-2084.566	280.0319	0.648531	0.0187586	0.328812	0.00389882	1.31753	1.243167	4.027979	3.215023
2604	-1821.702	-2101.773	280.0708	0.754238	0.0315133	0.211738	0.00251064	1.113888	1.2395	4.272944	2.757345
2610	-1799.776	-2079.454	279.6787	0.624574	0.0405669	0.333827	0.00103201	2.057852	1.228368	4.134111	2.524267
2616	-1787.645	-2068.81	281.1647	0.728364	0.0473082	0.215991	0.0083366	1.267039	1.055628	4.134111	1.632024
2622	-1799.582	-2078.346	278.7642	0.664366	0.0564108	0.25755	0.0216733	1.626597	1.052066	5.117858	2.059367
2628	-1799.847	-2079.993	280.1459	0.765274	0.0649788	0.0997488	0.0699987	2.441309	1.592994	3.380067	2.8435
2634	-1807.96	-2089.329	281.369	0.591653	0.0643661	0.13671	0.207271	1.474445	1.380833	3.380067	2.421882
2640	-1821.364	-2100.848	279.4842	0.695575	0.141744	0.0292414	0.133439	1.865263	1.382081	4.42121	2.066104
2646	-1811.248	-2091.851	280.6031	0.524756	0.264936	0.163289	0.0470196	1.414175	1.376952	4.001568	2.066104
2652	-1817.607	-2095.774	278.1673	0.530887	0.246436	0.112979	0.109699	1.627111	1.090383	5.84935	1.143126
2658	-1807.992	-2088.966	280.9747	0.598508	0.242187	0.0647718	0.0945333	1.410514	1.232701	3.97817	1.825647
2664	-1817.7	-2099.332	281.632	0.610876	0.185955	0.0497329	0.153436	1.118808	1.237768	3.816215	1.688429
2670	-1808.067	-2087.285	279.2182	0.685947	0.0761295	0.0726724	0.165251	2.037582	1.077803	4.831855	1.688429
2676	-1809.685	-2089.931	280.2453	0.807054	0.0609144	0.0752533	0.0567779	1.854603	1.199577	4.107804	2.043161
2682	-1793.313	-2074.691	281.3779	0.814347	0.0411107	0.0629425	0.0815994	1.1675	1.179993	3.430175	3.030082
2688	-1796.663	-2077.325	280.662	0.799264	0.0937181	0.0544416	0.0525765	1.834868	1.263456	3.617747	2.601695
2694	-1798.985	-2078.939	279.9543	0.654886	0.172553	0.0446073	0.127954	1.666764	1.014373	4.70089	1.511365
2700	-1805.212	-2084.975	279.7627	0.743902	0.0601954	0.100416	0.0954866	1.76533	1.256375	4.70089	1.363044
2706	-1806.742	-2086.628	279.8858	0.600447	0.257367	0.0357054	0.10648	1.511737	1.207961	4.450076	2.080215
2712	-1815.871	-2096.654	280.783	0.669881	0.114454	0.182674	0.032991	1.831864	1.262705	4.123936	1.3009
2718	-1815.924	-2096.608	280.6845	0.68785	0.17888	0.0993944	0.033876	1.568713	1.298063	4.054746	1.767472
2724	-1815.309	-2095.255	279.9461	0.671727	0.0714491	0.156418	0.100406	2.9715	1.126582	4.054422	1.66319
2730	-1812.631	-2092.782	280.1509	0.764735	0.0515143	0.108542	0.0752083	2.10997	1.208668	4.138314	1.832258
2736	-1809.446	-2089.412	279.9658	0.642112	0.0636511	0.0911376	0.203099	1.648797	1.076138	4.490592	1.900046
2742	-1818.45	-2098.638	280.1882	0.64743	0.107177	0.0918924	0.1535	1.412946	1.071096	4.666114	1.497449
2748	-1813.561	-2094.166	280.6057	0.660594	0.0407602	0.189077	0.10957	1.55827	1.19478	4.275442	1.528593
2754	-1815.399	-2095.745	280.3465	0.566471	0.204096	0.160589	0.0688438	0.9958074	1.013988	4.836272	1.482942
2760	-1801.071	-2083.342	282.271	0.496652	0.342874	0.0449081	0.115566	1.404658	1.271926	3.45409	1.32465
2766	-1792.367	-2073.499	281.1319	0.482345	0.332997	0.0724214	0.112237	1.449134	1.466878	3.906902	1.462305
2772	-1808.407	-2089.095	280.6882	0.501817	0.346439	0.075345	0.0763992	1.093131	1.436139	4.353171	1.484103
2778	-1792.591	-2074.012	281.4213	0.423688	0.44683	0.0225358	0.106946	1.365479	1.534047	3.765757	1.420234
2784	-1793.556	-2075.035	281.4799	0.611442	0.30126	0.015194	0.0721047	1.371573	1.492016	3.765757	1.395314
2790	-1804.737	-2086.142	281.4048	0.579988	0.244682	0.0756326	0.099698	1.433272	1.155281	3.89296	1.551568
2796	-1802.337	-2084.739	282.4012	0.590354	0.249055	0.0591111	0.10148	1.45109	1.379616	3.486115	0.9762281
2802	-1814.903	-2098.22	283.317	0.420348	0.437979	0.0785199	0.063153	1.026824	1.624291	2.825731	1.33836
2808	-1805.776	-2089.782	284.0065	0.51324	0.326371	0.0958718	0.0645172	1.095205	1.699042	2.592639	0.8729923
2814	-1811.504	-2091.34	279.8354	0.722912	0.0664086	0.128972	0.0817073	2.115889	1.27042	4.192997	2.032585
2820	-1812.455	-2093.133	280.6776	0.703987	0.15511	0.0379086	0.102995	1.507854	1.454011	3.812846	2.198028
2826	-1804.491	-2085.706	281.2143	0.672573	0.111243	0.0581621	0.158022	1.904232	1.248246	3.667497	1.673056
2832	-1814.182	-2097.148	282.9659	0.513989	0.281994	0.0335515	0.170465	1.335742	1.49894	2.653149	1.895624
2838	-1799.695	-2080.12	280.4259	0.742995	0.136832	0.0485002	0.0716736	1.410607	1.281386	4.231842	1.895624
2844	-1792.22	-2074.968	282.7485	0.612102	0.303415	0.0209819	0.0635011	1.393167	1.383526	3.076321	1.392311
2850	-1804.658	-2086.837	282.1785	0.510947	0.379334	0.0232854	0.0864336	1.030698	1.507	3.660921	1.166706
2856	-1800.665	-2081.62	280.9548	0.50005	0.371244	0.0441154	0.0845902	1.30266	1.226924	4.371944	1.166706
2862	-1800.539	-2081.552	281.0127	0.521416	0.387107	0.0487477	0.0427291	1.35914	1.422421	3.87578	1.821609
2868	-1802.753	-2084.867	282.1135	0.491972	0.427605	0.0401069	0.0403162	0.8366716	1.328566	3.87578	1.238886
2874	-1800.381	-2083.084	282.703	0.552363	0.37364	0.0458573	0.0281391	1.100194	1.415531	2.903647	2.103975
2880	-1807.381	-2089.099	281.7175	0.387798	0.5031	0.052109	0.0569934	1.139276	1.493968	3.675162	1.548088
2886	-1820.753	-2103.847	283.0941	0.385983	0.509949	0.0309908	0.0730764	1.237301	1.548185	3.016132	1.104574
2892	-1804.085	-2087.603	283.518	0.507861	0.393752	0.041961	0.0564252	1.225341	1.578572	2.609989	1.344322
2898	-1802.314	-2086.673	284.3592	0.500016	0.413534	0.0440691	0.042381	0.870487	1.648172	1.968842	1.868986
2904	-1810.1	-2094.026	283.9263	0.465537	0.355266	0.0823661	0.0968302	1.293237	1.668194	1.968842	1.868986
2910	-1811.079	-2095.016	283.9371	0.719592	0.188414	0.0758902	0.0161039	1.187981	1.627369	2.168652	1.650839
2916	-1813.678	-2095.899	282.2206	0.576674	0.157767	0.251962	0.0135972	1.252815	1.35661	3.328786	1.693028
2922	-1800.952	-2084.142	283.19	0.61934	0.0842822	0.127929	0.168449	1.41984	1.432274	2.461234	1.995435
2928	-1812.938	-2096.528	283.59	0.650409	0.218166	0.0567286	0.0746965	1.217036	1.543174	2.545906	1.427746
2934	-1816.557	-2099.651	283.0942	0.670106	0.224773	0.0466262	0.0584956	1.463931	1.531045	2.579752	1.699412
2940	-1802.215	-2084.653	282.4385	0.512152	0.317035	0.0704361	0.100377	1.255601	1.657845	3.266627	1.217423
2946	-1805.129	-2088.563	283.4343	0.518425	0.361856	0.0718132	0.0479067	1.234163	1.393252	2.849302	1.203227
2952	-1805.561	-2090.117	284.5563	0.571189	0.249973	0.155945	0.0228935	1.245544	1.593766	2.063253	1.11549
2958	-1795.262	-2079.615	284.353	0.612072	0.255638	0.0894689	0.0428205	1.311099	1.841066	1.847977	1.346551
2964	-1803.72	-2087.61	283.8896	0.597249	0.261409	0.0995589	0.0417834	1.491659	1.779265	2.149897	1.250765
2970	-1792.294	-2073.62	281.3257	0.600159	0.262682	0.0951723	0.041987	1.75598	1.665352	3.603823	1.323133
2976	-1795.031	-2077.575	282.5441	0.697069	0.12095	0.133215	0.0487668	1.271444	1.525316	2.811707	2.157141
2982	-1804.576	-2087.518	282.9419	0.712604	0.0203096	0.162649	0.104438	1.186033	1.447568	2.591345	2.32529
2988	-1801.143	-2084.833	283.6906	0.651717	0.159994	0.114664	0.0736261	1.186033	1.650915	2.284718	1.705528
2994	-1801.707	-2083.298	281.5907	0.625784	0.121283	0.204774	0.0481599	1.287554	1.394388	3.763541	1.471403
3000	-1804.506	-2086.19	281.6836	0.68964	0.133659	0.115904	0.0607983	1.880677	1.225889	3.094679	2.406607
3006	-1824.953	-2106.081	281.1276	0.804525	0.0417113	0.0746284	0.0791351	1.485063	1.333082	3.625135	2.219771
3012	-1813.161	-2094.645	281.4837	0.737583	0.0397617	0.118102	0.104554	1.456456	1.297487	3.474413	2.168562
3018	-1812.19	-2093.525	281.3352	0.555277	0.270294	0.038485	0.135944	1.02448	1.24882	4.030677	1.693274
3024	-1804.615	-2086.25	281.6347	0.540528	0.317458	0.0316078	0.110407	2.553908	1.567733	3.106329	1.386222
3030	-1817.229	-2100.668	283.4391	0.532755	0.312893	0.0174453	0.136906	1.288827	1.530838	2.618857	1.403942
3036	-1807.458	-2088.72	281.2617	0.559974	0.327069	0.0100627	0.102894	1.180491	1.407006	3.999744	1.476969
3042	-1811.548	-2092.639	281.0911	0.569281	0.263788	0.0732516	0.0936797	1.242985	1.33805	3.920784	1.864912
3048	-1815.505	-2094.389	278.8838	0.608499	0.0481414	0.243226	0.100133	1.363751	1.343636	4.26698	4.337802
3054	-1786.909	-2068.721	281.8114	0.726406	0.0452834	0.104857	0.123454	1.510022	1.315032	3.272507	2.102792
3060	-1807.783	-2089.841	282.0574	0.70489	0.0708133	0.143675	0.0806216	1.404828	1.43901	3.107594	2.102792
3066	-1791.411	-2074.185	282.7737	0.710064	0.0975915	0.104218	0.0881264	1.067686	1.364977	2.911171	2.102792
3072	-1792.073	-2075.35	283.2767	0.560394	0.30928	0.0740724	0.0562533	1.067686	1.364977	2.716053	1.861542
3078	-1798.632	-2080.605	281.9726	0.727952	0.0897893	0.103589	0.0786695	1.381391	1.397083	2.830016	3.027984
3084	-1805.651	-2088.394	282.7431	0.724846	0.123835	0.0452053	0.106115	1.243142	1.39749	2.376145	3.178225
3090	-1797.912	-2081.09	283.1772	0.715447	0.149706	0.0746794	0.060168	1.455167	1.505815	2.470826	1.85574
3096	-1812.089	-2093.506	281.4169	0.491835	0.26633	0.134794	0.10704	1.383082	1.238304	3.494987	2.390544
3102	-1824.904	-2104.589	279.6848	0.484722	0.281063	0.127278	0.106938	1.045968	1.195214	5.077996	1.478222
3108	-1821.993	-2102.966	280.973	0.461916	0.267839	0.157269	0.112977	1.028259	1.293822	4.310418	1.480473
3114	-1807.52	-2087.384	279.8641	0.689267	0.0634556	0.174045	0.0732325	1.688375	1.207353	4.310418	2.249127
3120	-1817.427	-2098.356	280.9293	0.72951	0.106638	0.147331	0.0165207	1.682199	1.34178	3.726987	2.010883
3126	-1796.814	-2078.936	282.1215	0.67241	0.142969	0.135799	0.0488216	1.139719	1.328346	3.223993	2.235297
3132	-1802.892	-2084.381	281.4883	0.675188	0.167486	0.0711067	0.0862198	1.219318	1.198692	3.959092	1.495653
3138	-1804.609	-2085.38	280.7709	0.686652	0.155623	0.0656691	0.0920559	1.53775	1.353205	4.063433	1.607816
3144	-1794.782	-2073.596	278.8142	0.72626	0.0920141	0.0924628	0.0892629	1.872005	1.225168	4.960151	1.879587
3150	-1816.38	-2100.34	283.9602	0.588422	0.0972573	0.167137	0.147184	1.252709	1.583907	1.913702	2.093766
3156	-1809.004	-2093.102	284.0975	0.672277	0.139547	0.0764351	0.11174	1.252709	1.605844	1.91698	1.876188
3162	-1800.002	-2082.547	282.5448	0.624132	0.217917	0.107084	0.0508664	1.038639	1.586876	3.057686	1.828128
3168	-1800.222	-2084.979	284.7569	0.539469	0.313134	0.0831072	0.0642898	1.038639	1.586876	2.037358	1.161354
3174	-1807.152	-2088.034	280.8824	0.73337	0.0749294	0.0722428	0.119458	1.81526	1.278903	3.571704	2.389907
3180	-1805.84	-2087.734	281.8935	0.734769	0.0750724	0.0841685	0.10599	1.214603	1.273126	3.590413	1.691459
3186	-1813.954	-2093.976	280.0223	0.754683	0.0714003	0.0204136	0.153503	1.214603	1.173047	4.601097	1.942394
3192	-1820.172	-2101.229	281.0574	0.444862	0.357671	0.187731	0.00973594	1.102611	1.092003	4.435615	1.282102
3198	-1816.665	-2096.052	279.3874	0.558218	0.368737	0.0562283	0.0168167	1.102077	1.102972	4.952159	2.191347
3204	-1810.483	-2090.203	279.7199	0.604911	0.135198	0.219815	0.0400769	1.8987	1.184223	4.401152	2.028129
3210	-1818.253	-2098.375	280.122	0.616278	0.158651	0.137239	0.0878322	1.739612	1.294534	4.145124	2.116497
3216	-1801.559	-2084.36	282.801	0.599318	0.223273	0.165954	0.0114556	1.060375	1.481523	3.016343	1.699081
3222	-1805.007	-2088.862	283.8547	0.350947	0.438062	0.19974	0.0112511	0.9503739	1.469189	2.82008	1.025724
3228	-1813.61	-2097.56	283.9497	0.585063	0.0362251	0.332986	0.0457254	0.9388733	1.541743	2.260925	1.868897
3234	-1806.08	-2088.755	282.6748	0.642863	0.122029	0.231407	0.00370092	1.50084	1.606086	2.735008	1.774166
3240	-1811.884	-2093.441	281.5573	0.651779	0.175192	0.0759295	0.0970989	0.9065865	1.36926	3.829771	1.852523
3246	-1799.729	-2081.987	282.2583	0.818835	0.0777696	0.0385399	0.0648557	1.686343	1.484965	2.793887	2.150213
3252	-1807.903	-2090.063	282.1598	0.791156	0.0751408	0.0584763	0.0752265	1.420137	1.500512	2.793887	2.601115
3258	-1825.224	-2108.332	283.1077	0.683459	0.139037	0.0465601	0.130944	1.317976	1.522446	2.29307	2.488609
3264	-1804.121	-2088.173	284.0521	0.617722	0.221847	0.0420818	0.11835	1.317976	1.591439	2.154316	1.441913
3270	-1810.649	-2092.896	282.2479	0.417334	0.423861	0.101543	0.0572624	1.187834	1.255606	3.448693	1.60857
3276	-1797.29	-2080.832	283.5417	0.503277	0.35952	0.0681486	0.0690546	1.187834	1.33257	2.627295	1.60857
3282	-1813.618	-2097.649	284.0311	0.592773	0.242686	0.0197386	0.144802	0.9705395	1.38837	2.435754	1.578295
3288	-1812.469	-2095.353	282.8843	0.744293	0.152019	0.0334246	0.070263	1.550623	1.330212	2.740945	1.791838
3294	-1801.969	-2085.049	283.0801	0.268581	0.608363	0.0424508	0.0806048	1.550623	1.380113	2.906114	1.194266
3300	-1809.472	-2092.787	283.3156	0.296332	0.561753	0.0796233	0.0622917	1.24624	1.419392	2.903637	1.194266
3306	-1806.788	-2089.779	282.9917	0.37519	0.492134	0.0834876	0.0491883	0.7930795	1.231567	3.677161	0.8431145
3312	-1793.812	-2076.123	282.3111	0.53542	0.34289	0.0824187	0.0392715	1.693871	1.445768	2.929282	1.827534
3318	-1804.233	-2085.823	281.5903	0.606074	0.341892	0.0128761	0.0391573	1.494449	1.583845	3.37438	1.829226
3324	-1793.641	-2075.872	282.231	0.691276	0.229522	0.0110365	0.0681661	0.9743613	1.260936	3.220763	2.417168
3330	-1806.732	-2090.268	283.5365	0.522384	0.190425	0.206559	0.0806312	1.271773	1.478213	2.723154	1.187268
3336	-1809.078	-2090.906	281.8277	0.501764	0.182908	0.198406	0.116922	1.843057	1.405987	3.26609	1.628482
3342	-1801.735	-2084.285	282.5507	0.569667	0.182146	0.174763	0.0734239	1.321071	1.444096	3.105416	1.568973
3348	-1806.593	-2089.915	283.3226	0.642924	0.163327	0.111357	0.082391	1.38037	1.382164	2.877416	1.143085
3354	-1810.917	-2093.427	282.5097	0.522444	0.373896	0.0502026	0.0534568	1.688005	1.257155	3.084782	1.505982
3360	-1820.423	-2101.333	280.9105	0.725884	0.202348	0.0347578	0.0370109	2.52711	1.362691	3.149047	2.529916
3366	-1818.392	-2098.979	280.5866	0.711622	0.18991	0.0142258	0.0842422	0.9417117	1.257194	4.44155	1.816286
3372	-1794.515	-2076.204	281.6882	0.690571	0.184292	0.0055436	0.119593	1.359123	1.509294	3.272335	2.1884
3378	-1806.493	-2086.344	279.8512	0.733803	0.0792478	0.0554249	0.131524	1.608135	1.320693	4.072491	2.831905
3384	-1809.823	-2090.199	280.3767	0.706104	0.0460879	0.0734677	0.17434	1.344555	1.079429	4.105394	2.652967
3390	-1825.155	-2104.473	279.3184	0.719551	0.0545445	0.0856363	0.140268	2.650887	1.205021	4.114805	2.537522
3396	-1799.268	-2079.919	280.6508	0.766515	0.0964208	0.0254679	0.111596	1.332927	1.136585	3.98878	2.475582
3402	-1800.361	-2079.989	279.6286	0.797792	0.0982245	0.0134518	0.0905322	1.257981	1.05636	4.658234	2.45686
3408	-1818.728	-2100.514	281.7861	0.873727	0.0205268	0.00659683	0.0991492	1.287153	1.099432	3.534572	2.091828
3414	-1820.827	-2101.171	280.3439	0.49843	0.397888	0.0138001	0.0898813	1.280191	1.132028	4.563369	1.599047
3420	-1817.538	-2100.79	283.2519	0.522886	0.334036	0.00814828	0.13493	1.749822	1.487586	2.571687	1.304874
3426	-1818.15	-2101.816	283.6663	0.458134	0.37594	0.0471442	0.118781	1.473604	1.747517	2.383434	1.151907
3432	-1808.318	-2089.844	281.526	0.617954	0.254499	0.0635904	0.0639561	1.67565	1.382625	3.653147	1.392623
3438	-1804.119	-2085.699	281.58	0.583365	0.267361	0.0668042	0.0824701	1.382712	1.263207	3.835526	1.392623
3444	-1810.28	-2092.118	281.8378	0.583365	0.267361	0.0668042	0.0824701	1.788931	1.356414	3.229549	1.806135
3450	-1810.244	-2089.876	279.6321	0.701264	0.098507	0.124151	0.0760781	1.3584	1.12084	4.421239	2.864635
3456	-1809.638	-2089.037	279.3994	0.644926	0.125408	0.208079	0.0215862	1.715331	1.346559	4.08287	3.376063
3462	-1815.768	-2094.956	279.1881	0.637811	0.198205	0.102385	0.0615989	1.148195	1.214209	4.788486	2.690731
3468	-1808.458	-2089.917	281.4594	0.641324	0.199296	0.102949	0.0564306	1.106024	1.339379	3.532653	2.464046
3474	-1809.803	-2091.763	281.9596	0.520916	0.313032	0.111368	0.0546839	1.016541	1.463112	3.162358	2.606205
3480	-1800.218	-2084.054	283.8353	0.523141	0.314369	0.105993	0.0564974	0.9843663	1.430755	2.662069	1.32212
3486	-1789.888	-2071.414	281.5265	0.577093	0.270986	0.118973	0.0329474	1.106434	1.364907	3.728247	1.867787
3492	-1805.128	-2086.16	281.032	0.597638	0.231149	0.146332	0.0248801	1.543471	1.233603	3.859785	1.867787
3498	-1821.948	-2103.204	281.2561	0.539241	0.330203	0.0479805	0.0825753	1.156932	1.212494	3.834729	2.119455
3504	-1804.04	-2087.148	283.1082	0.345947	0.589532	0.0307816	0.0337394	1.317991	1.423102	3.021271	1.133608
3510	-1832.864	-2115.369	282.505	0.707007	0.0334471	0.0493689	0.210177	1.317977	1.356377	2.86667	2.26213
3516	-1798.159	-2080.489	282.3299	0.707007	0.0334471	0.0493689	0.210177	1.306583	1.480888	2.725454	2.699945
3522	-1813.048	-2095.006	281.9581	0.548554	0.408909	0.0336017	0.00893477	0.153268	1.361118	3.465051	2.936367
3528	-1817.741	-2099.195	281.4543	0.569014	0.129871	0.0641403	0.236975	0.153268	1.231369	3.780251	3.087489
3534	-1816.363	-2096.164	279.8009	0.505762	0.282017	0.137335	0.0748868	0.1311753	1.168138	4.100309	5.313459
3540	-1805.298	-2086.457	281.1598	0.295579	0.544324	0.05745	0.102647	0.2095222	1.140073	4.444494	2.022114
3546	-1803.781	-2087.084	283.3034	0.460636	0.377424	0.0368963	0.125044	0.2095222	1.44966	2.937486	2.223579
3552	-1813.059	-2094.785	281.7268	0.612438	0.245589	0.0266239	0.11535	0.1435969	1.464938	3.753928	2.326172
3558	-1815.85	-2097.456	281.6056	0.774938	0.102214	0.0278149	0.0950329	0.1713699	1.314993	3.166672	4.751635
3564	-1812.441	-2092.052	279.611	0.658581	0.170073	0.0133498	0.157997	0.1755465	1.129851	5.080812	2.573866
3570	-1797.575	-2077.603	280.0283	0.41612	0.47725	0.0547008	0.0519291	0.1750442	1.008196	4.916104	2.573866
3576	-1811.882	-2091.687	279.8048	0.547826	0.21777	0.0554629	0.178941	0.2247889	1.090238	5.018691	2.573866
3582	-1811.281	-2090.482	279.2019	0.40883	0.347266	0.110365	0.133539	0.144545	0.8548237	5.619191	2.061401
3588	-1811.257	-2091.401	280.1437	0.637612	0.248984	0.0634952	0.049909	0.1602313	1.0333	4.789994	2.666057
3594	-1812.922	-2094.041	281.1195	0.610319	0.189513	0.059699	0.140469	0.12041	0.9968978	4.419312	2.081031
3600	-1823.816	-2104.37	280.5541	0.512328	0.264724	0.108203	0.114745	0.1487143	0.9486334	4.817518	2.081031
3606	-1813.859	-2096.381	282.5216	0.444846	0.387998	0.0603743	0.106782	0.1445845	1.166766	3.821028	1.531458
3612	-1808.531	-2089.087	280.5557	0.358402	0.463358	0.0507174	0.127522	0.1980297	1.024374	4.969509	1.729524
3618	-1816.678	-2098.528	281.8493	0.418717	0.350204	0.0657527	0.165327	0.1710765	1.234029	3.542417	3.169852
3624	-1815.493	-2094.376	278.8838	0.464925	0.259514	0.0453469	0.230213	0.1524731	0.9426788	5.438351	2.928198
3630	-1812.584	-2092.126	279.5417	0.729211	0.131335	0.0229491	0.116506	0.1559567	1.229443	5.054526	2.545145
3636	-1822.676	-2104.797	282.1201	0.700989	0.151675	0.0265033	0.120832	0.1329955	1.266927	3.418547	2.860195
3642	-1811.885	-2095.236	283.3503	0.485031	0.328989	0.0924595	0.0935205	0.1515817	1.338294	2.785135	2.568336
3648	-1810.109	-2091.993	281.8844	0.598937	0.20094	0.0932533	0.10687	0.1474756	1.283537	3.790656	2.283948
3654	-1819.566	-2103.002	283.4352	0.409226	0.4336	0.0633206	0.0938542	0.1865319	1.581307	2.712401	2.347478
3660	-1812.627	-2095.043	282.4164	0.599117	0.251713	0.0591737	0.0899963	3.588901	1.583637	2.034145	1.752797
3666	-1806.823	-2091.594	284.7713	0.51305	0.27051	0.0664481	0.149992	0.8545111	1.658849	1.816858	1.641285
3672	-1795.317	-2079.77	284.453	0.576219	0.303816	0.0362809	0.0836839	1.458299	1.741544	1.658765	1.50364
3678	-1793.035	-2078.064	285.0291	0.611246	0.257151	0.0790365	0.0525662	1.092623	1.8665	1.322136	1.601011
3684	-1806.73	-2092.031	285.3013	0.374456	0.531528	0.0230206	0.0709954	0.7142727	1.781117	1.483154	1.592701
3690	-1824.091	-2108.475	284.3842	0.624047	0.214141	0.106679	0.0551328	1.637056	1.904234	1.254032	1.849487
3696	-1808.867	-2089.972	281.1051	0.713298	0.161111	0.102879	0.0227118	1.72549	1.45979	2.887827	3.778631
3702	-1827.81	-2111.681	283.8707	0.436289	0.290044	0.106466	0.167201	1.246272	1.634615	2.549528	0.996774
3708	-1833.434	-2118.609	285.1759	0.396537	0.354732	0.0967652	0.151966	0.9000458	1.65085	2.001855	0.8701198
3714	-1824.548	-2109.032	284.4846	0.0511501	0.747823	0.159364	0.0416629	0.1590303	1.354475	3.2771	0.2626582
3720	-1820.531	-2104.279	283.7482	0.0195961	0.749344	0.155341	0.0757188	0.1624782	1.450144	3.600863	0.4198284
3726	-1816.826	-2100.793	283.9676	0.0111715	0.796796	0.167435	0.0245971	0.1745916	1.352123	3.589785	0.3053232
3732	-1810.201	-2093.664	283.4638	0.0267468	0.710241	0.221479	0.0415326	0.1794111	1.218544	3.96762	0.2319507
3738	-1809.052	-2092.487	283.4356	0.0274387	0.709736	0.221322	0.0415031	0.1794111	0.9868808	4.117063	0.2589092
3744	-1800.185	-2082.377	282.1918	0.0291547	0.754124	0.172623	0.0440987	0.1794111	1.166637	4.717084	0.2589092
3750	-1809.207	-2093.231	284.0242	0.0295387	0.764055	0.174896	0.0315095	0.1997821	1.385755	3.515777	0.4020613
3756	-1804.752	-2089.323	284.5703	0.0848567	0.735089	0.141997	0.0380569	0.2053773	1.255748	3.235637	0.473671
3762	-1791.926	-2076.644	284.7179	0.142197	0.760919	0.0501719	0.0467127	0.1657412	1.645477	2.62626	0.8815466
3768	-1806.641	-2090.14	283.4988	0.248106	0.655515	0.050246	0.0461332	0.1506259	1.36927	3.477957	0.921043
3774	-1808.986	-2092.674	283.688	0.213121	0.651088	0.0899699	0.0458216	0.1875203	1.243449	3.478351	0.921043
3780	-1812.75	-2092.02	279.2693	0.757964	0.0820699	0.158296	0.00166995	1.69069	1.180231	4.593224	2.419699
3786	-1804.633	-2085.295	280.662	0.330547	0.55915	0.109518	0.00078536	1.07563	1.190357	4.665061	1.190829
3792	-1804.064	-2085.572	281.5079	0.403531	0.290439	0.0840281	0.222002	0.8706925	1.2827	3.88985	1.941049
3798	-1801.91	-2082.831	280.9206	0.50368	0.362521	0.104882	0.0289172	0.9586398	1.42255	4.248395	1.601352
3804	-1793.334	-2074.137	280.8033	0.492344	0.38365	0.11206	0.0119465	1.066346	1.145735	4.410489	1.601352
3810	-1813.288	-2093.901	280.6127	0.585793	0.217214	0.139868	0.0571251	1.066346	1.108353	4.729323	1.218003
3816	-1798.241	-2079.535	281.2934	0.604279	0.258271	0.0784239	0.0590257	1.54464	1.23337	4.017597	1.236321
3822	-1787.262	-2065.32	278.0579	0.503288	0.332594	0.0936399	0.070478	1.264259	1.187509	5.933109	1.333113
3828	-1796.482	-2077.226	280.7438	0.466383	0.357305	0.100597	0.0757144	1.224699	1.319118	4.152319	1.836209
3834	-1795.103	-2076.168	281.0651	0.613957	0.153942	0.132428	0.0996721	1.598248	1.303666	4.078402	1.242833
3840	-1802.486	-2084.674	282.1879	0.527237	0.210624	0.214209	0.0479296	0.9344484	1.344809	3.69943	1.364351
3846	-1814.552	-2095.802	281.2505	0.437189	0.257132	0.275645	0.0300338	0.9344484	1.382249	4.207521	1.378331
3852	-1812.067	-2094.432	282.3655	0.468793	0.438861	0.0752101	0.0171359	0.7931229	1.46436	3.77631	1.062115
3858	-1802.252	-2082.086	279.8348	0.329542	0.365416	0.297053	0.00798766	1.348824	1.105214	4.847009	1.559168
3864	-1820.312	-2100.121	279.8091	0.425137	0.235698	0.191751	0.147415	1.272162	1.229362	4.838362	1.543935
3870	-1806.385	-2089.684	283.2987	0.241819	0.59008	0.100062	0.0680392	0.1789645	1.457227	3.483407	1.077205
3876	-1807.576	-2089.875	282.2991	0.251477	0.643876	0.0452526	0.0593944	0.1480363	1.494308	4.061615	0.9762594
3882	-1803.116	-2085.644	282.5273	0.285508	0.607652	0.0794333	0.0274071	1.531146	1.455075	3.263267	1.086034
3888	-1808.47	-2092.085	283.6147	0.292483	0.622497	0.0732926	0.0117278	1.148247	1.481736	2.739913	1.194806
3894	-1809.916	-2092.509	282.5927	0.532066	0.329437	0.0891385	0.0493587	1.735938	1.616076	3.065738	1.02127
3900	-1810.341	-2094.345	284.0041	0.554864	0.343552	0.047074	0.0545102	1.163747	1.56561	2.374533	1.301882
3906	-1805.733	-2087.65	281.9168	0.677351	0.199216	0.0741957	0.0492367	1.003311	1.308425	3.623928	1.801455
3912	-1804.655	-2085.916	281.2616	0.665987	0.207239	0.0573288	0.0694446	1.332653	1.158407	4.041052	1.517733
3918	-1806.364	-2085.06	278.696	0.665987	0.207239	0.0573288	0.0694446	1.381003	1.013118	5.438864	1.720282
3924	-1800.267	-2079.033	278.7667	0.538038	0.260058	0.0913041	0.1106	1.092569	1.080379	5.395982	1.987956
3930	-1795.294	-2076.219	280.9247	0.584534	0.283598	0.0266491	0.10522	1.13943	1.310015	4.121557	1.789485
3936	-1797.447	-2080.438	282.9915	0.560008	0.313656	0.025531	0.100805	0.9294043	1.275424	3.263225	1.384344
3942	-1801.306	-2081.977	280.671	0.587468	0.329036	0.0267829	0.0567133	2.040035	1.450515	3.695993	1.910953
3948	-1808.177	-2087.465	279.2881	0.677319	0.248096	0.0201946	0.0543904	1.973891	1.241276	4.485065	2.260718
3954	-1796.918	-2077.126	280.2079	0.507082	0.280988	0.0228639	0.189066	1.440922	1.196736	4.186343	2.38634
3960	-1790.859	-2072.5	281.641	0.687774	0.075778	0.115274	0.121174	1.186499	1.360286	3.615526	1.878176
3966	-1795.657	-2075.466	279.8092	0.740726	0.0816122	0.0824364	0.0952253	1.186499	1.242766	4.587185	2.206492
3972	-1816.177	-2099.867	283.6899	0.202189	0.67346	0.12012	0.00423126	0.183333	1.378708	3.258631	1.155611
3978	-1813.876	-2098.127	284.2509	0.296133	0.594471	0.106032	0.00336431	0.1621306	1.27957	3.136061	0.8658937
3984	-1808.141	-2091.888	283.7475	0.427756	0.364326	0.206811	0.00110742	0.2259594	1.439339	3.09891	1.35281
3990	-1813.855	-2095.604	281.7486	0.365485	0.391126	0.241653	0.00173615	0.1694426	1.2732	4.200886	1.597807
3996	-1809.003	-2090.657	281.6543	0.447648	0.41951	0.129876	0.00296564	0.2663668	1.232392	4.277719	1.663969
4002	-1807.104	-2087.672	280.5685	0.47468	0.444843	0.0790904	0.0013862	0.1659576	1.09866	5.093853	1.317848
4008	-1812.405	-2095.48	283.0752	0.263114	0.512717	0.21777	0.00639955	0.2613203	1.350872	3.567356	1.317848
4014	-1798.079	-2081.521	283.4417	0.515179	0.370554	0.109642	0.00462513	0.1733344	1.444259	3.366903	1.139829
4020	-1813.886	-2096.942	283.0565	0.405883	0.45495	0.0509069	0.0882608	0.1664684	1.1981	3.509005	1.557298
4026	-1807.647	-2090.32	282.6728	0.358197	0.490807	0.0264773	0.124519	0.1664684	1.233153	3.711363	1.557298
4032	-1796.794	-2079.373	282.5786	0.387116	0.505502	0.0836632	0.0237183	0.208946	1.488026	3.552641	1.754131
4038	-1792.646	-2077.022	284.3763	0.434408	0.399763	0.144632	0.0211967	0.2081428	1.592329	2.471258	1.628276
4044	-1789.905	-2074.125	284.2203	0.350493	0.570061	0.0589765	0.0204695	0.1673305	1.558257	2.776523	1.229927
4050	-1794.214	-2078.275	284.0613	0.306496	0.611464	0.0709473	0.0110924	0.2211201	1.552263	2.811572	1.407463
4056	-1809.427	-2092.37	282.9427	0.364271	0.46898	0.08746	0.0792895	0.1380285	1.624558	3.226017	1.67778
4062	-1800.697	-2083.959	283.2627	0.20021	0.649164	0.0597151	0.09091	0.1485442	1.532513	3.409037	1.107309
4068	-1810.926	-2092.424	281.4984	0.282407	0.543227	0.0986574	0.0757086	0.15504	1.393331	3.307518	4.233934
4074	-1799.694	-2082.699	283.0044	0.40977	0.445871	0.0689736	0.0753851	0.2079904	1.455614	2.871039	2.830272
4080	-1817.614	-2101.218	283.6035	0.570532	0.294409	0.0455433	0.089516	0.1443021	1.401321	2.763958	2.132506
4086	-1807.786	-2091.853	284.0676	0.598461	0.308821	0.0665988	0.0261187	0.160043	1.452666	2.428274	2.222059
4092	-1792.628	-2075.401	282.7727	0.643794	0.2824	0.045708	0.0280972	0.1738437	1.538278	3.11383	2.381934
4098	-1804.99	-2089.545	284.5552	0.519129	0.358633	0.036857	0.0853816	0.1738437	1.610236	2.043029	2.190006
4104	-1802.878	-2084.954	282.0762	0.567554	0.267332	0.121747	0.0433674	1.074121	1.210199	3.843524	1.208696
4110	-1803.248	-2084.194	280.9454	0.664441	0.117815	0.06791	0.149834	1.532908	1.260773	3.843524	1.994258
4116	-1810.344	-2092.037	281.6935	0.734442	0.134127	0.0939461	0.0374846	1.597281	1.457384	3.261875	1.994258
4122	-1812.468	-2094.913	282.4447	0.4554	0.324009	0.174973	0.0456184	1.299546	1.527843	3.042654	1.747339
4128	-1822.166	-2104.734	282.5672	0.470802	0.266218	0.18089	0.0820891	1.469562	1.241661	3.327111	1.209457
4134	-1821.417	-2103.519	282.1027	0.476273	0.305125	0.208672	0.00993055	0.9171015	1.472145	3.631069	1.470309
4140	-1804.394	-2086.565	282.1714	0.588854	0.269413	0.129455	0.0122779	1.060437	1.51551	3.194511	2.082451
4146	-1803.389	-2085.794	282.4059	0.609496	0.278857	0.098938	0.0127083	0.9196974	1.258594	3.591088	1.44354
4152	-1802.638	-2081.599	278.961	0.451891	0.508017	0.0354531	0.00463806	0.9564945	1.263557	5.362197	1.755102
4158	-1808.929	-2089.892	280.9625	0.325185	0.591211	0.0753452	0.00825872	0.8180959	1.413297	4.686744	0.8862555
4164	-1798.035	-2077.597	279.5623	0.295099	0.63697	0.0511398	0.0167908	0.8813652	1.19455	5.40111	1.154382
4170	-1795.267	-2077.134	281.8676	0.430044	0.431846	0.0745254	0.063585	1.075394	1.214561	4.181193	0.8186545
4176	-1794.001	-2073.971	279.9702	0.434788	0.43661	0.11686	0.0117416	2.014122	1.340995	4.141889	1.978974
4182	-1809.752	-2090.041	280.2892	0.586944	0.310991	0.093243	0.00882151	1.297265	1.129774	4.43612	1.933404
4188	-1810.829	-2090.731	279.9021	0.662093	0.21431	0.105181	0.018415	1.543058	0.9992846	4.584302	1.982061
4194	-1799.559	-2078.745	279.1862	0.527482	0.37405	0.0837967	0.014671	1.426872	0.9580737	5.042704	2.030423
4200	-1794.687	-2075.066	280.3788	0.651441	0.232003	0.0984367	0.0181187	1.158059	1.130723	4.352791	2.186677
4206	-1815.34	-2095.088	279.7476	0.686455	0.0941431	0.199164	0.0202379	1.604427	1.310757	4.352791	2.259837
4212	-1808.086	-2087.181	279.0952	0.606497	0.235761	0.139862	0.0178806	1.897242	1.18348	4.762779	2.004428
4218	-1805.031	-2083.346	278.3156	0.540709	0.374022	0.0687617	0.0165071	1.00794	0.9536108	5.752468	2.004428
4224	-1803.604	-2083.167	279.5622	0.596162	0.251669	0.080588	0.0715816	2.420224	1.119643	4.409042	1.80861
4230	-1787.774	-2070.006	282.2324	0.720388	0.038343	0.115296	0.125973	1.336579	1.323083	3.006806	2.343089
4236	-1804.407	-2087.359	282.9516	0.734252	0.0390809	0.12739	0.0992774	1.673974	1.458085	2.461584	1.989794
4242	-1803.779	-2087.312	283.5329	0.656605	0.170515	0.0386816	0.134198	1.213943	1.573671	2.226725	2.092657
4248	-1813.77	-2096.69	282.9206	0.627201	0.227451	0.0488936	0.0964546	0.8536171	1.464627	3.201482	1.456908
4254	-1813.913	-2095.305	281.3926	0.742625	0.0261271	0.0175126	0.213736	1.165069	1.03832	3.654077	2.618776
4260	-1803.677	-2083.959	280.2816	0.705476	0.0324568	0.0402679	0.221799	1.449493	1.142354	4.083133	2.618776
4266	-1810.146	-2091.269	281.123	0.820385	0.0172479	0.0445007	0.117867	1.24736	0.9993866	4.009983	2.058323
4272	-1809.037	-2087.305	278.2674	0.724863	0.0119152	0.0791188	0.184103	2.248007	1.193655	4.769693	2.805368
4278	-1813.867	-2092.491	278.6243	0.886191	0.00713999	0.0462759	0.0603935	1.899184	1.22496	4.488045	3.44013
4284	-1807.124	-2087.057	279.9328	0.823541	0.00663523	0.0430044	0.12682	1.988473	1.292582	4.058184	2.327653
4290	-1803.473	-2084.711	281.2372	0.704835	0.00699819	0.15441	0.133757	1.818795	1.168307	3.460016	2.309592
4296	-1811.024	-2093.404	282.3803	0.792769	0.000984573	0.120484	0.085763	1.03675	1.3328	3.093375	2.316643
4302	-1800.958	-2082.828	281.87	0.734932	0.000644749	0.124704	0.13972	1.466681	1.382025	2.887654	2.940363
4308	-1802.442	-2084.289	281.8464	0.771537	0.00189294	0.100865	0.125705	1.355312	1.457525	2.915866	2.940363
4314	-1814.334	-2095.826	281.4922	0.66552	0.00731411	0.266121	0.0610442	1.355312	1.299767	3.221727	2.940363
4320	-1798.78	-2078.77	279.99	0.669188	0.00184268	0.267588	0.0613806	1.44079	1.259482	4.43871	1.981049
4326	-1794.511	-2075.736	281.2244	0.791862	0.00167215	0.165091	0.0413747	1.44079	1.324805	3.649972	2.091371
4332	-1799.48	-2080.797	281.3169	0.754542	0.00181465	0.219314	0.0243291	1.05972	1.233476	3.761973	2.314467
4338	-1797.496	-2078.643	281.1466	0.718269	0.00172742	0.172142	0.107862	1.42184	1.142297	3.673648	2.426435
4344	-1810.343	-2092.701	282.3585	0.713669	0.000753152	0.0765655	0.209012	1.577561	1.25499	2.923706	2.158326
4350	-1804.978	-2087.21	282.2317	0.71385	0.000499291	0.0765849	0.209065	1.29931	1.511492	2.652769	3.012242
4356	-1806.838	-2089.501	282.6632	0.71385	0.000499291	0.0765849	0.209065	1.29931	1.392236	2.566957	2.729889
4362	-1806.385	-2088.906	282.5216	0.69064	0.0352362	0.138429	0.135695	1.699056	1.404681	2.460627	2.658247
4368	-1810.8	-2093.553	282.7526	0.641702	0.103992	0.12862	0.125686	0.9481622	1.404681	3.031033	1.97012
4374	-1822.314	-2104.948	282.6334	0.632341	0.0951576	0.221704	0.0507968	1.13821	1.404681	2.702975	2.648684
4380	-1803.18	-2085.76	282.5805	0.57433	0.192813	0.18672	0.0461367	0.9609398	1.370172	3.059822	2.167406
4386	-1804.068	-2086.73	282.6612	0.691675	0.115107	0.130928	0.0622904	0.975858	1.557603	2.925243	2.08629
4392	-1808.915	-2089.525	280.6099	0.612374	0.0499725	0.2288	0.108854	1.399763	1.10929	4.152388	2.078247
4398	-1815.2	-2099.003	283.8036	0.500882	0.188716	0.206892	0.103509	0.8672004	1.457073	2.537267	1.70158
4404	-1824.558	-2108.323	283.7651	0.458077	0.167992	0.233634	0.140297	1.310887	1.596122	2.463576	1.226148
4410	-1808.382	-2091.033	282.6512	0.612702	0.0212022	0.228738	0.137357	1.378739	1.536762	2.595304	2.350919
4416	-1801.711	-2082.727	281.0158	0.743583	0.00573225	0.0637712	0.186913	1.555602	1.381567	3.356654	2.924933
4422	-1792.96	-2071.845	278.8849	0.75793	0.033657	0.040537	0.167876	2.318319	1.251492	4.321258	2.924933
4428	-1801.408	-2081.266	279.8586	0.698517	0.0310186	0.104144	0.166321	1.90592	1.251492	4.327419	1.921111
4434	-1811.741	-2092.059	280.318	0.653158	0.00695927	0.302567	0.0373154	1.30476	1.321394	3.671025	3.70349
4440	-1802.74	-2084.016	281.2753	0.719618	0.0073902	0.215892	0.0570998	1.485319	1.343767	3.62433	2.00453
4446	-1804.026	-2085.11	281.0837	0.590663	0.00606587	0.368153	0.0351189	1.278503	1.388991	3.671595	2.351836
4452	-1807.797	-2089.323	281.526	0.567829	0.224884	0.11526	0.0920275	1.743151	1.591831	3.26468	1.874498
4458	-1807.448	-2089.369	281.9208	0.670242	0.198774	0.101877	0.0291068	1.702785	1.535039	2.991752	2.077179
4464	-1800.122	-2082.798	282.6761	0.7359	0.151938	0.0522823	0.0598793	1.444081	1.528107	2.45688	2.571196
4470	-1803.207	-2084.321	281.114	0.607218	0.135954	0.164591	0.0922379	2.08356	1.485523	3.564807	1.559132
4476	-1801.378	-2082.295	280.917	0.46728	0.38378	0.0779584	0.0709811	1.299158	1.250606	4.169628	1.584894
4482	-1790.183	-2071.377	281.194	0.46728	0.38378	0.0779584	0.0709811	0.8647956	1.259923	4.169628	1.752634
4488	-1809.43	-2090.527	281.0965	0.625301	0.0990341	0.190682	0.0849828	1.468793	1.391051	3.801331	1.796364
4494	-1814.837	-2095.379	280.5421	0.868804	0.0170138	0.0950391	0.0191433	1.562605	1.55173	3.11273	4.240191
4500	-1816.913	-2098.514	281.6016	0.755366	0.0147923	0.160408	0.0694343	1.372349	1.592445	2.601683	4.052852
4506	-1820.593	-2102.38	281.7869	0.831356	0.0162804	0.084409	0.0679548	1.028058	1.466094	3.040212	3.20038
4512	-1815.725	-2094.596	278.8717	0.685218	0.0389995	0.0850228	0.19076	1.618542	1.41428	4.444855	3.20038
4518	-1813.951	-2094.127	280.1753	0.795861	0.0327222	0.0389571	0.132459	1.437117	1.365561	3.819157	3.20038
4524	-1818.816	-2100.476	281.6597	0.753154	0.0309663	0.0368666	0.179013	1.604113	1.339588	3.145826	2.476215
4530	-1813.805	-2093.071	279.2655	0.753154	0.0309663	0.0368666	0.179013	1.930971	1.223254	4.065904	3.590215
4536	-1808.79	-2086.777	277.9865	0.737746	0.0431352	0.0437672	0.175351	2.031459	1.412321	4.222617	5.141677
4542	-1798.221	-2078.679	280.4579	0.648882	0.0577226	0.180817	0.112578	1.537918	1.073155	4.294038	1.838795
4548	-1822.577	-2102.29	279.7135	0.647528	0.0459178	0.21316	0.0933944	1.128777	1.305881	4.294038	3.153246
4554	-1821.67	-2103.841	282.1714	0.629576	0.262432	0.0466968	0.0612945	1.18825	1.33637	3.610753	1.285854
4560	-1819.632	-2101.911	282.2788	0.715095	0.171868	0.0602198	0.0528169	1.673989	1.33637	3.194265	1.481783
4566	-1818.832	-2100.962	282.1301	0.579757	0.291684	0.0703366	0.0582224	1.439366	1.209091	3.362791	1.707394
4572	-1793.277	-2075.328	282.0507	0.640139	0.210839	0.0486358	0.100387	1.707022	1.222953	3.143502	1.976228
4578	-1796.768	-2077.84	281.0721	0.702464	0.0509874	0.209576	0.0369726	1.386772	1.191455	3.817242	2.151426
4584	-1802.625	-2085.617	282.9917	0.553715	0.245419	0.133857	0.0670093	1.50928	1.224665	2.93027	1.457484
4590	-1796.634	-2078.362	281.7279	0.536801	0.247217	0.134838	0.0811436	1.103937	1.465233	3.75597	1.446802
4596	-1795.166	-2077.526	282.3594	0.548679	0.252688	0.0535747	0.145059	1.359044	1.482851	2.982446	1.974026
4602	-1793.997	-2072.581	278.5848	0.598513	0.234285	0.0406206	0.126582	2.179172	1.465533	4.885765	1.744559
4608	-1805.147	-2085.451	280.3036	0.610464	0.239568	0.0364338	0.113535	3.354216	1.305876	3.759946	1.377169
4614	-1817.61	-2097.56	279.95	0.610695	0.239659	0.0364476	0.113199	1.513305	1.39744	4.158874	2.44939
4620	-1818.132	-2098.991	280.8589	0.703123	0.169628	0.0465617	0.0806866	1.350645	1.244865	4.158874	1.627958
4626	-1812.521	-2091.947	279.4267	0.567958	0.34451	0.0528595	0.0346731	0.9846417	1.061817	5.186995	1.786238
4632	-1811.673	-2092.795	281.122	0.507008	0.367175	0.0521385	0.0736786	1.408691	1.303037	3.628396	2.358418
4638	-1812.34	-2094.746	282.4054	0.560603	0.327075	0.0465459	0.0657755	0.8614954	1.612577	2.999941	2.358418
4644	-1814.08	-2094.84	280.7601	0.678961	0.177185	0.0596131	0.0842411	1.328776	1.579527	3.223306	3.786368
4650	-1822.31	-2103.114	280.8039	0.589078	0.105823	0.150023	0.155077	2.280271	1.21862	3.559336	2.126722
4656	-1818.026	-2100.306	282.2802	0.647328	0.154841	0.164857	0.0329736	1.032341	1.231765	3.389006	1.913274
4662	-1818.21	-2096.634	278.4238	0.763131	0.0742537	0.0559864	0.106629	1.628301	1.161511	5.136573	2.333126
4668	-1813.677	-2093.024	279.347	0.716534	0.159253	0.056905	0.0673085	1.842363	1.184928	4.696946	1.882673
4674	-1796.683	-2077.574	280.8915	0.542376	0.294811	0.130069	0.032744	1.484171	1.187009	4.275753	1.286103
4680	-1812.447	-2092.818	280.3715	0.513034	0.391042	0.0542009	0.0417232	1.119045	1.228391	4.736098	1.280128
4686	-1833.44	-2114.04	280.5995	0.520659	0.396854	0.0401429	0.0423434	1.119045	1.09267	4.710756	1.229499
4692	-1803.874	-2085.916	282.0423	0.526253	0.294836	0.115946	0.062966	1.512868	1.481847	3.149897	1.847458
4698	-1823.546	-2105.57	282.0239	0.543347	0.202084	0.190601	0.0639676	1.596369	1.334214	3.55074	1.167493
4704	-1805.386	-2086.593	281.2065	0.463634	0.370947	0.0823831	0.0830366	1.287227	1.25484	4.208038	1.192106
4710	-1812.109	-2092.164	280.0547	0.661052	0.075215	0.0815161	0.182217	1.576728	1.310337	4.505148	1.543573
4716	-1817.205	-2098.067	280.8621	0.45751	0.153087	0.328187	0.0612151	1.334422	1.170477	4.247866	1.543573
4722	-1802.317	-2084.117	281.7991	0.59869	0.200327	0.120878	0.0801049	1.200046	1.224223	3.911923	1.233031
4728	-1804.139	-2085.165	281.026	0.57059	0.319513	0.033552	0.0763451	1.399381	1.199787	4.262355	1.233031
4734	-1805.237	-2086.552	281.3151	0.492657	0.409808	0.00959336	0.0879418	0.704085	1.288165	4.262884	1.576326
4740	-1798.031	-2079.977	281.9453	0.559023	0.311438	0.0297508	0.0997885	1.25514	1.262866	3.710584	1.356808
4746	-1796.405	-2077.346	280.9412	0.712823	0.143856	0.0160776	0.127243	1.667341	1.12836	3.710584	2.348001
4752	-1807.781	-2088.932	281.1505	0.740817	0.119551	0.0023514	0.13728	1.586951	1.296249	3.317307	2.910232
4758	-1799.738	-2080.739	281.0006	0.706472	0.161301	0.00131155	0.130915	3.659264	1.400073	3.051219	1.670463
4764	-1811.263	-2091.772	280.509	0.643879	0.157314	0.00197195	0.196835	1.913013	1.378332	3.606525	2.596894
4770	-1800.746	-2081.071	280.3253	0.759171	0.0930628	0.00292189	0.144845	1.847063	1.137884	3.706012	3.087348
4776	-1800.251	-2083.334	283.0827	0.710344	0.152705	0.0014215	0.135529	1.044462	1.409759	2.478143	2.648246
4782	-1808.394	-2090.415	282.0212	0.714835	0.137026	0.00430989	0.143829	1.237298	1.430565	3.025745	2.586614
4788	-1807.877	-2089.4	281.523	0.604943	0.272523	0.00415356	0.118381	1.372097	1.240697	3.397405	2.491673
4794	-1812.305	-2093.136	280.8308	0.652066	0.304001	0.00463332	0.0393002	1.750154	1.290973	3.752743	2.077734
4800	-1811.481	-2092.227	280.7462	0.651981	0.274953	0.0337702	0.0392951	2.483279	1.338286	3.752743	1.455253
4806	-1802.29	-2084.68	282.3901	0.681735	0.254075	0.00622722	0.0579626	1.729146	1.242236	2.945324	1.916631
4812	-1792.357	-2073.693	281.3352	0.456196	0.314589	0.063705	0.165509	1.335688	1.170803	3.80478	1.916631
4818	-1815.416	-2093.828	278.4122	0.635384	0.106385	0.182821	0.0754098	1.985752	1.036536	5.223477	1.916631
4824	-1819.121	-2098.908	279.7869	0.725941	0.0206809	0.194543	0.058835	1.446891	1.03584	4.615969	2.12402
4830	-1813.378	-2094.231	280.8524	0.669489	0.0381433	0.233691	0.0586766	1.446891	1.222175	3.693347	2.666734
4836	-1803.834	-2085.513	281.6792	0.647154	0.0623439	0.233783	0.0567191	1.317263	1.2238	3.538781	2.021205
4842	-1814.612	-2095.169	280.5576	0.669963	0.0259293	0.296202	0.00790614	1.164036	1.045114	4.150733	2.562576
4848	-1808.56	-2090.038	281.4782	0.608264	0.0849141	0.268924	0.0378985	2.571689	1.304385	3.139777	1.805409
4854	-1810.804	-2092.19	281.3863	0.72594	0.0518663	0.176963	0.0452305	1.169604	1.245951	3.815316	1.929178
4860	-1808.316	-2089.341	281.0249	0.651241	0.094611	0.104211	0.149937	1.296091	1.076299	4.286268	1.426418
4866	-1806.844	-2088.963	282.1189	0.710702	0.103249	0.0224219	0.163627	1.321274	1.380225	3.15501	2.092825
4872	-1798.946	-2080.203	281.2578	0.651309	0.21019	0.0321601	0.106341	1.380008	1.253375	3.989364	1.46768
4878	-1803.309	-2083.122	279.8137	0.647764	0.209046	0.0374274	0.105762	1.380008	1.128686	4.586679	2.112825
4884	-1815.763	-2094.931	279.1679	0.697206	0.0782646	0.220884	0.00364465	1.710675	1.405442	4.693904	1.972852
4890	-1812.097	-2093.162	281.0654	0.549723	0.139094	0.307277	0.00390512	1.02572	1.176743	4.220894	1.700979
4896	-1823.41	-2105.264	281.8546	0.519263	0.287943	0.185285	0.00750948	1.624823	1.270084	3.389987	1.719427
4902	-1813.61	-2096.55	282.94	0.442705	0.387102	0.11193	0.0582636	1.129249	1.457042	2.994575	1.525199
4908	-1802.924	-2085.303	282.3793	0.575317	0.302197	0.0230389	0.0994465	1.129249	1.33914	3.59254	1.154702
4914	-1794.931	-2076.705	281.774	0.604196	0.217279	0.0740864	0.104438	1.498876	1.258566	3.720144	1.291789
4920	-1801.753	-2083.398	281.6444	0.734639	0.11621	0.0506159	0.0985345	1.235627	1.37649	3.720144	1.573515
4926	-1806.939	-2090.424	283.4842	0.775766	0.0891258	0.0388191	0.0962887	1.341163	1.466867	2.269557	2.054223
4932	-1802.683	-2086.601	283.9179	0.573767	0.260839	0.0212406	0.144154	1.414656	1.648442	1.957216	1.787773
4938	-1817.317	-2100.621	283.3041	0.715532	0.0557277	0.0489698	0.179771	1.419539	1.592219	2.14095	2.310016
4944	-1805.722	-2089.07	283.3482	0.723971	0.0379848	0.105848	0.132196	1.650574	1.537065	2.216351	1.896968
4950	-1819.574	-2101.583	282.0086	0.65698	0.181751	0.0925469	0.0687219	1.190509	1.196619	3.374229	2.15322
4956	-1821.007	-2101.842	280.8355	0.718948	0.136709	0.0441611	0.100182	1.383835	1.277711	3.904311	2.15322
4962	-1823.023	-2101.824	278.801	0.497104	0.32883	0.0424541	0.131612	1.932229	1.1004	5.157936	1.552955
4968	-1803.589	-2083.225	279.6355	0.564991	0.326753	0.00529176	0.102964	2.34433	1.371114	3.694533	3.280316
4974	-1805.836	-2088.772	282.9354	0.482878	0.3906	0.0134913	0.11303	0.8798652	1.584985	2.882445	1.909449
4980	-1816.31	-2099.205	282.8954	0.491232	0.397358	0.00624041	0.10517	1.336212	1.430854	2.961699	1.44683
4986	-1819.361	-2099.194	279.8327	0.514139	0.383873	0.00364906	0.0983386	1.458744	1.139635	4.889506	1.324297
4992	-1815.546	-2097.405	281.8588	0.225529	0.616292	0.00954689	0.148632	0.720117	1.088113	4.237898	1.220459
4998	-1806.789	-2087.283	280.4935	0.356287	0.536598	0.00831237	0.098803	1.751051	1.104465	4.312156	1.50369
5004	-1813.231	-2094.374	281.1427	0.586412	0.33397	0.00617855	0.0734399	1.020594	1.172475	3.851601	2.488142
5010	-1826.794	-2109.708	282.9136	0.566566	0.282757	0.0167967	0.13388	1.020594	1.540754	2.499658	2.690938
5016	-1811.802	-2095.275	283.4734	0.547979	0.273481	0.0385864	0.139954	1.146952	1.420419	2.66227	1.5642
5022	-1820.104	-2101.153	281.0487	0.776053	0.123697	0.0110005	0.0892493	1.332677	1.176667	4.019807	1.79897
5028	-1809.316	-2090.352	281.0362	0.592241	0.308093	0.0545121	0.0451544	1.051896	1.114797	4.430222	1.345201
5034	-1814.147	-2094.092	279.9455	0.515909	0.318554	0.0869823	0.0785545	1.96804	1.18831	4.430222	1.604794
5040	-1808.761	-2087.143	278.3813	0.458508	0.296591	0.101697	0.143204	1.334123	0.8002589	5.510286	2.306953
5046	-1811.341	-2088.222	276.8813	0.644892	0.0840581	0.0482256	0.222825	1.926581	0.7963145	6.038133	2.374412
5052	-1809.959	-2089.418	279.4584	0.646923	0.110906	0.151638	0.0905318	1.963393	1.106548	4.30106	2.707073
5058	-1796.971	-2076.617	279.646	0.501713	0.29686	0.142338	0.0590886	1.079566	1.063925	4.966598	1.890603
5064	-1819.307	-2101.329	282.0216	0.257546	0.527456	0.0803713	0.134627	1.310432	1.163001	3.960408	0.879
5070	-1805.456	-2087.654	282.1983	0.536679	0.193674	0.110468	0.159179	1.570361	1.2112	3.348218	1.517836
5076	-1806.553	-2088.26	281.7074	0.543228	0.159306	0.0868224	0.210644	2.150876	1.223877	3.252861	1.742556
5082	-1819.79	-2098.653	278.8628	0.543228	0.159306	0.0868224	0.210644	1.894772	0.9911039	5.073261	1.833581
5088	-1806.429	-2087.393	280.9641	0.31987	0.453254	0.108327	0.118549	0.8103982	1.208298	4.501144	1.456028
5094	-1809.09	-2089.926	280.8363	0.429762	0.26739	0.145543	0.157305	1.008193	1.269311	4.466945	1.37141
5100	-1814.968	-2096.843	281.8744	0.605056	0.214045	0.0739415	0.106957	1.008193	1.440574	3.509739	1.932229
5106	-1808.663	-2091.451	282.7888	0.604509	0.22209	0.0767206	0.0966803	1.147369	1.5064	3.05155	1.512761
5112	-1815.204	-2097.971	282.7666	0.611105	0.224513	0.066646	0.0977352	1.676034	1.66488	2.799507	1.301671
5118	-1821.197	-2105.176	283.9798	0.582378	0.174334	0.0784263	0.164862	1.371419	1.66488	2.303903	1.135695
5124	-1800.93	-2084.152	283.2218	0.648536	0.194173	0.0944853	0.0628064	1.404163	1.454952	2.566634	1.726752
5130	-1819.01	-2102.551	283.5413	0.390215	0.401956	0.070062	0.137767	0.7525165	1.335459	3.118055	1.187314
5136	-1805.147	-2088.332	283.185	0.548865	0.271661	0.055557	0.123916	1.102936	1.442887	3.040802	1.210371
5142	-1795.643	-2078.064	282.4206	0.592139	0.293079	0.0197202	0.095062	1.732349	1.642262	2.314999	2.763238
5148	-1809.749	-2092.883	283.1335	0.629643	0.0999839	0.0315817	0.238792	1.69572	1.800775	1.595362	3.135541
5154	-1799.157	-2082.664	283.5067	0.795821	0.105139	0.0103514	0.0886886	1.193072	1.800775	1.747746	2.891926
5160	-1817.691	-2100.481	282.7897	0.771831	0.0829244	0.105203	0.0400421	1.542474	1.683169	1.852611	3.534477
5166	-1807.111	-2091.613	284.5021	0.696502	0.221619	0.0090688	0.0728107	1.350443	1.838364	1.623565	1.502133
5172	-1800.025	-2082.744	282.719	0.62048	0.247825	0.0129439	0.118751	1.144673	1.350925	3.078368	1.732441
5178	-1805.564	-2087.551	281.987	0.71757	0.197171	0.00837985	0.0768788	1.015517	1.431295	3.152716	2.63969
5184	-1808.924	-2089.081	280.1574	0.380267	0.546184	0.00722893	0.06632	1.431421	1.191719	4.450423	1.835225
5190	-1813.147	-2093.225	280.0772	0.678492	0.0648694	0.070937	0.185701	1.751615	1.298901	4.067511	2.352318
5196	-1791.648	-2072.383	280.7348	0.765169	0.0906799	0.0398677	0.104283	1.703607	1.255297	3.859181	2.056602
5202	-1800.5	-2081.687	281.1872	0.773423	0.0916581	0.0402978	0.0946209	1.279282	1.321307	3.555882	2.59504
5208	-1796.791	-2077.706	280.9152	0.500042	0.179212	0.287035	0.0337122	1.097371	1.27966	4.345427	1.414516
5214	-1800.181	-2081.712	281.5306	0.659931	0.109073	0.227047	0.0039493	1.545201	1.25537	3.729185	1.507011
5220	-1825.98	-2105.505	279.5253	0.583692	0.165028	0.160978	0.090301	1.728977	1.017315	4.604079	2.21312
5226	-1835.939	-2116.058	280.1189	0.572066	0.116158	0.192177	0.119599	1.356071	1.26729	4.320712	2.181667
5232	-1827.532	-2108.074	280.5415	0.660947	0.105799	0.104624	0.128629	1.083788	1.191757	4.353204	1.978969
5238	-1802.535	-2083.625	281.0893	0.727454	0.101192	0.0331961	0.138158	1.716068	1.398243	3.82191	1.501901
5244	-1802.686	-2084.642	281.9558	0.793374	0.0356053	0.0438441	0.127177	1.177315	1.215586	3.583302	1.744089
5250	-1801.649	-2085.882	284.2333	0.719726	0.10962	0.021327	0.149327	1.006761	1.34095	2.26383	1.673897
5256	-1813.605	-2097.332	283.7267	0.64372	0.199851	0.0352704	0.121158	1.410223	1.571797	2.301084	1.481585
5262	-1807.093	-2090.284	283.1906	0.529978	0.164539	0.280946	0.0245367	1.410223	1.593043	2.56954	1.584981
5268	-1815.98	-2098.571	282.5909	0.600745	0.135046	0.230587	0.0336225	1.401705	1.454526	2.882285	1.876011
5274	-1816.403	-2100.187	283.7846	0.474388	0.21848	0.204109	0.103024	1.065325	1.475947	2.472126	1.586231
5280	-1807.797	-2090.765	282.9671	0.668137	0.162928	0.0881301	0.0808057	0.7715901	1.365524	3.322293	1.381919
5286	-1818.056	-2101.133	283.0771	0.481958	0.350571	0.0791882	0.0882827	0.8028145	1.382829	3.293751	1.259152
5292	-1823.778	-2105.38	281.6019	0.448927	0.326545	0.0831935	0.141334	0.8407988	1.273927	4.095321	1.435531
5298	-1806.048	-2087.085	281.037	0.565276	0.162043	0.184207	0.0884746	1.304738	1.26123	3.989006	1.807138
5304	-1801.74	-2083.753	282.0128	0.509946	0.157092	0.23244	0.100522	1.762953	1.349313	3.465051	1.174259
5310	-1821.885	-2103.184	281.2992	0.479711	0.203364	0.300905	0.01602	1.164985	1.420932	3.559496	2.428189
5316	-1820.142	-2102.482	282.3393	0.670749	0.0696316	0.24772	0.0118991	1.568434	1.616515	2.763144	2.062501
5322	-1807.889	-2090.347	282.4581	0.696913	0.0192345	0.235036	0.0488166	1.753013	1.612472	2.599134	2.062501
5328	-1819.937	-2102.679	282.7418	0.690302	0.0205721	0.177981	0.111145	1.554116	1.616239	2.159433	2.915016
5334	-1812.744	-2096.628	283.8846	0.562553	0.329227	0.0321689	0.0760505	1.19155	1.478645	2.322053	1.60193
5340	-1816.941	-2099.594	282.6535	0.627871	0.121793	0.0263519	0.223984	1.062505	1.307178	3.023324	2.098187
5346	-1814.16	-2096.736	282.5764	0.636833	0.134516	0.0202753	0.208375	1.477283	1.626333	2.812629	1.738321
5352	-1825.209	-2108.76	283.5513	0.610594	0.20728	0.0169361	0.16519	1.492062	1.576125	2.094088	2.001474
5358	-1824.034	-2106.4	282.3657	0.58236	0.368167	0.0134591	0.0360138	1.585521	1.423635	3.107929	1.533606
5364	-1802.267	-2083.471	281.204	0.656691	0.217405	0.0127943	0.113109	2.311002	1.328455	3.427	1.729216
5370	-1804.133	-2086.777	282.6439	0.686469	0.155692	0.00171939	0.15612	1.787628	1.471172	2.699294	1.757528
5376	-1811.406	-2090.785	279.3791	0.764814	0.133666	0.00256447	0.0989556	1.875182	1.392521	4.424602	2.177291
5382	-1799.288	-2079.24	279.9523	0.775426	0.156018	0.00114841	0.0674077	1.950501	1.056326	4.462692	1.70284
5388	-1802.503	-2084.825	282.3221	0.67702	0.136218	0.00100267	0.185759	1.24645	1.193911	3.37709	1.67464
5394	-1809.472	-2092.708	283.2366	0.605621	0.166501	0.00265033	0.225227	0.8539569	1.213254	3.135617	1.509857
5400	-1802.579	-2080.95	278.3706	0.569815	0.208572	0.00970235	0.211911	2.373725	1.040561	5.272841	1.509857
5406	-1804.714	-2084.164	279.4497	0.642866	0.241787	0.00996234	0.105385	1.373785	1.091789	5.018018	1.641157
5412	-1803.843	-2082.611	278.768	0.614278	0.182881	0.102142	0.100699	1.328241	1.109681	5.400589	1.657174
5418	-1795.46	-2075.859	280.3987	0.619059	0.202421	0.113055	0.065465	1.328241	1.157043	4.328217	1.967708
5424	-1789.77	-2067.517	277.7471	0.709702	0.110945	0.104302	0.0750504	1.73013	0.9337883	5.759684	1.906985
5430	-1786.73	-2064.803	278.0733	0.627476	0.179001	0.0875168	0.106006	1.276206	1.026093	5.7739	1.838953
5436	-1792.424	-2073.312	280.8874	0.464192	0.251228	0.12283	0.16175	1.610542	1.122768	4.363697	1.080803
5442	-1801.584	-2080.466	278.8817	0.633078	0.165074	0.0871213	0.114726	1.633079	0.9282637	5.416747	1.393077
5448	-1824.963	-2107.311	282.3479	0.499125	0.337265	0.0820978	0.0815123	0.8039385	1.354173	3.90572	0.9531863
5454	-1800.971	-2083.635	282.6643	0.5228	0.331764	0.0305131	0.114922	1.174498	1.452527	3.251125	1.305905
5460	-1798.293	-2078.978	280.6849	0.534519	0.316587	0.0376373	0.111256	1.315151	1.017984	4.494528	1.439854
5466	-1804.99	-2084.317	279.3266	0.45103	0.357495	0.0768251	0.11465	3.058669	1.286615	4.494528	1.240962
5472	-1805.366	-2085.047	279.6815	0.779589	0.044485	0.133843	0.042083	2.550268	1.270415	3.975442	2.361225
5478	-1795.283	-2076.626	281.3426	0.579172	0.176407	0.196422	0.0479991	1.27173	1.293826	4.045513	1.326876
5484	-1808.277	-2089.356	281.0788	0.652847	0.198847	0.0374402	0.110866	1.290338	1.401169	4.006357	1.563993
5490	-1811.407	-2092.756	281.3489	0.630765	0.269159	0.0307289	0.0693472	1.347668	1.156835	3.750401	2.027263
5496	-1805.164	-2087.42	282.2563	0.606447	0.258781	0.0680984	0.0666736	1.1929	1.487445	3.105924	2.034566
5502	-1803.862	-2084.582	280.7204	0.783262	0.0545936	0.122096	0.0400489	1.316224	1.209359	3.927771	2.444976
5508	-1804.368	-2085.218	280.8501	0.724102	0.0941943	0.0964625	0.0852411	1.84588	1.360464	2.991877	3.946314
5514	-1817.063	-2098.41	281.3473	0.75062	0.0976439	0.0633735	0.0883628	1.522941	1.346182	3.132466	3.11105
5520	-1803.999	-2085.045	281.0459	0.647278	0.10448	0.058161	0.190081	1.365781	1.40694	3.401433	2.981151
5526	-1808.438	-2089.635	281.1976	0.70751	0.140051	0.0735048	0.0789345	1.143459	1.408756	3.646592	2.405177
5532	-1795.065	-2076.819	281.7537	0.744754	0.0826979	0.0832012	0.0893471	1.39793	1.262933	3.538193	1.781006
5538	-1826.921	-2107.944	281.0237	0.67634	0.166962	0.0755583	0.0811397	2.124159	1.398251	3.667625	1.524713
5544	-1821.861	-2105.131	283.27	0.492363	0.172186	0.287384	0.0480668	1.719038	1.448991	2.63894	1.236255
5550	-1818.369	-2101.444	283.0741	0.685125	0.0266245	0.159536	0.128714	1.258508	1.369532	2.661749	1.997975
5556	-1818.495	-2100.332	281.8377	0.820559	0.0142413	0.0941086	0.0710916	1.359947	1.446043	3.096189	2.49229
5562	-1823.784	-2104.321	280.5365	0.568567	0.189346	0.139655	0.102432	2.324929	1.364093	3.672926	1.985068
5568	-1827.561	-2109.635	282.0743	0.67864	0.242885	0.0475645	0.0309103	1.520488	1.344619	3.31776	1.618149
5574	-1830.409	-2112.701	282.2918	0.460487	0.400465	0.0835867	0.0554608	1.246254	1.558568	3.024761	2.006698
5580	-1810.291	-2092.217	281.9261	0.62837	0.187331	0.108619	0.0756804	1.544133	1.322367	3.111019	2.271887
5586	-1833.72	-2117.186	283.4664	0.529697	0.245873	0.113671	0.110759	0.9405049	1.431708	2.774021	1.584628
5592	-1804.033	-2086.833	282.7997	0.831295	0.0150792	0.0652901	0.0883356	0.9691667	1.665578	2.231247	3.476914
5598	-1818.41	-2101.982	283.5713	0.650909	0.0312024	0.135101	0.182788	1.033369	1.403563	2.321991	2.313048
5604	-1810.076	-2092.918	282.8416	0.647692	0.0304281	0.134433	0.187447	1.469601	1.476778	2.321991	2.690068
5610	-1813.694	-2093.963	280.2697	0.6708	0.128388	0.16734	0.0334713	1.347293	1.489506	3.534313	3.851792
5616	-1819.216	-2098.728	279.5119	0.715686	0.118481	0.138192	0.027641	2.052953	1.127404	4.222722	2.702067
5622	-1799.678	-2082.404	282.726	0.724172	0.164049	0.067584	0.0441949	1.533558	1.287135	2.769182	2.011915
5628	-1800.364	-2083.163	282.7987	0.554018	0.161125	0.18179	0.103068	1.379105	1.259513	3.056378	1.529436
5634	-1800.002	-2080.928	280.9267	0.779267	0.087068	0.0787197	0.054945	2.49599	1.54518	3.228878	2.081378
5640	-1815.032	-2096.454	281.4219	0.574284	0.134262	0.166278	0.125176	1.214495	1.203741	3.388184	2.962296
5646	-1818.663	-2098.64	279.9767	0.631677	0.14768	0.0829575	0.137686	1.473701	1.184794	4.006336	3.236892
5652	-1827.239	-2109.137	281.8982	0.83216	0.0554467	0.0337816	0.0786118	1.541327	1.55385	2.668052	3.100861
5658	-1822.441	-2103.558	281.1164	0.75509	0.109704	0.0561096	0.0790967	2.232236	1.362013	3.199994	2.397002
5664	-1816.455	-2098.663	282.208	0.659659	0.143421	0.172623	0.0242963	1.262152	1.511584	3.010935	2.196637
5670	-1809.691	-2091.597	281.9062	0.849513	0.0139063	0.110172	0.0264087	1.275635	1.51087	2.621438	3.725521
5676	-1788.118	-2070.91	282.7926	0.759945	0.016753	0.18135	0.0419523	1.346027	1.504618	2.188284	3.252157
5682	-1806.897	-2087.654	280.757	0.56579	0.221366	0.109498	0.103346	1.615121	1.430135	3.225384	3.596462
5688	-1797.849	-2075.918	278.069	0.436035	0.450562	0.0583405	0.055063	1.618034	0.8648829	5.657244	1.940881
5694	-1797.836	-2076.27	278.4335	0.582308	0.292195	0.0779115	0.0475853	1.067919	0.99022	5.692813	1.86695
5700	-1810.653	-2089.579	278.9262	0.57133	0.29564	0.0764427	0.056587	1.272342	1.076727	5.096279	2.285472
5706	-1807.54	-2087.644	280.104	0.594033	0.320808	0.0237553	0.0614042	1.283636	1.088367	4.595283	1.876247
5712	-1809.333	-2092.4	283.0673	0.415612	0.386346	0.155081	0.0429611	1.322747	1.509404	2.889106	1.314911
5718	-1792.283	-2074.259	281.9759	0.650719	0.10763	0.162621	0.0790303	2.023962	1.767951	2.218605	3.1659
5724	-1811.905	-2095.036	283.1309	0.735133	0.0659206	0.170144	0.0288028	1.531647	1.80264	1.772629	2.947825
5730	-1808.923	-2091.511	282.5871	0.693997	0.141536	0.131542	0.032925	1.285888	1.816394	1.989776	3.709777
5736	-1807.009	-2090.371	283.3614	0.704695	0.0816872	0.12884	0.0847778	1.284252	1.762848	1.967747	2.540456
5742	-1790.957	-2073.247	282.2906	0.650895	0.139676	0.126314	0.0831159	1.253751	1.521141	2.640771	3.000405
5748	-1801.877	-2083.867	281.9892	0.607899	0.156773	0.157703	0.0776255	1.472892	1.552316	2.951329	2.321976
5754	-1804.071	-2086.179	282.1082	0.399664	0.365692	0.187913	0.0467304	1.993147	1.393252	3.012584	1.680968
5760	-1823.838	-2102.089	278.2519	0.589287	0.0104791	0.32441	0.0758237	1.028364	1.058291	5.712795	2.019292
5766	-1823.231	-2101.487	278.2563	0.622312	0.0406366	0.285492	0.0515599	1.199891	1.221974	5.327657	2.541645
5772	-1812.065	-2090.9	278.8345	0.788647	0.0227401	0.15976	0.0288527	1.138287	0.9531564	5.360866	2.094157
5778	-1806.629	-2088.254	281.6251	0.707417	0.0455888	0.220068	0.0269255	1.091053	1.295484	3.50727	2.370217
5784	-1815.025	-2097.802	282.7776	0.649589	0.0706201	0.24929	0.0305009	1.204325	1.371394	3.075622	1.573553
5790	-1819.591	-2100.603	281.012	0.593757	0.105559	0.227864	0.0728199	1.493989	1.303752	3.677471	2.286222
5796	-1807.995	-2089.834	281.8393	0.751294	0.0484371	0.0811866	0.119083	1.541171	1.232346	3.46101	1.72206
5802	-1806.525	-2088.428	281.9037	0.622802	0.283921	0.0378131	0.0554634	1.339026	1.332854	3.46101	1.737602
5808	-1828.39	-2109.896	281.5062	0.489104	0.371036	0.0820083	0.0578521	1.68827	1.430127	3.46101	1.737602
5814	-1807.255	-2087.574	280.3187	0.573492	0.142696	0.183296	0.100516	0.8785836	1.266305	4.703731	1.638617
5820	-1819.884	-2099.552	279.6681	0.526182	0.225287	0.168175	0.0803548	1.528301	1.306408	4.703731	1.636012
5826	-1812.957	-2093.107	280.1498	0.604907	0.203005	0.116196	0.0758914	2.062998	1.377907	4.116801	1.712234
5832	-1812.131	-2093.414	281.2822	0.596144	0.197113	0.114513	0.0922301	1.123451	1.352092	4.070612	1.436753
5838	-1822.989	-2104.335	281.3467	0.551722	0.253283	0.149766	0.0452297	1.297638	1.352092	3.946977	1.423211
5844	-1814.935	-2094.068	279.133	0.643048	0.164263	0.1072	0.0854879	1.857435	1.43494	4.43135	2.473723
5850	-1808.7	-2089.918	281.2183	0.652204	0.166602	0.0944883	0.0867051	1.343074	1.279107	3.803862	1.921151
5856	-1808.72	-2090.992	282.2719	0.699508	0.00606712	0.227011	0.067414	1.343074	1.592402	2.865914	2.227446
5862	-1812.28	-2094.081	281.8008	0.789487	0.00366961	0.123681	0.0831624	1.157447	1.283329	3.130651	3.015038
5868	-1832.148	-2113.765	281.6166	0.753411	0.0059432	0.20031	0.0403359	1.542619	1.407416	2.656774	3.917503
5874	-1816.926	-2098.611	281.6853	0.760002	0.0238615	0.117094	0.0990426	1.372853	1.42843	3.107614	2.706232
5880	-1815.09	-2094.96	279.8702	0.743857	0.0450752	0.121546	0.0895218	2.114965	1.397439	3.836467	2.706232
5886	-1810.33	-2089.908	279.5776	0.655052	0.103692	0.131092	0.110164	1.970497	1.198741	4.178514	2.706232
5892	-1813.886	-2094.038	280.1514	0.67609	0.051918	0.216834	0.0551584	2.018398	1.143855	3.690887	3.195644
5898	-1808.21	-2088.854	280.6438	0.610572	0.164385	0.121364	0.10368	1.052279	1.344658	3.758682	3.227814
5904	-1798.986	-2080.541	281.5552	0.587858	0.242772	0.06713	0.102241	0.9777536	1.148072	3.98258	1.707565
5910	-1797.172	-2078.596	281.4239	0.596864	0.150153	0.149176	0.103807	1.339397	1.057197	3.823807	1.901609
5916	-1800.951	-2082.292	281.3409	0.596864	0.150153	0.149176	0.103807	1.281483	1.19299	3.823807	1.901609
5922	-1803.488	-2085.345	281.8569	0.357845	0.50032	0.0737286	0.0681068	1.281483	1.398768	3.603672	1.484509
5928	-1814.382	-2094.763	280.381	0.706988	0.108057	0.090308	0.0946475	1.130603	1.242311	3.949547	3.152703
5934	-1828.997	-2110.801	281.8042	0.602502	0.276772	0.0592922	0.0614335	1.107911	1.534469	3.027739	2.957556
5940	-1818.268	-2099.305	281.0373	0.581138	0.253716	0.0370927	0.128053	1.659552	1.196171	3.726784	2.087156
5946	-1814.154	-2091.69	277.5363	0.628049	0.194596	0.0791409	0.0982147	1.703086	1.28992	5.259463	3.078874
5952	-1813.815	-2092.359	278.5433	0.639935	0.198279	0.110626	0.051161	1.660575	1.252471	4.090182	5.444704
5958	-1812.46	-2094.207	281.7471	0.610244	0.208382	0.0624742	0.118899	1.147088	1.256018	3.450814	2.31222
5964	-1800.238	-2082.052	281.8136	0.545228	0.289788	0.0871722	0.0778123	1.325343	1.371678	3.18262	2.468945
5970	-1799.35	-2081.938	282.5878	0.691262	0.0575577	0.11052	0.14066	1.097698	1.333362	3.04534	2.055228
5976	-1818.777	-2101.877	283.1008	0.760942	0.0633596	0.0911972	0.0845015	1.123047	1.605179	2.307666	2.616449
5982	-1802.667	-2085.664	282.997	0.724822	0.0589282	0.167666	0.0485831	0.7204499	1.427592	2.863874	2.310771
5988	-1804.531	-2086.571	282.0396	0.626509	0.123265	0.106056	0.14417	1.205501	1.480246	2.933843	2.765642
5994	-1801.953	-2083.158	281.2043	0.619997	0.190813	0.108609	0.0805809	1.51381	1.39927	3.248449	2.946645
6000	-1808.488	-2089.782	281.2945	0.762391	0.115091	0.0290572	0.0934604	1.319171	1.315684	3.259764	3.19443
6006	-1812.36	-2093.227	280.8666	0.809242	0.060711	0.0308428	0.0992038	1.739327	1.337549	3.400135	2.871333
6012	-1803.699	-2085.323	281.6239	0.805705	0.0439094	0.030708	0.119677	1.414919	1.242451	3.408975	2.257306
6018	-1812.585	-2093.877	281.2919	0.739455	0.0828813	0.0271807	0.150483	1.747515	1.316167	3.396035	2.257306
6024	-1808.288	-2089.596	281.308	0.747554	0.111269	0.022764	0.118414	1.247078	1.28695	3.362402	3.036157
6030	-1799.507	-2080.35	280.843	0.747554	0.111269	0.022764	0.118414	1.247078	1.202083	3.879838	2.492569
6036	-1823.812	-2104.517	280.7051	0.724373	0.0769362	0.082668	0.116022	1.680442	1.141	3.699841	2.697103
6042	-1827.905	-2109.95	282.0451	0.725234	0.0450469	0.0935879	0.136131	1.841751	1.557639	2.947234	1.835307
6048	-1823.051	-2105.785	282.7341	0.679312	0.0867891	0.147321	0.0865784	1.225138	1.716263	2.495504	2.407241
6054	-1801.615	-2083.942	282.327	0.692989	0.100813	0.0573527	0.148846	1.060159	1.524757	2.935752	2.464855
6060	-1812.446	-2094.966	282.5197	0.753339	0.0655307	0.0627213	0.118409	1.412852	1.600584	2.694496	2.175352
6066	-1793.525	-2074.724	281.1984	0.747464	0.0650197	0.0622321	0.125285	1.412852	1.444118	3.569447	2.187977
6072	-1796.727	-2078.208	281.4807	0.706693	0.163906	0.0707824	0.0586191	1.982089	1.372826	3.443102	1.595051
6078	-1813.994	-2095.485	281.4905	0.637884	0.237439	0.0698934	0.054783	1.052446	1.376886	3.628562	2.202097
6084	-1804.205	-2085.255	281.0505	0.4412	0.324508	0.102432	0.13186	1.071912	1.25224	3.94207	2.204148
6090	-1805.508	-2085.787	280.2792	0.604571	0.207122	0.111312	0.0769955	1.160302	1.269654	4.397442	2.021771
6096	-1802.376	-2082.531	280.1555	0.543448	0.287284	0.100058	0.069211	1.554915	1.344239	4.534305	1.351648
6102	-1804.954	-2086.597	281.6435	0.325389	0.344547	0.195107	0.134957	1.600905	1.277058	3.776285	1.214285
6108	-1816.097	-2098.778	282.6809	0.62474	0.277985	0.0752583	0.0220176	1.000755	1.416919	3.208728	1.603315
6114	-1805.251	-2087.475	282.224	0.502396	0.176567	0.265928	0.0551089	1.957453	1.53435	2.844126	1.741902
6120	-1796.98	-2078.378	281.398	0.682167	0.151842	0.0242394	0.141752	1.380442	1.353171	2.948449	3.791143
6126	-1826.013	-2108.71	282.6971	0.731854	0.162902	0.00647348	0.0987699	1.42352	1.437171	2.463407	2.69129
6132	-1805.04	-2087.521	282.4815	0.840952	0.0134176	0.0229763	0.122654	1.24265	1.398234	2.341986	3.752447
6138	-1821.055	-2104.508	283.4527	0.760273	0.00617458	0.020772	0.212781	1.597464	1.547991	1.797502	2.692358
6144	-1794.283	-2078.098	283.8152	0.767776	0.00623552	0.0111074	0.214881	1.447811	1.506063	1.790863	2.414539
6150	-1799.919	-2082.865	282.9457	0.760329	0.00898643	0.0115417	0.219143	1.811608	1.610616	1.874063	2.947839
6156	-1805.593	-2088.492	282.8989	0.721014	0.0353396	0.0121902	0.231456	1.876926	1.775347	1.860877	2.706377
6162	-1820.14	-2104.098	283.9578	0.825997	0.00581834	0.00584399	0.162341	1.676244	1.695741	1.645219	1.968788
6168	-1815.834	-2099.68	283.8462	0.865242	0.00609479	0.00612165	0.122542	1.221121	1.54482	2.097329	1.968788
6174	-1802.981	-2086.613	283.6322	0.814719	0.0057389	0.0133408	0.166202	1.580357	1.649629	1.784929	2.318568
6180	-1819.664	-2103.072	283.4073	0.832889	0.00711236	0.0136383	0.14636	1.868793	1.677317	1.807468	2.220594
6186	-1807.601	-2089.567	281.9658	0.778453	0.0066475	0.0781094	0.13679	1.911606	1.582826	2.513483	2.856918
6192	-1808.293	-2089.959	281.6657	0.722492	0.00831476	0.0978434	0.17135	1.875578	1.38872	2.868043	2.768295
6198	-1798.992	-2080.353	281.362	0.714196	0.00821928	0.185177	0.0924084	1.790021	1.372319	3.334123	2.18033
6204	-1810.697	-2093.388	282.691	0.714541	0.104623	0.0883825	0.0924531	1.098168	1.372319	2.862403	2.279213
6210	-1793.839	-2076.027	282.1883	0.809923	0.0128992	0.038882	0.138296	1.370985	1.359649	2.962886	2.415651
6216	-1805.459	-2086.115	280.6557	0.777066	0.0229516	0.0195128	0.180469	1.914583	1.092752	3.787161	2.336367
6222	-1812.766	-2093.129	280.3626	0.690785	0.138331	0.0218712	0.149013	1.75722	1.061995	4.043579	2.336367
6228	-1817.235	-2097.294	280.0597	0.696737	0.157025	0.0187167	0.127521	1.50042	1.242117	4.043579	2.851634
6234	-1799.52	-2080.683	281.163	0.70871	0.159724	0.00185399	0.129712	1.943723	1.153229	3.83329	1.470287
6240	-1802.211	-2081.461	279.2501	0.6864	0.171573	0.00269231	0.139335	2.695199	1.112538	4.630861	1.498478
6246	-1812.54	-2092.612	280.0721	0.681375	0.170317	0.00999356	0.138315	1.59861	1.061779	4.789782	1.213512
6252	-1801.903	-2083.131	281.2279	0.392971	0.410354	0.00469467	0.191981	0.8198574	1.176932	4.488422	1.213512
6258	-1806.567	-2088.587	282.0203	0.53552	0.370295	0.0375548	0.0566307	1.419316	1.16866	3.728955	1.182307
6264	-1795.685	-2077.563	281.8787	0.574381	0.284101	0.0288131	0.112706	1.598868	1.258836	3.774093	0.9963304
6270	-1793.229	-2074.812	281.5834	0.529064	0.377731	0.0189764	0.0742281	2.532194	1.371238	3.361363	1.201846
6276	-1803.18	-2084.431	281.2502	0.514822	0.367562	0.0451347	0.0724811	1.564709	1.330492	3.457466	2.362645
6282	-1803.34	-2085.961	282.6209	0.547804	0.304117	0.0177254	0.130354	0.9045665	1.307611	3.260827	1.823394
6288	-1814.879	-2095.619	280.7402	0.347351	0.462449	0.0371213	0.153079	1.436927	1.236845	4.496768	1.025707
6294	-1804.598	-2086.867	282.269	0.338106	0.453948	0.0663592	0.141587	1.113772	1.253949	3.756535	1.07937
6300	-1805.357	-2087.663	282.3053	0.338106	0.453948	0.0663592	0.141587	1.112642	1.290299	3.654257	1.188943
6306	-1815.619	-2096.264	280.6443	0.525503	0.137391	0.0964822	0.240624	1.685143	1.185555	4.320015	1.287447
6312	-1802.547	-2083.538	280.9913	0.470755	0.366174	0.046672	0.116399	1.377889	1.185555	4.089208	1.658062
6318	-1794.413	-2076.333	281.9197	0.477954	0.363124	0.0434928	0.115429	1.090429	1.185592	3.710671	1.658062
6324	-1804.691	-2086.967	282.2762	0.455895	0.387639	0.0642378	0.0922287	1.274184	1.300819	3.334138	1.658062
6330	-1802.099	-2085.607	283.5085	0.465529	0.32056	0.0878219	0.126089	1.274184	1.337427	2.88297	1.087375
6336	-1813.346	-2095.768	282.4213	0.637677	0.237898	0.0308505	0.0935748	1.821786	1.604667	2.791959	1.647671
6342	-1817.127	-2099.802	282.675	0.667955	0.120864	0.015477	0.195704	1.664756	1.446583	2.87356	1.524423
6348	-1806.004	-2087.368	281.3632	0.494148	0.355854	0.0149856	0.135012	1.507178	1.32181	3.765519	1.589913
6354	-1824.403	-2106.161	281.7582	0.460815	0.343944	0.021252	0.173989	1.022905	1.347255	3.795765	1.560844
6360	-1811.675	-2094.335	282.6598	0.576812	0.252744	0.113572	0.0568719	1.132221	1.160405	3.507574	1.198269
6366	-1824.206	-2104.045	279.8397	0.653843	0.241979	0.0348526	0.0693257	1.269474	1.006836	4.797275	1.873643
6372	-1815.576	-2098.556	282.9799	0.605059	0.328147	0.0169406	0.0498535	0.9118792	1.197937	3.254765	1.523067
6378	-1808.807	-2090.381	281.5732	0.720764	0.1409	0.0223299	0.116006	1.839129	1.366451	3.254765	2.03062
6384	-1807.649	-2090.531	282.8821	0.604135	0.279126	0.0187167	0.0980225	1.243448	1.473302	2.9176	1.597589
6390	-1821.447	-2105.018	283.5709	0.568155	0.167124	0.0563494	0.208371	1.165838	1.53533	2.702235	1.231988
6396	-1808.989	-2090.988	281.9997	0.507828	0.282238	0.0503662	0.159567	2.24031	1.499977	2.747467	2.012667
6402	-1819.183	-2100.161	280.9784	0.422212	0.41032	0.0401781	0.12729	1.316475	1.471714	4.200196	1.190369
6408	-1818.235	-2101.105	282.87	0.666351	0.236943	0.0232012	0.0735047	1.276859	1.581013	3.078831	1.156253
6414	-1815.191	-2098.71	283.5193	0.425412	0.378679	0.0793646	0.116545	1.575149	1.63509	2.515361	1.112894
6420	-1825.943	-2108.336	282.3936	0.436872	0.398949	0.0665105	0.0976687	1.575149	1.446516	2.913488	1.880581
6426	-1810.341	-2091.86	281.5192	0.707536	0.0850591	0.158706	0.0486996	1.507208	1.446516	2.781385	3.695662
6432	-1822.962	-2102.739	279.7774	0.692803	0.0893439	0.1667	0.0511527	1.232656	1.099369	4.719517	2.062579
6438	-1805.389	-2082.06	276.6707	0.745969	0.0479519	0.132396	0.0736831	1.232656	1.168854	5.945983	3.333406
6444	-1798.926	-2078.221	279.2948	0.505279	0.379671	0.0264294	0.0886208	0.9841304	1.078708	4.582772	3.65017
6450	-1790.891	-2068.637	277.7458	0.469569	0.465617	0.0409766	0.0238377	1.14379	1.081738	5.590323	2.899306
6456	-1805.016	-2086.816	281.8001	0.526593	0.389924	0.0343152	0.0491682	1.396789	1.376144	3.207929	2.325336
6462	-1793.271	-2075.479	282.2079	0.543713	0.362526	0.00679306	0.086968	1.809193	1.484593	3.080123	1.488353
6468	-1795.775	-2075.235	279.4598	0.677776	0.215451	0.00846801	0.0983049	1.634475	1.202591	4.616084	2.12444
6474	-1806.899	-2088.064	281.1655	0.573429	0.182281	0.161119	0.0831704	1.277865	1.245912	4.001449	1.670254
6480	-1805.055	-2088.761	283.7056	0.646155	0.223371	0.0716935	0.0587803	1.102614	1.372279	2.519919	1.670254
6486	-1817.98	-2100.876	282.8958	0.494164	0.435304	0.0592272	0.0113047	1.839179	1.510677	2.743329	1.286762
6492	-1813.571	-2097.208	283.6372	0.475615	0.418964	0.0945408	0.0108804	0.959403	1.478151	2.764588	1.331613
6498	-1822.282	-2105.778	283.4953	0.461409	0.485673	0.0201944	0.0327236	1.677901	1.644388	2.341708	1.331613
6504	-1817.558	-2101.696	284.1381	0.444286	0.473998	0.0616887	0.0200279	0.972809	1.734641	2.28354	1.331613
6510	-1804.382	-2088.414	284.0328	0.24244	0.594635	0.0142869	0.148638	1.048447	1.764573	2.28354	1.331613
6516	-1810.449	-2095.334	284.8854	0.388388	0.540938	0.00733639	0.0633379	1.114922	1.692299	1.991025	0.9196687
6522	-1815.913	-2100.306	284.3927	0.390307	0.543611	0.00243133	0.0636508	1.114922	1.749975	2.062906	1.254662
6528	-1815.176	-2098.658	283.4817	0.470652	0.449662	0.00293182	0.0767535	1.33281	1.54349	2.658312	1.229048
6534	-1807.662	-2089.796	282.1334	0.376644	0.502603	0.0044428	0.11631	1.467508	1.141274	3.629424	1.229048
6540	-1813.299	-2095.312	282.0131	0.446563	0.456435	0.01177	0.0852317	1.485325	1.185531	3.576822	1.394717
6546	-1808.663	-2092.585	283.9219	0.388743	0.519735	0.0126115	0.0789104	0.7746059	1.647144	2.746077	1.08466
6552	-1804.395	-2088.072	283.6777	0.391877	0.523926	0.0046497	0.0795467	0.8330736	1.629577	2.587008	1.591278
6558	-1822.314	-2105.333	283.0186	0.384607	0.514207	0.0231146	0.0780711	1.250264	1.425126	3.030788	1.275809
6564	-1821.06	-2099.527	278.4675	0.63941	0.226038	0.000908047	0.133644	1.077394	0.9459877	5.458506	2.459083
6570	-1822.464	-2100.48	278.0162	0.581846	0.262122	0.00105301	0.154978	1.612987	1.107862	5.726778	1.552063
6576	-1818.717	-2098.735	280.0185	0.599374	0.320535	0.000628782	0.0794626	1.013973	1.185203	4.765022	1.80457
6582	-1808.888	-2091.73	282.8423	0.764376	0.0334441	0.1233	0.07888	1.676461	1.635949	2.40136	2.023258
6588	-1814.434	-2096.809	282.3749	0.785692	0.0343768	0.0492568	0.130674	1.635907	1.420205	2.987158	1.718783
6594	-1821.064	-2103.26	282.1964	0.787291	0.019977	0.061792	0.13094	2.715615	1.434905	2.583844	1.774414
6600	-1811.22	-2092.844	281.6239	0.804623	0.010053	0.0310955	0.154229	2.203035	1.419593	2.729843	2.759349
6606	-1805.996	-2087.449	281.4526	0.63864	0.0510061	0.0282274	0.282126	1.3278	1.201154	3.556958	2.310535
6612	-1802.983	-2082.429	279.4462	0.828407	0.0511807	0.0428138	0.0775983	3.569537	1.227902	4.108108	1.619827
6618	-1801.93	-2083.215	281.2845	0.322526	0.538459	0.0532278	0.0857874	1.10991	1.316554	4.108108	1.4146
6624	-1794.089	-2076.277	282.1874	0.357145	0.468538	0.0643918	0.109925	1.395344	1.2872	3.702694	0.958879
6630	-1805.663	-2087.162	281.499	0.503177	0.360404	0.0368997	0.0995195	1.745906	1.2872	3.702694	1.369874
6636	-1808.949	-2090.679	281.7299	0.646617	0.165683	0.0321965	0.155504	1.21969	1.370676	3.609673	1.725999
6642	-1816.555	-2098.688	282.1328	0.646605	0.165688	0.0321976	0.155509	1.407495	1.370676	3.27379	1.725999
6648	-1812.405	-2095.47	283.065	0.633267	0.218342	0.0254538	0.122938	1.320416	1.518108	2.652034	1.765076
6654	-1797.023	-2079.627	282.6038	0.674178	0.191454	0.00551287	0.128855	2.097389	1.513471	2.365866	2.147146
6660	-1791.282	-2074.036	282.7538	0.509596	0.389108	0.00389712	0.0973987	1.353596	1.461909	2.880477	1.719292
6666	-1801.827	-2083.87	282.0432	0.596891	0.320275	0.00198357	0.0808503	1.366491	1.535305	2.677471	3.119881
6672	-1813.947	-2096.793	282.8464	0.608618	0.247817	0.00167854	0.141887	1.513263	1.530395	2.319978	2.546674
6678	-1799.436	-2081.023	281.5877	0.67138	0.0267216	0.0110567	0.290842	1.920884	1.303559	3.238518	2.047483
6684	-1791.397	-2072.461	281.0643	0.734722	0.0370315	0.0120999	0.216147	1.920884	1.218412	3.47497	2.335252
6690	-1799.206	-2081.561	282.3547	0.700971	0.14167	0.00488369	0.152475	1.351419	1.42157	2.86456	2.345753
6696	-1813.418	-2093.839	280.421	0.724726	0.0982415	0.0193894	0.157643	2.729852	1.352372	3.439707	2.345753
6702	-1809.471	-2089.898	280.427	0.776498	0.063779	0.0040252	0.155698	2.622132	1.231223	3.462928	2.560381
6708	-1813.356	-2095.015	281.6594	0.786021	0.0784148	0.00407457	0.13149	1.467058	1.476495	3.064035	2.655691
6714	-1802.324	-2084.974	282.6498	0.510951	0.423299	0.0568912	0.00885936	1.13842	1.458073	3.151367	1.545966
6720	-1800.734	-2081.701	280.9673	0.495817	0.410761	0.0850437	0.00837837	1.996939	1.276575	3.733618	1.71442
6726	-1791.772	-2072.852	281.0801	0.322779	0.584053	0.0738513	0.019317	1.359927	1.220957	4.105672	1.495594
6732	-1810.497	-2091.843	281.3465	0.513411	0.37207	0.0779227	0.0365968	1.342018	1.403697	3.750431	1.719243
6738	-1817.341	-2097.692	280.3515	0.549768	0.398417	0.0335424	0.0182725	2.399107	1.070955	3.87568	2.086285
6744	-1817.137	-2097.927	280.7895	0.539007	0.38264	0.0372903	0.0410624	1.433253	1.257256	4.063317	1.814865
6750	-1803.326	-2085.818	282.4921	0.462566	0.446089	0.0434737	0.0478713	0.9773181	1.268198	3.514484	1.417881
6756	-1803.026	-2085.159	282.1335	0.44944	0.389968	0.0830197	0.0775718	1.301571	1.428917	3.295349	1.725808
6762	-1803.57	-2085.625	282.0555	0.489857	0.306284	0.15974	0.0441187	1.431274	1.355929	3.39176	1.569262
6768	-1812.002	-2094.575	282.5736	0.651554	0.235345	0.097432	0.0156696	1.339569	1.335707	2.552257	2.945139
6774	-1809.666	-2090.452	280.7861	0.503619	0.473874	0.0147111	0.00779539	2.257012	1.239276	3.043025	3.553419
6780	-1810.107	-2092.184	282.0774	0.447445	0.524092	0.0244642	0.00399898	1.400134	1.160127	3.323789	1.965755
6786	-1795.262	-2076.089	280.8275	0.446305	0.531632	0.0164918	0.00557217	1.279689	1.068231	4.314526	1.625757
6792	-1817.317	-2099.946	282.6299	0.58	0.379215	0.0282008	0.0125842	0.7980605	1.363309	3.372117	1.64589
6798	-1807.048	-2089.887	282.839	0.645095	0.309543	0.0313659	0.0139965	0.7980605	1.34165	3.279721	1.609283
6804	-1798.036	-2078.492	280.4558	0.45158	0.475285	0.0690463	0.00408901	0.9473384	1.535868	4.438314	1.633485
6810	-1818.308	-2098.132	279.8241	0.467913	0.47812	0.0480157	0.00595115	1.008893	1.26904	4.90682	1.633485
6816	-1818.274	-2099.897	281.6226	0.710028	0.18657	0.0920001	0.0114026	0.990431	1.297619	3.628382	2.215011
6822	-1806.729	-2086.515	279.7866	0.569647	0.261132	0.128768	0.0404539	1.301101	1.207621	3.989516	3.886305
6828	-1796.784	-2076.672	279.8884	0.594321	0.332218	0.0306478	0.0428129	1.650773	1.11866	4.400433	2.159342
6834	-1804.513	-2085.55	281.0366	0.592697	0.23693	0.0672955	0.103077	2.238943	1.135503	3.833021	1.388301
6840	-1817.694	-2098.546	280.8521	0.455572	0.263033	0.125865	0.15553	1.97483	1.221506	3.923459	1.542177
6846	-1805.391	-2086.632	281.2415	0.501071	0.281795	0.12596	0.0911739	1.447788	1.320206	3.561498	2.27788
6852	-1809.649	-2089.586	279.9369	0.693841	0.0742654	0.114102	0.117792	1.468802	1.226714	4.032722	3.160374
6858	-1817.564	-2098.433	280.8697	0.567273	0.176909	0.153398	0.10242	0.9219773	0.9800909	4.425883	1.869739
6864	-1808.887	-2091.026	282.1391	0.582087	0.21765	0.126588	0.0736752	1.299656	1.227982	3.517321	1.508069
6870	-1827.807	-2108.726	280.9188	0.5654	0.252305	0.177374	0.00492113	1.36455	1.439481	3.6881	2.362839
6876	-1807.006	-2091.039	284.0331	0.559396	0.221255	0.217831	0.00151775	1.25101	1.405433	2.480308	1.174304
6882	-1810.937	-2093.619	282.6821	0.54112	0.214027	0.243742	0.00111091	0.9794917	1.380036	3.394181	1.308491
6888	-1815.143	-2097.686	282.5433	0.363163	0.488703	0.145597	0.00253662	0.8433238	1.295833	3.556628	1.401962
6894	-1809.635	-2092.768	283.1332	0.253892	0.580565	0.143438	0.0221053	1.517968	1.463932	2.812525	1.242729
6900	-1811.416	-2094.827	283.411	0.52631	0.308105	0.0937631	0.0718224	0.7270948	1.504545	2.883886	1.612751
6906	-1807.182	-2090.176	282.9939	0.51952	0.30413	0.0925536	0.0837961	1.478852	1.364216	2.983682	1.231484
6912	-1811.253	-2094.498	283.2449	0.573751	0.214265	0.103272	0.108713	0.9459078	1.411304	2.923367	1.572872
6918	-1804.497	-2087.571	283.0735	0.546439	0.197921	0.0803624	0.175277	2.08585	1.360298	2.454408	1.572872
6924	-1821.225	-2104.204	282.979	0.633899	0.178961	0.0688938	0.118246	1.278226	1.455191	2.784147	1.730202
6930	-1808.88	-2091.715	282.8352	0.556634	0.282943	0.0590581	0.101365	1.285458	1.496356	3.158737	1.132564
6936	-1823.424	-2107.936	284.5112	0.470453	0.239136	0.239662	0.050749	0.6838238	1.491823	2.585705	1.006205
6942	-1819.082	-2101.771	282.689	0.536521	0.0676315	0.273319	0.122528	0.8057985	1.278307	3.302362	1.814711
6948	-1818.527	-2102.592	284.0649	0.525946	0.267662	0.151656	0.0547348	1.777894	1.881026	1.838177	1.199629
6954	-1809.976	-2093.851	283.8752	0.586919	0.298692	0.0533086	0.0610801	1.673469	1.855187	2.129373	1.059211
6960	-1832.819	-2116.585	283.7658	0.398214	0.465917	0.114866	0.0210028	1.354516	1.6326	2.593601	0.9341832
6966	-1818.269	-2102.594	284.3243	0.480844	0.345971	0.132855	0.0403294	1.354516	1.631308	1.888246	1.505411
6972	-1804.032	-2088.528	284.4964	0.593162	0.227229	0.154106	0.0255031	0.8747389	1.713989	2.188588	1.233676
6978	-1810.722	-2094.85	284.1283	0.359555	0.503503	0.0968507	0.0400912	1.537951	1.738087	2.330951	0.7321023
6984	-1805.885	-2090.627	284.7428	0.445322	0.411359	0.125922	0.0173971	1.37802	1.421706	2.145707	0.8553673
6990	-1803.819	-2087.604	283.7847	0.507717	0.408166	0.0393779	0.0447391	1.217317	1.565617	2.259484	1.706791
6996	-1800.631	-2084.079	283.4476	0.71077	0.112823	0.0551265	0.12128	1.419285	1.657967	2.315597	1.673878
7002	-1806.608	-2089.155	282.5471	0.520384	0.377202	0.0336087	0.068805	1.419285	1.560917	2.856672	1.830079
7008	-1799.99	-2081.587	281.5972	0.679737	0.198324	0.0554149	0.0665244	0.82547	1.148778	4.098672	1.598538
7014	-1796.035	-2077.431	281.3956	0.635403	0.185389	0.0182676	0.160941	1.185754	1.098495	4.006304	1.664085
7020	-1787.074	-2067.901	280.8271	0.496701	0.333732	0.0437579	0.125809	1.419667	1.16674	4.373499	1.251658
7026	-1786.317	-2065.922	279.6048	0.556421	0.225103	0.066611	0.151866	1.685512	1.13482	4.911928	1.325272
7032	-1790.214	-2072.148	281.9334	0.775513	0.103707	0.0701023	0.0506779	1.312599	1.121897	3.675902	1.539396
7038	-1811.26	-2092.985	281.7255	0.631068	0.239541	0.0881524	0.0412388	1.037675	1.284383	4.03048	1.193775
7044	-1820.879	-2103.448	282.5689	0.576656	0.26301	0.0967894	0.0635441	0.9413037	1.104267	3.491275	1.607985
7050	-1820.488	-2100.832	280.344	0.582395	0.31326	0.0401684	0.0641765	1.665309	1.044041	4.420026	1.607985
7056	-1831.058	-2113.118	282.0605	0.557315	0.306985	0.0415417	0.0941583	1.421291	1.245822	3.231284	2.058214
7062	-1819.819	-2102.463	282.6443	0.679998	0.236655	0.00547765	0.0778691	1.318815	1.521625	2.896774	1.786987
7068	-1828.615	-2112.045	283.43	0.607017	0.308807	0.0272501	0.0569261	1.03365	1.676019	2.583845	1.59409
7074	-1826.052	-2108.812	282.7608	0.553675	0.355737	0.0293259	0.0612625	1.502516	1.419948	2.884669	1.59409
7080	-1827.876	-2109.831	281.9556	0.63771	0.187416	0.0433469	0.131527	1.381665	1.575986	3.274468	1.718202
7086	-1818.675	-2100.868	282.1928	0.352878	0.48433	0.040352	0.122439	1.201914	1.439057	3.476633	1.389044
7092	-1821.404	-2104.472	283.068	0.48309	0.182106	0.234588	0.100216	1.377372	1.336424	2.990616	1.265386
7098	-1835.008	-2119.221	284.2135	0.315709	0.420623	0.180108	0.0835601	1.118513	1.501374	2.331258	1.265386
7104	-1820.115	-2104.003	283.8883	0.362539	0.431219	0.158979	0.0472629	1.099482	1.354382	2.77644	1.030615
7110	-1803.646	-2087.623	283.9777	0.475188	0.350732	0.134537	0.0395435	1.099482	1.348525	2.725397	1.030615
7116	-1807.308	-2089.534	282.2263	0.514453	0.318121	0.125996	0.04143	1.549377	1.316491	3.47375	1.15397
7122	-1815.172	-2100.148	284.9757	0.350432	0.421089	0.150343	0.0781359	0.7343315	1.58168	2.095232	1.173213
7128	-1841.305	-2126.075	284.7702	0.284605	0.553773	0.0907466	0.070875	1.06303	1.640345	1.969277	1.173213
7134	-1833.753	-2117.008	283.2552	0.687311	0.0369577	0.258048	0.0176828	1.970616	2.992815	0.1687775	1.775123
7140	-1820.185	-2102.512	282.327	0.614264	0.299384	0.0454967	0.0408552	1.796567	1.246485	3.065094	1.671201
7146	-1814.504	-2095.142	280.638	0.583497	0.34293	0.034764	0.0388088	1.525721	1.251634	4.281646	1.444999
7152	-1819.931	-2102.452	282.5209	0.475245	0.254778	0.120876	0.149101	0.8198564	1.392711	3.534073	1.389268
7158	-1806.049	-2088.157	282.1079	0.408162	0.411869	0.0978255	0.0821429	1.28624	1.208389	3.798061	1.050665
7164	-1816.035	-2094.159	278.124	0.548677	0.0881608	0.222283	0.140879	1.526666	0.9451905	5.565993	2.085264
7170	-1808.469	-2088.847	280.378	0.620618	0.161556	0.0584761	0.159351	1.703701	1.022935	4.242276	1.94679
7176	-1799.929	-2082.452	282.5225	0.826407	0.0545831	0.0405462	0.0784634	1.432363	1.390961	2.963351	1.838093
7182	-1803.251	-2086.001	282.7505	0.846257	0.0777742	0.0413995	0.0345692	1.214293	1.498461	2.406052	2.960427
7188	-1804.328	-2085.7	281.3721	0.666518	0.137631	0.0732615	0.12259	1.515951	1.422397	2.855134	3.77677
7194	-1808.637	-2090.218	281.5817	0.713903	0.147416	0.0374207	0.101261	1.601365	1.389245	3.057589	2.751481
7200	-1802.958	-2085.586	282.6279	0.616313	0.270156	0.00511928	0.108412	1.462191	1.379693	2.98509	1.643909
7206	-1811.681	-2091.922	280.2416	0.615578	0.278838	0.011179	0.0944057	1.882962	1.197419	4.183051	1.848244
7212	-1799.156	-2079.101	279.9449	0.655835	0.160485	0.0399136	0.143766	2.277973	1.214696	3.959301	2.368989
7218	-1808.066	-2089.142	281.0766	0.699324	0.173312	0.016754	0.11061	1.630479	1.274454	3.728803	1.957221
7224	-1813.76	-2094.117	280.3571	0.716286	0.161919	0.0184559	0.103339	1.374215	1.235102	4.083349	2.464165
7230	-1806.027	-2084.432	278.4053	0.67085	0.151648	0.0223109	0.155191	1.748362	1.058674	4.97418	2.815124
7236	-1802.05	-2080.32	278.2704	0.649949	0.14703	0.0331899	0.169831	2.172174	1.056893	4.9851	2.496545
7242	-1808.587	-2086.565	277.978	0.673076	0.126499	0.0522984	0.148126	1.424087	0.8643203	5.1906	3.698179
7248	-1812.392	-2091.842	279.4498	0.503336	0.253932	0.131961	0.110771	1.314034	0.9115198	5.184131	1.562944
7254	-1801.815	-2083.43	281.6153	0.570125	0.276095	0.0333401	0.120439	1.662872	1.235831	3.489436	1.809465
7260	-1797.234	-2079.028	281.7943	0.582957	0.253503	0.0403901	0.12315	1.213082	1.282972	3.563255	1.864003
7266	-1805.789	-2085.744	279.9544	0.554698	0.241215	0.0163196	0.187767	1.947793	1.225681	4.119176	2.283185
7272	-1802.013	-2083.369	281.3561	0.505044	0.280551	0.039884	0.17452	1.316404	1.320221	3.946902	1.42934
7278	-1796.335	-2076.938	280.6034	0.501615	0.345429	0.0491073	0.103848	1.792026	1.403871	3.712204	2.28858
7284	-1797.319	-2076.779	279.46	0.651823	0.204575	0.0946838	0.0489182	1.426734	1.198117	3.873195	4.780536
7290	-1798.085	-2077.545	279.4605	0.774183	0.0552579	0.112458	0.0581012	1.48289	1.272067	3.802202	4.780536
7296	-1794.34	-2075.102	280.762	0.688851	0.171663	0.100063	0.0394234	1.48289	1.124242	4.018045	2.072555
7302	-1792.374	-2073.545	281.1707	0.455987	0.397154	0.0992515	0.0476079	1.415403	1.03848	4.210152	1.335722
7308	-1791.696	-2073.479	281.7834	0.504352	0.331494	0.156286	0.00786791	1.415403	1.108133	3.84625	1.286483
7314	-1796	-2077.603	281.6029	0.493771	0.443153	0.0559929	0.00708261	1.63185	1.177252	3.697073	1.493769
7320	-1794.238	-2075.583	281.3449	0.570457	0.303801	0.064689	0.0610532	1.215925	1.12725	4.086036	1.490618
7326	-1788.733	-2070.761	282.0279	0.606385	0.103694	0.152259	0.137662	1.420241	1.389671	3.504037	1.353432
7332	-1793.997	-2077.535	283.5375	0.560641	0.235977	0.0578912	0.145492	1.510802	1.430261	2.563525	1.286755
7338	-1812.1	-2095.978	283.8784	0.538646	0.292752	0.0540749	0.114527	1.407582	1.437239	2.467504	1.175659
7344	-1816.828	-2099.318	282.4901	0.497527	0.128079	0.247929	0.126465	1.407582	1.478061	3.284209	1.175659
7350	-1826.088	-2105.993	279.9053	0.772795	0.0571426	0.0972606	0.0728019	1.546922	1.035373	4.599533	1.890707
7356	-1813.234	-2093.761	280.5272	0.724718	0.0198948	0.143297	0.11209	1.546922	1.092001	4.242226	1.83321
7362	-1811.147	-2092.198	281.0509	0.784061	0.056894	0.051715	0.10733	1.160656	1.0599	4.251297	1.635645
7368	-1820.584	-2101.685	281.1009	0.642957	0.0605643	0.182225	0.114254	1.071941	1.101331	4.281723	1.564861
7374	-1815.124	-2096.31	281.1859	0.684072	0.0399827	0.196128	0.0798176	1.471668	1.263827	3.569664	2.389331
7380	-1811.23	-2093.795	282.5658	0.647803	0.160498	0.0476725	0.144026	1.097962	1.374671	2.955524	2.234967
7386	-1809.04	-2091.851	282.8112	0.705297	0.0992541	0.0117442	0.183704	1.345836	1.616653	2.393985	2.515999
7392	-1819.253	-2101.751	282.4977	0.543073	0.354106	0.0136539	0.0891671	2.420926	1.566777	2.161413	2.3503
7398	-1803.199	-2085.843	282.6437	0.72126	0.209303	0.0147223	0.0547147	1.450243	1.667842	1.962468	3.681803
7404	-1822.503	-2105.229	282.7265	0.602378	0.315094	0.01639	0.0661371	1.678869	1.712388	2.039282	2.912088
7410	-1801.993	-2085.643	283.6504	0.718443	0.183129	0.019548	0.0788803	1.414778	1.676231	1.937298	2.142619
7416	-1803.244	-2087.468	284.2241	0.713158	0.140494	0.0203009	0.126047	1.17927	1.72487	2.013511	1.485077
7422	-1791.888	-2075.854	283.966	0.468247	0.396494	0.0303962	0.104863	1.161097	1.62788	2.290442	1.424821
7428	-1802.825	-2086.826	284.0008	0.62165	0.226827	0.0729904	0.0785326	1.411616	1.731507	2.079644	1.375644
7434	-1801.672	-2085.192	283.5205	0.629451	0.210075	0.0716358	0.0888378	1.311414	1.703131	2.463745	1.375644
7440	-1812.87	-2096.124	283.2537	0.449685	0.320136	0.0947988	0.135381	1.744986	1.933154	2.290117	1.308906
7446	-1794.146	-2076.813	282.667	0.438231	0.320492	0.140268	0.101009	1.330833	1.6199	2.971598	1.478665
7452	-1791.271	-2073.427	282.1558	0.480687	0.387434	0.0728102	0.059068	1.182815	1.538253	3.402826	1.482377
7458	-1811.202	-2090.302	279.1007	0.64707	0.157224	0.171736	0.0239703	1.216508	1.262939	5.42009	1.184103
7464	-1799.517	-2078.081	278.5642	0.445506	0.531233	0.0126655	0.0105948	1.216508	1.227616	5.518156	1.627452
7470	-1793.157	-2071.862	278.7053	0.449895	0.512236	0.0144194	0.0234497	1.216508	1.197859	5.505458	1.522905
7476	-1808.579	-2089.402	280.8233	0.495844	0.431661	0.00733566	0.0651596	0.9954976	1.219866	4.372455	1.653714
7482	-1810.978	-2093.009	282.0308	0.494334	0.394109	0.0448961	0.0666613	0.9954976	1.344289	3.768051	1.339079
7488	-1828.909	-2110.201	281.2919	0.695884	0.203391	0.00688399	0.0938405	1.220412	1.488301	3.89046	1.5253
7494	-1827.481	-2112.852	285.3705	0.402696	0.4521	0.00346868	0.141735	1.170719	2.027253	1.05889	1.289922
7500	-1816.509	-2101.351	284.842	0.465891	0.385347	0.00188455	0.146877	1.234072	1.862479	1.712326	1.086416
7506	-1825.603	-2109.77	284.1668	0.573819	0.281874	0.00232113	0.141986	1.37483	1.616702	2.154759	1.230011
7512	-1821.926	-2104.949	283.0228	0.397484	0.445647	0.0270003	0.129868	2.187171	1.470675	2.735346	0.9409942
7518	-1797.427	-2080.878	283.4501	0.57427	0.234556	0.0303008	0.160873	1.552441	1.469881	2.776917	0.9409942
7524	-1828.457	-2112.49	284.033	0.627689	0.194292	0.0250993	0.15292	1.495402	1.690409	2.107679	1.258162
7530	-1814.775	-2098.365	283.5901	0.621648	0.110208	0.123721	0.144424	1.495402	1.717271	2.332981	1.331207
7536	-1811.129	-2096.014	284.8842	0.784365	0.0335841	0.0839976	0.0980535	0.8399403	1.747647	1.545427	1.884299
7542	-1791.272	-2075.568	284.2958	0.630903	0.128109	0.119143	0.121845	1.458443	1.602988	1.78456	1.642277
7548	-1799.316	-2081.889	282.573	0.608341	0.128028	0.146144	0.117487	1.827474	1.482654	2.890131	1.418352
7554	-1812.88	-2097.198	284.3179	0.565629	0.197199	0.131476	0.105696	1.177445	1.762088	2.016961	1.333271
7560	-1833.523	-2114.957	281.4341	0.578838	0.30368	0.0503172	0.0671647	1.487968	1.369879	3.605137	1.804448
7566	-1809.746	-2091.554	281.8075	0.68942	0.0586645	0.199454	0.0524614	1.674253	1.271964	3.338041	1.835809
7572	-1806.163	-2088.05	281.887	0.732457	0.0463816	0.157693	0.0634682	1.207859	1.299733	3.163266	2.682583
7578	-1814.841	-2095.399	280.5577	0.716039	0.119715	0.0484178	0.115829	1.366117	1.444093	3.796117	2.61454
7584	-1809.682	-2093.994	284.3124	0.580318	0.305424	0.0243967	0.0898613	1.091517	1.598911	2.277169	1.1742
7590	-1802.683	-2085.85	283.1666	0.525946	0.385567	0.0237204	0.0647664	1.448002	1.311442	2.915148	1.253769
7596	-1810.375	-2090.644	280.2696	0.477297	0.371093	0.00222784	0.149383	1.585979	1.483214	4.212253	1.691107
7602	-1815.366	-2096.667	281.3006	0.487805	0.358141	0.00138193	0.152672	1.219757	1.343548	3.889363	1.691107
7608	-1802.888	-2083.587	280.6988	0.606533	0.311615	0.00067765	0.0811745	1.437498	1.057969	4.251148	1.759178
7614	-1809.601	-2091.374	281.7729	0.743274	0.169947	0.0149175	0.0718613	2.228406	1.292118	3.303876	1.415697
7620	-1804.677	-2088.38	283.7025	0.685356	0.0772123	0.169965	0.067467	1.167562	1.457604	2.290505	1.946904
7626	-1802.679	-2085.653	282.9744	0.74307	0.0147102	0.139102	0.103118	2.194127	1.479662	2.244451	1.858521
7632	-1799.632	-2081.08	281.448	0.686212	0.0328343	0.240176	0.0407781	1.138452	1.287604	3.708737	2.077402
7638	-1798.69	-2079.162	280.4722	0.669001	0.105301	0.215248	0.0104507	1.418002	1.156364	4.275601	1.88906
7644	-1815.502	-2097.382	281.8801	0.582668	0.0903422	0.319254	0.0077361	1.432819	1.502083	2.925504	2.67824
7650	-1801.679	-2085.459	283.7797	0.736643	0.0328856	0.119206	0.111265	0.9058381	1.591442	1.980869	2.697286
7656	-1808.456	-2092.405	283.9487	0.628679	0.0683962	0.101735	0.20119	0.9889388	1.489327	2.345598	1.705841
7662	-1805.371	-2087.899	282.5289	0.788137	0.0857441	0.0319521	0.0941672	0.9889388	1.410457	3.173932	1.887943
7668	-1813.242	-2097.067	283.8242	0.63444	0.267741	0.0220163	0.0758034	1.111608	1.491128	2.496655	1.424706
7674	-1798.87	-2079.933	281.0625	0.497366	0.269357	0.0188921	0.214384	1.122573	1.104835	4.206368	1.707854
7680	-1810.053	-2091.864	281.811	0.635572	0.189151	0.0827806	0.0924964	1.122573	1.2528	3.65291	1.794301
7686	-1810.214	-2092.664	282.4497	0.60112	0.203168	0.0963616	0.0993505	1.663859	1.460213	2.906504	1.713855
7692	-1796.929	-2079.248	282.3188	0.656915	0.135415	0.104592	0.103078	1.408451	1.493013	2.693189	2.637348
7698	-1800.847	-2083.285	282.4373	0.598511	0.222959	0.0846159	0.0939137	1.627754	1.563673	2.954732	1.54396
7704	-1806.491	-2087.879	281.3888	0.654239	0.145393	0.0924946	0.107873	1.862403	1.356297	3.525821	1.665395
7710	-1807.212	-2089.302	282.0898	0.720203	0.160052	0.073311	0.0464338	1.323156	1.356297	2.980724	2.589117
7716	-1800.252	-2082.787	282.5347	0.61487	0.139988	0.0391595	0.205982	1.734332	1.438243	2.672729	2.053596
7722	-1791.831	-2074.088	282.2576	0.568684	0.282109	0.0367092	0.112498	1.66162	1.427741	2.767632	2.321407
7728	-1802.928	-2086.525	283.5976	0.503218	0.308294	0.0655481	0.12294	1.481647	1.547899	2.309259	1.572313
7734	-1805.991	-2090.121	284.1301	0.490125	0.326843	0.113043	0.0699886	1.273269	1.535409	2.251378	1.29587
7740	-1810.457	-2093.081	282.6244	0.656075	0.0989204	0.151318	0.093686	1.273269	1.600563	2.778027	2.018357
7746	-1822.127	-2104.927	282.7998	0.646834	0.111456	0.149344	0.0923664	2.067233	1.58469	2.621047	1.338906
7752	-1810.067	-2090.64	280.5734	0.523784	0.233508	0.125996	0.116712	1.410163	1.290341	4.211259	1.743585
7758	-1796.963	-2079.527	282.5642	0.628918	0.145919	0.112706	0.112457	1.801682	1.453337	2.845732	1.570806
7764	-1808.297	-2092.299	284.0013	0.637696	0.108191	0.114279	0.139834	1.129739	1.575401	2.14811	1.742758
7770	-1821.668	-2103.662	281.9941	0.631914	0.0478541	0.258382	0.06185	1.882151	1.41767	3.008212	1.90994
7776	-1807.354	-2088.488	281.1342	0.615234	0.0580367	0.266511	0.0602174	1.633723	1.263936	3.692932	1.973543
7782	-1802.553	-2082.808	280.2555	0.386355	0.514956	0.0608731	0.0378154	1.184642	1.047287	4.753109	1.509172
7788	-1808.955	-2088.453	279.4986	0.534196	0.393533	0.0465196	0.0257512	1.980453	1.091075	4.677655	1.719315
7794	-1798.077	-2080.485	282.4081	0.405917	0.508426	0.0177226	0.0679346	1.000343	1.207203	3.507951	1.571899
7800	-1804.34	-2085.776	281.4362	0.368791	0.385401	0.00665556	0.239153	1.745603	1.314869	3.811848	1.202494
7806	-1812.205	-2092.359	280.1546	0.464931	0.426124	0.00590089	0.103043	1.054952	1.109799	4.609585	2.034464
7812	-1803.498	-2085.593	282.0952	0.538749	0.376985	0.0123459	0.0719204	1.054952	1.441513	3.392946	1.843951
7818	-1789.016	-2071.347	282.3306	0.536383	0.20459	0.0754192	0.183608	1.192419	1.388668	3.207127	1.843951
7824	-1805.868	-2088.417	282.5491	0.61088	0.157182	0.0895931	0.142346	1.256478	1.53171	2.855778	2.061074
7830	-1804.106	-2086.833	282.727	0.60839	0.220608	0.0292359	0.141766	1.071269	1.596699	2.815562	2.061074
7836	-1797.345	-2081.673	284.3279	0.74717	0.122002	0.0524289	0.0783996	0.9092302	1.631168	1.844472	2.124182
7842	-1814.705	-2098.857	284.1516	0.637984	0.195479	0.101311	0.0652258	1.129967	1.663582	2.01059	1.705922
7848	-1805.429	-2088.854	283.4249	0.64765	0.186341	0.0997948	0.066214	1.279094	1.534769	2.434932	1.777725
7854	-1803.274	-2086.244	282.9704	0.664514	0.206638	0.041124	0.0877237	1.303881	1.395648	2.864923	1.622395
7860	-1809.472	-2091.415	281.9437	0.623114	0.193764	0.0644694	0.118652	1.49281	1.20893	3.274762	2.082083
7866	-1800.743	-2081.962	281.2197	0.62816	0.19669	0.0180158	0.157134	2.458545	1.292835	3.380564	1.727117
7872	-1804.527	-2086.396	281.8696	0.688546	0.202973	0.00336378	0.105117	1.518013	1.29429	3.416241	1.727117
7878	-1817.653	-2098.021	280.3677	0.641034	0.179573	0.00660282	0.17279	1.794129	1.29429	4.172523	1.679776
7884	-1814.188	-2094.039	279.8512	0.734434	0.124482	0.000100353	0.140984	2.460868	1.334068	3.896581	2.308709
7890	-1811.01	-2092.185	281.1758	0.726402	0.12323	3.84245e-05	0.15033	1.544751	1.404495	3.487305	2.313776
7896	-1803.052	-2082.827	279.7751	0.711366	0.156253	2.29446e-05	0.132358	2.299985	1.124198	4.453638	1.547684
7902	-1800.957	-2084.076	283.1196	0.614087	0.208912	3.809e-05	0.176963	1.141579	1.276863	2.878047	1.744583
7908	-1817.163	-2099.224	282.0611	0.607392	0.212536	3.87507e-05	0.180033	1.448663	1.232515	3.419996	1.634289
7914	-1824.213	-2105.666	281.4521	0.621793	0.288331	0.00267986	0.0871955	1.24517	1.274586	3.930896	1.478749
7920	-1812.876	-2094.476	281.6	0.675336	0.143882	0.0060195	0.174762	1.473808	1.320406	3.593503	1.699587
7926	-1794.776	-2077.153	282.3776	0.85606	0.0470585	0.00843195	0.0884495	1.299417	1.330413	3.067965	2.034853
7932	-1796.789	-2078.749	281.9599	0.799398	0.0936083	0.00783756	0.0991565	1.439517	1.474988	2.834564	2.823679
7938	-1786.563	-2069.672	283.109	0.63831	0.0704016	0.126566	0.164723	1.145602	1.590172	2.539608	2.062731
7944	-1788.275	-2071.888	283.613	0.762685	0.0701189	0.0702896	0.0969067	1.263832	1.708138	1.852037	2.52954
7950	-1781.482	-2063.763	282.2807	0.761428	0.0304329	0.0880803	0.120059	1.595395	1.504695	2.659921	2.514114
7956	-1795.663	-2077.165	281.502	0.730469	0.0402111	0.0970433	0.132276	1.524712	1.420661	3.404954	2.056553
7962	-1807.282	-2088.622	281.3405	0.766723	0.0232101	0.0259941	0.184072	1.745886	1.347623	2.918306	3.423642
7968	-1818.738	-2100.43	281.6914	0.798636	0.0272284	0.0304943	0.143642	1.579879	1.43786	3.013363	2.647342
7974	-1820.352	-2102.941	282.5896	0.798636	0.0272284	0.0304943	0.143642	1.538046	1.238966	2.96512	1.825909
7980	-1819.003	-2098.799	279.7965	0.719288	0.146485	0.0270793	0.107148	1.469537	1.159189	4.175041	3.087322
7986	-1814.578	-2094.441	279.8632	0.716839	0.160085	0.0311488	0.0919271	1.455351	1.148437	4.319891	2.60343
7992	-1814.653	-2095.161	280.5085	0.619438	0.18045	0.155767	0.0443454	1.228746	1.178005	4.449933	1.645693
7998	-1810.116	-2090.871	280.755	0.612398	0.168116	0.153996	0.0654901	1.726426	1.186777	4.011568	1.750118
8004	-1800.223	-2082.541	282.3177	0.694886	0.0334751	0.122807	0.148832	1.711665	1.568685	2.31845	3.071668
8010	-1806.658	-2089.941	283.2837	0.684253	0.0557088	0.120928	0.13911	1.361896	1.371416	2.441368	2.063076
8016	-1809.281	-2091.352	282.0708	0.676554	0.0663345	0.119567	0.137545	1.361896	1.358788	3.388667	1.627497
8022	-1798.082	-2079.689	281.6073	0.711567	0.0618886	0.128227	0.0983176	1.13279	1.347803	3.418454	2.484004
8028	-1808.839	-2086.99	278.1515	0.705251	0.0688021	0.128502	0.0974449	2.452935	1.440202	4.630866	2.767374
8034	-1809.978	-2089.95	279.9714	0.849138	0.0290792	0.0710114	0.0507716	2.442239	1.213885	3.93355	2.234674
8040	-1803.41	-2087.147	283.7369	0.71095	0.0253286	0.112373	0.151349	1.103594	1.669488	2.153001	1.984262
8046	-1819.582	-2103.198	283.6165	0.69177	0.066386	0.0945779	0.147266	1.663722	1.582646	1.946556	2.008885
8052	-1803.997	-2086.983	282.9856	0.645622	0.0619574	0.154979	0.137442	1.607504	1.41001	2.445362	2.118006
8058	-1789.32	-2073.554	284.2333	0.714974	0.0648435	0.0877347	0.132448	1.062429	1.719743	1.793009	2.025033
8064	-1805.651	-2089.462	283.8106	0.67678	0.102935	0.0959005	0.124384	1.305066	1.580593	1.816937	2.444219
8070	-1806.256	-2090.327	284.0713	0.571707	0.240581	0.0826392	0.105073	1.447288	1.587514	1.816937	1.896286
8076	-1791.912	-2073.356	281.4446	0.591638	0.198996	0.0500827	0.159283	1.531673	1.551234	3.06951	2.773912
8082	-1793.593	-2075.607	282.0146	0.60366	0.107764	0.0160723	0.272504	1.414323	1.537344	2.883589	2.548644
8088	-1793.654	-2073.92	280.2654	0.886358	0.0425299	0.00197767	0.0691344	1.450755	1.285066	3.776511	3.292403
8094	-1789.49	-2069.512	280.0223	0.711964	0.107687	0.00529792	0.175051	1.452539	1.175271	4.179839	2.702329
8100	-1812.486	-2095.028	282.5422	0.55828	0.271209	0.0835565	0.0869541	1.687415	1.491563	2.929519	1.497224
8106	-1813.214	-2094.24	281.0263	0.472061	0.4357	0.0187137	0.0735252	1.519166	1.265249	4.036465	1.48537
8112	-1807.553	-2086.866	279.3123	0.707663	0.120552	0.0902681	0.0815175	1.178807	0.8546026	5.191123	1.946152
8118	-1822.133	-2100.178	278.0457	0.646252	0.0787431	0.199628	0.0753776	2.299679	0.828303	5.514408	1.68879
8124	-1832.536	-2112.512	279.9758	0.627634	0.0764745	0.193877	0.102015	2.588051	0.9010719	4.360264	1.540314
8130	-1816.713	-2100.002	283.2883	0.404152	0.496229	0.025054	0.074565	1.115164	1.243532	3.193788	1.0316
8136	-1809.88	-2092.318	282.4375	0.601777	0.20708	0.0243604	0.166782	1.354107	1.493821	3.193788	1.435441
8142	-1820.162	-2101.48	281.3178	0.58189	0.251185	0.0292232	0.137702	2.459934	1.378248	3.211112	1.856802
8148	-1811.066	-2094.045	282.9792	0.495137	0.308985	0.0129113	0.182967	1.030861	1.49636	3.033755	1.469963
8154	-1824.843	-2107.293	282.4498	0.453792	0.488566	0.00877613	0.048865	1.277142	1.255413	3.421314	1.334652
8160	-1806.596	-2089.393	282.7973	0.600121	0.27873	0.00633805	0.11481	1.888865	1.447464	2.797642	1.32403
8166	-1812.913	-2094.933	282.0195	0.69929	0.239468	0.00758983	0.0536527	1.175779	1.196521	3.777764	1.302017
8172	-1807.456	-2088.726	281.2703	0.601823	0.276471	0.0153373	0.106369	1.012834	1.299609	4.052582	1.677702
8178	-1816.464	-2099.24	282.776	0.556758	0.336663	0.0244206	0.0821591	1.012834	1.511099	3.153825	1.475677
8184	-1817.446	-2098.684	281.2375	0.555789	0.259324	0.0418766	0.14301	1.586224	1.339485	3.798673	1.569991
8190	-1818.642	-2099.215	280.5731	0.781533	0.0438061	0.0909036	0.0837569	1.2627	1.134591	4.131515	2.31971
8196	-1825.247	-2102.696	277.4488	0.61282	0.251682	0.0757653	0.059733	0.9976867	0.8729883	5.864124	3.1496
8202	-1821.179	-2103.178	281.9988	0.828691	0.0249097	0.0801004	0.0662993	1.714848	1.418079	2.685555	2.871818
8208	-1817.644	-2100.713	283.0693	0.847625	0.0388001	0.035125	0.0784499	1.450029	1.430275	2.479937	2.084739
8214	-1818.386	-2101.314	282.928	0.580124	0.350044	0.0213533	0.0484789	1.246311	1.53992	2.422356	2.525472
8220	-1811.247	-2091.474	280.2275	0.775184	0.0258992	0.0391017	0.159815	1.784692	1.12017	3.849934	2.944795
8226	-1805.054	-2085.846	280.7921	0.637098	0.219976	0.00979034	0.133136	1.165969	1.172576	4.1037	2.15409
8232	-1818.86	-2102.319	283.4584	0.554425	0.313583	0.0440968	0.0878955	1.366753	1.441808	2.566375	1.499597
8238	-1812.855	-2094.264	281.4092	0.638173	0.131095	0.165253	0.0654789	1.63689	1.42946	3.237252	2.44517
8244	-1811.849	-2090.881	279.0317	0.624075	0.0885407	0.252291	0.0350937	1.204699	0.9488637	5.294655	1.912877
8250	-1818.884	-2098.299	279.4148	0.706939	0.166107	0.0896615	0.0372927	1.031013	0.9638878	5.199595	1.83785
8256	-1812.734	-2092.667	279.9331	0.574576	0.167127	0.182006	0.0762911	1.46108	1.102198	4.723632	1.590135
8262	-1800.117	-2079.029	278.9122	0.542395	0.260257	0.059729	0.137619	0.940138	1.168938	5.415294	1.835345
8268	-1813.826	-2092.116	278.2901	0.522038	0.234304	0.0574873	0.18617	1.153503	0.9714124	5.259958	3.162189
8274	-1807.014	-2086.555	279.5411	0.57322	0.254108	0.0623464	0.110325	1.227904	1.23859	4.690213	2.276396
8280	-1798.331	-2079.793	281.4618	0.661112	0.0131166	0.279641	0.0461302	1.358765	1.220089	3.923487	1.425919
8286	-1792.947	-2073.402	280.4544	0.67196	0.177565	0.138911	0.0115635	1.035066	1.257427	4.32343	2.144049
8292	-1799.659	-2079.423	279.7648	0.516102	0.26193	0.204911	0.0170575	1.306623	1.107668	4.781916	1.831899
8298	-1810.351	-2091.109	280.7579	0.419842	0.472018	0.0275269	0.0806136	1.013389	1.084752	4.365521	1.89804
8304	-1815.222	-2098.851	283.629	0.658524	0.220283	0.083572	0.037621	1.495744	1.540085	2.305912	1.536327
8310	-1811.364	-2093.531	282.1668	0.668706	0.244003	0.0456199	0.041672	1.495744	1.506099	3.000635	1.998789
8316	-1811.984	-2095.559	283.5751	0.629576	0.196378	0.134782	0.0392637	1.250626	1.385959	2.40521	1.869268
8322	-1822.181	-2105.388	283.207	0.793843	0.0838285	0.0728198	0.0495083	1.23715	1.385959	2.27697	2.698493
8328	-1817.603	-2100.419	282.8159	0.712419	0.123555	0.097642	0.0663843	1.340355	1.553811	2.358847	2.698493
8334	-1802.129	-2084.905	282.7769	0.698437	0.171832	0.0957257	0.0340057	1.154764	1.553811	2.415074	2.895117
8340	-1810.872	-2091.332	280.4603	0.537319	0.140776	0.280372	0.0415337	1.790408	1.303813	3.89392	2.187955
8346	-1817.103	-2100.016	282.9129	0.721379	0.0805887	0.171961	0.0260714	1.650651	1.627408	2.074497	2.700836
8352	-1803.79	-2088.117	284.3275	0.721013	0.101758	0.150266	0.0269629	1.037513	1.644271	1.690262	2.234554
8358	-1812.28	-2096.423	284.1431	0.497308	0.0824384	0.398409	0.0218438	1.036125	1.643332	2.013437	1.851584
8364	-1803.556	-2087.604	284.0476	0.550963	0.340525	0.0757856	0.032726	1.036125	1.720516	2.095691	1.718139
8370	-1807.299	-2091.15	283.8511	0.454593	0.339179	0.162356	0.0438726	1.024208	1.311122	2.601248	1.505895
8376	-1803.557	-2088.174	284.6165	0.590543	0.211118	0.154006	0.0443328	1.064465	1.797349	1.768116	1.492849
8382	-1802.373	-2087.736	285.3635	0.529627	0.189341	0.185887	0.0951449	0.9438429	1.751632	1.449699	1.331938
8388	-1802.338	-2086.03	283.6923	0.676446	0.0424308	0.218659	0.0624638	1.495228	1.845329	1.493507	2.649892
8394	-1811.216	-2094.482	283.2663	0.516254	0.175454	0.239791	0.0685004	1.274862	1.668215	2.324956	2.041304
8400	-1808.249	-2091.128	282.8795	0.441893	0.400036	0.0365844	0.121487	1.274862	1.732222	2.528219	2.041304
8406	-1802.72	-2086.627	283.907	0.650161	0.0903947	0.0753728	0.184071	1.274862	1.69647	2.260613	1.346628
8412	-1807.73	-2086.775	279.0447	0.602856	0.197128	0.0508057	0.14921	1.071485	0.94853	5.277323	2.108644
8418	-1805.789	-2086.022	280.2331	0.468041	0.395829	0.0296737	0.106456	0.9557318	1.19819	4.327741	2.661028
8424	-1816.536	-2096.868	280.3321	0.489841	0.252178	0.146566	0.111415	1.479437	1.215333	4.513596	1.412077
8430	-1812.562	-2091.112	278.5501	0.707436	0.102625	0.107909	0.0820302	1.745974	0.9922748	5.197148	2.104316
8436	-1809.56	-2091.084	281.5241	0.684401	0.0992831	0.112112	0.104204	0.9834876	1.185953	3.906208	1.859353
8442	-1821.856	-2101.753	279.8972	0.701392	0.114777	0.085276	0.098555	1.750845	1.359905	4.037815	2.609076
8448	-1818.977	-2102.41	283.4327	0.482674	0.280099	0.21542	0.0218075	0.9522643	1.367546	2.896601	1.44944
8454	-1844.292	-2122.991	278.6997	0.536101	0.250268	0.0437717	0.169859	0.7785304	1.339401	5.303365	2.400016
8460	-1817.721	-2098.695	280.9735	0.54163	0.269737	0.122531	0.0661027	1.577108	1.227309	3.594896	2.561496
8466	-1814.169	-2093.308	279.1393	0.59035	0.207238	0.0549282	0.147484	1.491832	1.09231	5.266517	1.359946
8472	-1818.134	-2100.574	282.4392	0.686138	0.0367884	0.0173715	0.259702	1.483947	1.221737	2.789155	2.526884
8478	-1807.717	-2090.285	282.5677	0.652468	0.10653	0.0239385	0.217063	1.010577	1.580264	2.760847	2.526884
8484	-1811.687	-2094.627	282.94	0.603119	0.304003	0.00334216	0.0895365	1.019171	1.40913	3.117763	1.466825
8490	-1810.949	-2092.682	281.7327	0.372696	0.366397	0.0301427	0.230764	2.310202	1.315888	3.117763	1.739518
8496	-1795.625	-2076.693	281.068	0.62366	0.123716	0.0883653	0.164259	1.510478	1.331767	3.523992	2.530593
8502	-1797.66	-2078.738	281.0781	0.646795	0.129021	0.0427079	0.181477	2.165361	1.413114	3.523992	1.702337
8508	-1796.383	-2076.614	280.2313	0.566222	0.170015	0.244571	0.0191926	1.057358	1.289447	4.5131	1.919462
8514	-1810.433	-2089.72	279.2869	0.82891	0.0826043	0.0763314	0.0121544	1.471532	1.27976	4.422198	3.003913
8520	-1813.914	-2093.474	279.5599	0.758708	0.151742	0.0790097	0.0105411	1.471532	1.245242	4.454444	2.533121
8526	-1808.707	-2089.398	280.6915	0.509819	0.2787	0.210641	0.000840723	1.046088	1.330021	4.281531	1.817655
8532	-1805.189	-2088.222	283.033	0.415699	0.324819	0.258796	0.000686207	0.6575562	1.29698	3.598986	1.011243
8538	-1800.908	-2082.302	281.394	0.666384	0.108552	0.20121	0.0238535	1.963811	1.353613	3.747273	1.144828
8544	-1816.97	-2098.403	281.4328	0.688683	0.178489	0.0660754	0.0667527	1.293914	1.532861	3.712951	1.589795
8550	-1830.363	-2113.474	283.1115	0.583616	0.185943	0.0949679	0.135473	0.8889448	1.411277	3.038575	1.572786
8556	-1821.553	-2103.187	281.6345	0.671716	0.137833	0.0786551	0.111796	1.881697	1.297052	3.163772	2.207057
8562	-1827.424	-2106.938	279.5149	0.591976	0.0553809	0.332122	0.0205209	1.594076	1.260064	3.979626	3.84697
8568	-1807.291	-2088.245	280.9546	0.66432	0.0333429	0.287153	0.0151846	1.500113	1.184017	3.979626	1.810331
8574	-1830.278	-2110.517	280.2389	0.77477	0.135197	0.0654528	0.02458	1.617993	1.181896	3.639328	3.703299
8580	-1815.259	-2096.024	280.7646	0.782343	0.0218316	0.0227707	0.173054	2.314242	1.209682	3.514285	2.269332
8586	-1824.391	-2106.77	282.3791	0.685646	0.00777113	0.199553	0.10703	1.180724	1.469091	2.714826	2.854938
8592	-1817.268	-2098.001	280.7331	0.72952	0.00165918	0.196235	0.0725854	2.03987	1.643732	2.714826	4.235175
8598	-1821.087	-2103.629	282.5414	0.761028	0.00286707	0.110677	0.125428	1.850701	1.590857	2.445522	2.210351
8604	-1822.231	-2103.817	281.5859	0.70471	0.0690806	0.090628	0.135582	1.733869	1.401654	3.219982	2.159696
8610	-1841.919	-2120.008	278.0885	0.719651	0.0268238	0.00513995	0.248385	1.386709	1.19622	4.727247	4.560138
8616	-1812.799	-2091.405	278.6059	0.801214	0.0446513	0.00155594	0.152579	1.545896	1.149941	4.579903	3.846528
8622	-1814.242	-2093.254	279.0121	0.628341	0.11489	0.00505805	0.251711	1.392777	1.22787	3.786048	6.255115
8628	-1809.483	-2089.265	279.7819	0.695868	0.112356	0.00344624	0.188329	1.392777	1.129732	4.233687	3.101436
8634	-1825.66	-2104.469	278.8089	0.714094	0.112387	0.0240792	0.14944	1.216778	0.9885456	5.343087	2.023795
8640	-1809.378	-2090.01	280.6318	0.75002	0.0809853	0.0429239	0.126071	2.252387	1.421091	3.321979	2.708083
8646	-1819.589	-2101.724	282.135	0.738374	0.0548488	0.100793	0.105984	1.849381	1.407912	2.875085	2.063065
8652	-1808.876	-2091.878	283.0017	0.783898	0.0302317	0.0906021	0.0952678	1.534364	1.432613	2.485129	2.063065
8658	-1817.886	-2101.226	283.3396	0.650655	0.111929	0.10497	0.132447	0.997952	1.491215	2.463294	2.24995
8664	-1820.59	-2103.218	282.6282	0.613745	0.10558	0.155741	0.124933	1.654702	1.398724	2.639055	2.143176
8670	-1822.695	-2105.302	282.6069	0.639191	0.215868	0.0516223	0.0933179	1.267639	1.432805	3.007352	1.773797
8676	-1810.52	-2092.104	281.5846	0.516391	0.289339	0.0691918	0.125079	1.446258	1.540213	3.233003	2.275765
8682	-1808.046	-2088.352	280.306	0.674763	0.194021	0.0291902	0.102025	2.498601	1.143054	3.6314	2.561626
8688	-1814.203	-2094.383	280.1799	0.677434	0.194789	0.0112188	0.116558	1.418883	1.189218	4.028187	2.901868
8694	-1816.385	-2094.458	278.073	0.723945	0.119713	0.0441163	0.112227	1.086473	0.9959741	5.487241	2.901868
8700	-1822.741	-2100.707	277.9664	0.674081	0.195428	0.010857	0.119634	1.131962	1.095464	5.192594	3.786432
8706	-1834.632	-2111.705	277.0726	0.782275	0.113804	0.0125996	0.091321	2.968973	1.11976	5.015555	3.415209
8712	-1819.864	-2100.6	280.7364	0.770775	0.0624012	0.0838705	0.0829532	1.910236	1.333094	3.774747	1.928866
8718	-1818.909	-2100.341	281.4313	0.758799	0.0850511	0.125099	0.031051	1.568175	1.448427	3.368607	2.1493
8724	-1820.074	-2100.997	280.9226	0.482013	0.198723	0.303821	0.0154436	1.072423	1.257633	4.151533	1.87458
8730	-1821.968	-2103.625	281.657	0.551637	0.241727	0.0319304	0.174706	1.243837	1.200273	4.115176	0.9945474
8736	-1799.762	-2079.789	280.0271	0.658092	0.154419	0.0515415	0.135947	1.655375	1.220506	4.153019	2.435269
8742	-1811.683	-2093.651	281.9686	0.626946	0.194439	0.0491021	0.129513	1.256595	1.428575	3.272286	2.043059
8748	-1797.275	-2079.51	282.2347	0.581862	0.180457	0.124308	0.113373	1.169585	1.375829	3.272286	1.869965
8754	-1815.451	-2098.757	283.3063	0.564277	0.309696	0.0160802	0.109947	1.225459	1.436199	2.580158	1.821152
8760	-1807.569	-2091.029	283.4594	0.561469	0.308154	0.0209774	0.1094	1.13209	1.420469	2.805304	1.329689
8766	-1803.834	-2086.644	282.8101	0.586044	0.321642	0.0170702	0.0752436	0.8900846	1.373588	3.010467	2.060079
8772	-1819.17	-2101.196	282.0259	0.7535	0.136769	0.0129878	0.0967436	1.364802	1.390635	3.342983	1.735317
8778	-1808.836	-2088.261	279.4254	0.613042	0.229745	0.0218169	0.135397	1.364802	1.194453	4.67081	2.37601
8784	-1800.696	-2082.351	281.6548	0.754306	0.0757194	0.0898716	0.0801033	1.010285	1.191179	3.786377	1.918589
8790	-1805.079	-2086.324	281.2448	0.685343	0.11845	0.0810383	0.115169	1.03597	1.211369	3.826093	2.323662
8796	-1822.268	-2104.767	282.4994	0.711986	0.0841798	0.0841887	0.119646	1.427332	1.235106	3.009823	1.975833
8802	-1811.95	-2095.751	283.8013	0.533651	0.255953	0.0645968	0.1458	1.29088	1.620622	2.164423	1.715696
8808	-1815.859	-2097.422	281.5629	0.722627	0.103299	0.103802	0.0702719	1.649784	1.441645	2.929392	2.978558
8814	-1806.372	-2087.785	281.4128	0.781992	0.0644301	0.100433	0.0531445	2.297767	1.470882	2.76198	2.824049
8820	-1810.845	-2092.57	281.7246	0.770396	0.0675439	0.0914872	0.0705733	1.645304	1.376232	2.930447	2.824049
8826	-1815.148	-2096.02	280.8718	0.753377	0.0881429	0.0894662	0.0690142	1.193347	1.144031	3.695273	3.134916
8832	-1805.565	-2087.383	281.8188	0.584989	0.226443	0.0759103	0.112658	2.292596	1.260659	3.173286	1.603121
8838	-1812.013	-2093.589	281.5761	0.699113	0.0368434	0.117693	0.14635	1.218113	1.38884	3.589646	1.944755
8844	-1814.164	-2096.143	281.9792	0.709598	0.121215	0.0625734	0.106613	1.632823	1.391873	2.983181	2.295455
8850	-1805.464	-2088.089	282.6249	0.624595	0.112171	0.104169	0.159064	1.494149	1.276789	3.099926	1.508988
8856	-1806.622	-2088.257	281.6346	0.776078	0.100198	0.108034	0.0156897	1.494149	1.503059	3.545235	1.517945
8862	-1799.695	-2081.084	281.3885	0.516312	0.109691	0.127857	0.24614	1.127392	1.369039	3.696064	2.091985
8868	-1799.968	-2081.528	281.5603	0.802472	0.0695165	0.0683265	0.0596851	1.650004	1.31111	3.284663	2.265183
8874	-1798.581	-2080.423	281.8411	0.765313	0.0825938	0.08118	0.070913	1.320088	1.510012	3.132822	2.355287
8880	-1802.526	-2082.579	280.0535	0.716051	0.0553506	0.107116	0.121482	1.422325	1.311921	3.907808	3.259945
8886	-1813.677	-2095.424	281.7476	0.867539	0.0173878	0.0716045	0.0434686	1.416918	1.381237	3.076295	2.703255
8892	-1809.284	-2091.398	282.1134	0.59882	0.11022	0.224936	0.0660244	1.070232	1.33833	3.076295	2.703344
8898	-1796.502	-2079.711	283.2095	0.635606	0.164155	0.175906	0.024334	1.349311	1.39147	2.320964	2.424783
8904	-1807.562	-2090.754	283.1921	0.666586	0.136591	0.0893983	0.107425	1.015342	1.505381	2.305597	2.801003
8910	-1803.726	-2085.516	281.7904	0.781129	0.111198	0.02022	0.0874537	1.665458	1.571551	2.89965	2.47223
8916	-1827.842	-2110.372	282.5295	0.484564	0.450207	0.0538356	0.0113932	1.399596	1.423855	3.031661	1.682357
8922	-1818.131	-2101.178	283.0469	0.31594	0.496802	0.109256	0.0780025	1.145139	1.488687	3.249624	0.9056297
8928	-1815.923	-2097.864	281.941	0.562771	0.278823	0.0613182	0.0970883	1.185018	1.472426	3.249624	2.165012
8934	-1835.497	-2116.746	281.2492	0.524674	0.333024	0.0673719	0.0749298	1.661567	1.347306	3.897794	1.281299
8940	-1825.504	-2106.255	280.7505	0.513011	0.246038	0.2074	0.0335516	1.208182	1.215889	4.210116	1.849333
8946	-1823.216	-2104.654	281.4382	0.475862	0.266521	0.224666	0.0329514	1.168976	1.219498	3.930934	1.644809
8952	-1813.866	-2093.829	279.9626	0.668882	0.107599	0.172989	0.0505309	2.571465	1.250975	4.049907	1.809748
8958	-1799.551	-2080.341	280.7907	0.561935	0.159818	0.163851	0.114397	2.496358	1.361036	3.41147	2.094607
8964	-1807.208	-2089.177	281.9694	0.610774	0.173708	0.0911784	0.124339	1.779321	1.574847	2.858493	2.174618
8970	-1790.974	-2072.337	281.3627	0.702256	0.0726457	0.139387	0.0857105	1.779321	1.340111	3.26339	2.409533
8976	-1808.092	-2087.08	278.9882	0.726838	0.104296	0.0641094	0.104757	1.724279	1.058966	4.435156	3.502548
8982	-1828.942	-2109.575	280.6328	0.674301	0.102731	0.118737	0.104231	1.288412	1.308127	4.010951	2.254656
8988	-1816.687	-2096.99	280.3038	0.663649	0.0382821	0.195485	0.102584	2.035	1.29645	3.852869	2.254656
8994	-1818.649	-2097.915	279.2657	0.686921	0.0267483	0.220658	0.0656726	2.080019	1.053116	4.58639	2.19171
9000	-1810.436	-2092.012	281.5761	0.699646	0.0711137	0.144629	0.0846105	1.585156	1.263204	3.120643	2.814793
9006	-1817.616	-2097.93	280.3134	0.69693	0.0708376	0.0828432	0.149389	1.643054	1.337148	3.833107	2.689473
9012	-1802.854	-2082.915	280.0608	0.461808	0.29557	0.0293767	0.213245	1.253607	1.198849	4.43347	2.210228
9018	-1802.512	-2084.315	281.8026	0.461133	0.249056	0.210753	0.0790582	1.204045	1.479428	3.085648	2.743461
9024	-1809.713	-2092.082	282.3693	0.405326	0.218915	0.360805	0.0149545	1.251645	1.427126	3.15243	1.7927
9030	-1807.996	-2089.867	281.8709	0.409798	0.22133	0.364785	0.00408647	1.110289	1.226302	3.877887	1.310247
9036	-1826.475	-2104.487	278.0115	0.723809	0.0895423	0.147579	0.0390698	1.621441	0.9890234	5.431007	2.416897
9042	-1808.678	-2088.565	279.887	0.500705	0.258879	0.226569	0.0138461	1.150631	1.140701	4.860952	1.644612
9048	-1812.166	-2090.935	278.7696	0.70351	0.161487	0.125052	0.00995038	1.150631	1.05113	5.577638	1.538737
9054	-1814.391	-2094.749	280.3582	0.728689	0.0936513	0.0516483	0.126012	1.687853	1.167601	4.326736	1.618784
9060	-1803.696	-2087.136	283.4395	0.516188	0.266663	0.0551582	0.161991	1.519514	1.548208	2.157304	2.027418
9066	-1812.153	-2094.97	282.817	0.515618	0.314396	0.0999388	0.0700471	1.133601	1.527713	3.041953	1.489238
9072	-1823.955	-2104.942	280.9875	0.736345	0.0155486	0.150091	0.0980145	2.633261	1.53571	2.848923	2.811843
9078	-1803.171	-2083.633	280.4615	0.784827	0.0108188	0.115176	0.0891779	2.092276	1.115167	3.969072	1.952049
9084	-1812.566	-2093.632	281.0661	0.784129	0.00714201	0.117642	0.0910869	1.566853	1.213762	4.024582	1.475948
9090	-1815.313	-2098.329	283.0164	0.590362	0.205467	0.189863	0.0143084	0.9804259	1.395231	3.065035	1.541878
9096	-1804.687	-2086.336	281.6488	0.693421	0.0334952	0.175102	0.0979813	1.081405	1.316142	3.150233	3.289717
9102	-1797.62	-2080.026	282.4067	0.614711	0.22694	0.127996	0.0303529	0.9118867	1.435551	3.075163	2.355886
9108	-1804.951	-2086.514	281.563	0.716901	0.0636407	0.149275	0.0701838	1.247417	1.222132	3.561875	2.216687
9114	-1809.278	-2089.838	280.5596	0.646522	0.148854	0.098892	0.105732	1.631481	1.271848	3.917564	2.216687
9120	-1803.029	-2085.824	282.7952	0.624672	0.22355	0.049261	0.102517	1.230883	1.413409	3.046951	1.5305
9126	-1810.413	-2093.293	282.8799	0.629406	0.142192	0.166439	0.0619632	1.851969	1.531623	2.394693	1.939635
9132	-1820.28	-2104.448	284.168	0.584778	0.226032	0.0305301	0.158659	1.289516	1.385335	1.97649	1.911935
9138	-1812.222	-2094.467	282.2449	0.637825	0.155823	0.0332995	0.173052	1.56655	1.350291	3.212196	1.574292
9144	-1808.339	-2090.799	282.4599	0.743474	0.0808854	0.0499481	0.125693	1.56655	1.225307	2.902682	2.120245
9150	-1805.699	-2089.215	283.516	0.736953	0.106347	0.0058445	0.150856	1.354925	1.690184	2.064089	2.120245
9156	-1789.789	-2073.417	283.6274	0.695407	0.244055	0.00420795	0.0563293	1.366316	1.726384	1.792847	2.46919
9162	-1798.094	-2081.477	283.3837	0.691203	0.24258	0.0102287	0.0559888	1.899084	1.770507	1.723552	2.259214
9168	-1797.13	-2080.779	283.6488	0.74018	0.198297	0.00523638	0.0562866	1.899084	1.770507	1.394127	2.525333
9174	-1795.145	-2078.051	282.9064	0.499513	0.381059	0.00656812	0.112861	2.254979	2.083095	1.110497	3.361018
9180	-1801.315	-2084.437	283.1225	0.63212	0.26302	0.015895	0.0889648	1.743804	1.608814	2.002164	2.459612
9186	-1798.119	-2078.617	280.4977	0.760292	0.125657	0.0125868	0.101464	1.457027	1.333098	4.011284	2.196285
9192	-1793.763	-2072.027	278.2648	0.851497	0.0358905	0.0169747	0.0956373	2.701943	1.176703	4.333945	3.661583
9198	-1800.311	-2079.415	279.1038	0.535537	0.243515	0.0333049	0.187643	2.262017	1.190376	4.333945	2.698483
9204	-1802.011	-2082.052	280.0409	0.80804	0.11719	0.00550168	0.0692678	1.723521	1.188942	4.203039	2.252794
9210	-1795.941	-2076.98	281.0387	0.499103	0.273613	0.00593855	0.221345	1.45617	1.228204	3.917598	1.833431
9216	-1811.506	-2092.368	280.8614	0.571341	0.157799	0.158042	0.112818	1.45617	1.23632	4.084257	1.680707
9222	-1798.782	-2080.061	281.2793	0.668905	0.141847	0.0856121	0.103636	1.524507	1.156141	3.54948	2.394312
9228	-1802.056	-2080.721	278.6652	0.708701	0.0398046	0.200843	0.0506513	1.70378	1.343147	4.277516	4.150936
9234	-1802.229	-2080.693	278.4642	0.788688	0.0508093	0.135223	0.0252788	4.027703	1.156113	4.19522	2.514006
9240	-1824.212	-2105.285	281.0734	0.525494	0.297246	0.163464	0.013796	4.201776	1.17835	2.992278	1.636791
9246	-1805.712	-2085.427	279.715	0.613837	0.179104	0.190944	0.0161154	1.484509	1.064832	4.639535	2.080518
9252	-1819.538	-2101.316	281.7781	0.65841	0.106275	0.089761	0.145554	1.186069	1.474361	3.455687	1.90893
9258	-1829.625	-2110.168	280.5431	0.761706	0.0628305	0.103843	0.0716207	1.710303	1.192244	3.308755	4.04628
9264	-1827.673	-2110.134	282.4611	0.705057	0.116338	0.0663654	0.112239	1.296117	1.496356	2.978708	1.906142
9270	-1825.827	-2106.785	280.9584	0.784284	0.0252296	0.0723732	0.118114	1.296117	1.37288	3.312827	3.571522
9276	-1817.529	-2100.301	282.7719	0.779957	0.0250904	0.07749	0.117462	1.296117	1.568408	2.235086	3.130579
9282	-1807.262	-2090.235	282.9735	0.637047	0.12409	0.100311	0.138551	2.263881	1.5536	1.883741	2.443626
9288	-1815.964	-2099.745	283.781	0.6687	0.130256	0.0556089	0.145435	1.639252	1.463083	1.924522	2.019443
9294	-1807.07	-2090.627	283.5567	0.734071	0.0478933	0.060309	0.157727	1.28483	1.503303	1.924522	2.738773
9300	-1818.937	-2101.841	282.9038	0.785902	0.0340619	0.0111721	0.168864	1.28483	1.531613	2.555051	2.211888
9306	-1827.773	-2110.78	283.0069	0.649813	0.0234812	0.187083	0.139623	1.298606	1.539284	2.131905	3.047214
9312	-1808.538	-2091.655	283.1168	0.794329	0.0404366	0.0500964	0.115138	1.210058	1.464557	2.637267	1.928447
9318	-1810.054	-2092.075	282.0212	0.698275	0.0983222	0.0199299	0.183473	1.490372	1.71182	2.92405	2.095595
9324	-1800.135	-2080.855	280.7199	0.744117	0.0487533	0.0116112	0.195518	2.424031	1.525715	3.125111	2.741785
9330	-1799.297	-2082.91	283.613	0.682168	0.0956355	0.0164826	0.205713	1.075903	1.474461	2.037463	2.741785
9336	-1798.763	-2081.975	283.2119	0.757871	0.0731242	0.0838092	0.0851958	1.482971	1.534081	2.201217	2.312948
9342	-1807.985	-2092.561	284.5763	0.555323	0.223281	0.0816739	0.139722	1.089716	1.542029	1.648828	2.041836
9348	-1810.24	-2093.156	282.9154	0.583284	0.20192	0.0680388	0.146757	1.479572	1.245354	2.853767	1.704049
9354	-1821.453	-2100.751	279.2987	0.670097	0.15966	0.102671	0.0675714	1.545267	1.41473	4.634793	2.111491
9360	-1817.245	-2098.655	281.4104	0.507021	0.1932	0.12424	0.175538	1.356754	1.277329	4.091313	1.104204
9366	-1808.766	-2089.376	280.6103	0.599063	0.233225	0.0341783	0.133534	1.316376	0.924058	4.762162	1.104204
9372	-1821.828	-2100.445	278.6169	0.495261	0.287575	0.105319	0.111845	1.337752	1.093	5.338574	2.002647
9378	-1813.882	-2096.169	282.287	0.495261	0.287575	0.105319	0.111845	1.492059	1.11922	3.561689	1.190547
9384	-1803.751	-2084.916	281.1645	0.49645	0.332204	0.0375716	0.133774	0.8783473	1.197906	4.425641	1.314268
9390	-1811.54	-2093.135	281.595	0.558554	0.373761	0.0422716	0.0254137	0.926984	1.405417	3.915169	1.553466
9396	-1799.207	-2080.513	281.306	0.536505	0.381688	0.0170028	0.0648048	1.115284	1.38275	3.915169	1.703276
9402	-1807.572	-2090.009	282.4371	0.682077	0.196097	0.0394369	0.0823886	1.886768	1.439476	2.805048	1.742209
9408	-1808.215	-2090.816	282.6011	0.572702	0.236221	0.0703671	0.12071	1.073653	1.606021	3.344101	1.144911
9414	-1805.627	-2087.512	281.8848	0.688231	0.186255	0.055483	0.0700309	1.367071	1.45076	3.344101	1.832161
9420	-1811.15	-2093.493	282.3432	0.791027	0.0477842	0.0684867	0.0927023	1.253957	1.503182	2.97839	2.106822
9426	-1802.215	-2085.101	282.8861	0.718858	0.141433	0.0554645	0.0842447	1.285979	1.401439	2.786747	1.901638
9432	-1809.918	-2091.684	281.766	0.594989	0.136622	0.0753701	0.193019	1.269661	1.400199	3.399821	2.045828
9438	-1811.365	-2093.796	282.4313	0.488715	0.304782	0.0136765	0.192827	0.9337182	1.47094	3.402215	1.526207
9444	-1805.326	-2088.53	283.2035	0.493281	0.355197	0.00740633	0.144116	0.9932588	1.495973	2.8908	1.529271
9450	-1805.656	-2089.659	284.003	0.425505	0.386208	0.031589	0.156698	0.9260117	1.470347	2.543655	1.369925
9456	-1797.194	-2080.782	283.5881	0.409484	0.386315	0.0166181	0.187583	0.8918815	1.336928	2.96534	1.25298
9462	-1828.867	-2111.529	282.6623	0.350617	0.569324	0.0282723	0.0517868	1.327191	1.308208	3.245639	1.320965
9468	-1821.902	-2103.948	282.0467	0.643483	0.2957	0.00581785	0.0549992	2.354992	1.420014	3.245639	0.9999219
9474	-1828.133	-2109.861	281.7285	0.568436	0.173674	0.0399764	0.217913	1.800085	1.499166	3.330512	1.545976
9480	-1805.721	-2087.332	281.6108	0.567661	0.255187	0.0343973	0.142754	1.744505	1.143851	3.417517	2.008411
9486	-1810.212	-2088.676	278.4633	0.611984	0.275112	0.0108554	0.102049	1.744505	1.074234	5.063305	2.45771
9492	-1820.015	-2103.067	283.0524	0.510715	0.383705	0.0337031	0.071877	0.9312544	1.618107	3.109002	1.225293
9498	-1820.938	-2105.552	284.6142	0.544349	0.379503	0.0265805	0.0495679	0.8236954	1.793776	1.956331	1.463876
9504	-1808.477	-2091.748	283.2709	0.769514	0.138459	0.0586223	0.0334047	1.338012	1.681869	2.569085	1.463876
9510	-1802.797	-2084.337	281.5398	0.661222	0.16974	0.0718668	0.0971713	1.246706	1.439509	3.815337	1.41852
9516	-1805.107	-2087.984	282.8777	0.546257	0.229849	0.086303	0.137591	1.246706	1.556315	2.961255	1.41852
9522	-1810.419	-2092.908	282.4887	0.731742	0.103881	0.115608	0.0487692	1.223379	1.599998	2.871807	2.056423
9528	-1803.699	-2084.929	281.2296	0.587686	0.16073	0.176126	0.0754581	1.211099	1.394057	3.725673	2.095935
9534	-1800.894	-2083.473	282.5788	0.746722	0.0857054	0.141939	0.0256332	1.211099	1.473467	3.204696	1.426706
9540	-1808.027	-2089.476	281.4485	0.644354	0.154329	0.161068	0.04025	1.364655	1.389473	3.77388	1.54012
9546	-1799.074	-2080.512	281.4372	0.670645	0.161395	0.093168	0.0747923	1.72597	1.36634	3.620756	1.530133
9552	-1798.772	-2081.412	282.6401	0.693819	0.132417	0.0963874	0.0773768	1.62825	1.240406	3.033876	1.530133
9558	-1801.891	-2084.159	282.268	0.663952	0.139463	0.101516	0.0950696	1.464862	1.453743	3.002411	1.965529
9564	-1800.224	-2083.327	283.1031	0.601849	0.126418	0.177896	0.0938359	1.105618	1.428872	2.748098	1.887796
9570	-1805.178	-2087.812	282.634	0.602296	0.126512	0.178028	0.0931642	1.16951	1.437469	3.254095	1.355549
9576	-1805.744	-2087.464	281.7202	0.534047	0.310608	0.102124	0.05322	1.572989	1.465339	3.50227	1.46988
9582	-1812.614	-2092.718	280.1041	0.777333	0.0868048	0.0789022	0.0569602	1.823717	1.227185	4.231942	1.936033
9588	-1794.589	-2075.306	280.7169	0.686557	0.178661	0.0750494	0.0597321	1.501218	1.245195	4.120798	1.720389
9594	-1815.238	-2095.045	279.8077	0.608373	0.158315	0.180381	0.0529299	1.08317	0.9839465	5.140822	1.408057
9600	-1819.573	-2098.756	279.1831	0.782506	0.0921205	0.0814618	0.0439119	1.207319	1.186763	5.351896	1.31987
9606	-1816.429	-2095.89	279.4607	0.619451	0.175201	0.133426	0.071923	1.513006	1.069972	4.92764	1.703721
9612	-1805	-2086.905	281.905	0.681011	0.10843	0.162084	0.048475	1.600013	1.463731	3.116736	2.027078
9618	-1805.274	-2086.215	280.9414	0.61251	0.130325	0.148832	0.108333	1.680918	1.425363	3.47624	2.488257
9624	-1806.634	-2087.743	281.1089	0.620871	0.127513	0.14562	0.105996	1.56985	1.399559	3.77157	1.726541
9630	-1810.699	-2093.157	282.4573	0.725843	0.149071	0.0136532	0.111432	1.964503	1.449568	2.743078	1.756889
9636	-1806.661	-2089.291	282.6297	0.569966	0.167941	0.0301474	0.231946	1.583001	1.412394	2.982699	1.485587
9642	-1814.262	-2096.146	281.8837	0.543222	0.331991	0.0312023	0.0935841	1.286547	1.238041	3.910133	1.049925
9648	-1803.555	-2085.272	281.7173	0.388914	0.496304	0.0413631	0.0734192	1.286547	1.255898	3.934528	1.159119
9654	-1801.525	-2083.443	281.9179	0.588058	0.195338	0.16419	0.0524143	1.489447	1.234733	3.72724	1.159119
9660	-1817.954	-2097.769	279.8143	0.51445	0.183553	0.23561	0.0663866	1.074898	1.19596	4.656577	2.242227
9666	-1808.665	-2090.077	281.412	0.510979	0.188293	0.232627	0.0681008	1.084625	1.235806	3.720924	2.242227
9672	-1804.713	-2084.978	280.2656	0.460728	0.25837	0.207688	0.0732144	2.059382	1.273011	4.204015	1.518477
9678	-1791.638	-2073.685	282.0464	0.480477	0.226579	0.216591	0.0763528	1.0753	1.192755	3.709678	1.518477
9684	-1798.308	-2079.114	280.8058	0.591941	0.234469	0.0945788	0.0790114	1.633956	1.255822	4.038823	1.637567
9690	-1812.283	-2093.144	280.8618	0.781466	0.077137	0.0370876	0.104309	1.226523	1.42592	3.786594	2.40159
9696	-1794.572	-2074.399	279.827	0.669814	0.117806	0.064671	0.147709	1.227789	1.131948	4.814764	1.740815
9702	-1807.763	-2090.134	282.3711	0.775156	0.0372568	0.0784514	0.109135	1.389678	1.610722	2.700598	2.388237
9708	-1814.696	-2097.939	283.2439	0.734992	0.0525304	0.0974967	0.114981	1.479443	1.610722	2.261339	2.036382
9714	-1810.586	-2093.252	282.6661	0.668956	0.0858292	0.0885453	0.156669	1.212057	1.540898	2.815471	2.036382
9720	-1831.032	-2114.725	283.693	0.833466	0.0427959	0.0126069	0.111132	1.585829	1.5895	1.994103	1.891219
9726	-1821.045	-2103.71	282.6651	0.659255	0.058409	0.171851	0.110485	1.383589	1.403081	2.838674	1.961113
9732	-1815.544	-2098.113	282.5693	0.650417	0.240063	0.0214158	0.0881042	1.317713	1.329032	2.869258	2.204224
9738	-1819.173	-2101.92	282.7477	0.704921	0.149383	0.0703536	0.0753424	1.278149	1.595933	3.044539	1.331881
9744	-1810.316	-2094.259	283.9427	0.656182	0.123508	0.158019	0.0622919	1.257816	1.387618	2.193844	1.811672
9750	-1807.716	-2091.781	284.0656	0.688322	0.129557	0.135041	0.0470802	1.257816	1.622603	1.905375	1.911807
9756	-1805.483	-2089.12	283.6373	0.710921	0.104662	0.126982	0.0574348	1.0993	1.727081	2.149946	2.05221
9762	-1795.515	-2079.633	284.1179	0.579247	0.241568	0.0594183	0.119767	1.505635	1.64136	1.820938	1.698383
9768	-1808.137	-2090.948	282.811	0.714192	0.13132	0.0490779	0.105411	3.233011	1.64136	1.727725	2.003372
9774	-1797.933	-2079.915	281.9823	0.864618	0.0216489	0.059415	0.0543178	1.354682	1.3893	2.973486	2.678844
9780	-1799.672	-2082.341	282.6687	0.799397	0.0137186	0.0540924	0.132792	1.55449	1.353981	2.891122	1.718982
9786	-1798.217	-2081.322	283.1043	0.782029	0.00765555	0.0484262	0.161889	2.324796	1.486545	2.12607	1.799824
9792	-1806.266	-2089.151	282.8847	0.690294	0.0126949	0.0285552	0.268456	1.617033	1.648089	2.467832	1.877337
9798	-1802.394	-2085.613	283.2188	0.777121	0.01014	0.024449	0.18829	1.330324	1.427499	2.55065	1.881456
9804	-1802.454	-2084.753	282.2991	0.840688	0.00908323	0.0241885	0.12604	1.330324	1.511673	2.706704	2.714069
9810	-1794.004	-2076.485	282.4817	0.878473	0.00949148	0.00572623	0.106309	1.534598	1.511673	2.482216	2.714069
9816	-1803.708	-2086.702	282.9934	0.677154	0.00731632	0.189149	0.126381	1.608264	1.485438	2.465559	1.961951
9822	-1805.811	-2089.621	283.8096	0.85655	0.00455473	0.0602172	0.0786778	1.771046	1.560644	1.676191	2.190544
9828	-1804.542	-2088.268	283.7263	0.801864	0.00701501	0.121194	0.0699265	1.659594	1.572722	1.76266	2.245412
9834	-1796.459	-2080.231	283.7723	0.782061	0.00835453	0.144336	0.0652481	1.552489	1.62005	1.857942	2.049609
9840	-1811.162	-2094.564	283.4028	0.805682	0.00652492	0.176165	0.0116277	1.876669	1.59396	1.837294	2.2751
9846	-1794.346	-2076.262	281.9158	0.806656	0.00432507	0.116772	0.0722468	1.528788	1.522307	3.031549	2.210415
9852	-1800.833	-2084.748	283.9153	0.776789	0.00309667	0.124467	0.0956472	1.027576	1.522307	2.210719	1.924213
9858	-1796.273	-2079.481	283.2084	0.791758	0.00315634	0.107596	0.0974903	1.321009	1.603846	2.029665	2.830742
9864	-1806.072	-2090.185	284.1128	0.757716	0.00833076	0.140655	0.0932987	0.9844388	1.603846	1.77468	2.508575
9870	-1787.224	-2069.361	282.1371	0.795687	0.00748201	0.124592	0.0722392	2.124067	1.747724	2.241404	2.751873
9876	-1793.665	-2075.419	281.7537	0.857842	0.0115204	0.0180324	0.112605	1.357386	1.438349	3.051892	2.751873
9882	-1792.158	-2074.24	282.0825	0.769785	0.0103379	0.132034	0.0878429	1.579222	1.488807	2.705385	2.751873
9888	-1792.073	-2074.809	282.7355	0.769785	0.0103379	0.132034	0.0878429	1.300106	1.38491	2.898824	1.862213
9894	-1790.171	-2072.138	281.9675	0.819069	0.0475118	0.0399523	0.0934669	1.579729	1.501439	2.622836	3.141807
9900	-1789.043	-2069.364	280.3216	0.817812	0.0474389	0.0693793	0.0653698	1.854197	1.503554	3.063215	4.482055
9906	-1794.759	-2077.376	282.6168	0.756543	0.0438848	0.165492	0.0340801	1.854197	1.537927	2.39895	2.279314
9912	-1815.696	-2098.188	282.4928	0.756543	0.0438848	0.165492	0.0340801	1.628487	1.576839	2.566058	2.279314
9918	-1813.311	-2096.4	283.0897	0.702118	0.0979492	0.179949	0.0199845	1.394662	1.372909	2.498449	2.161973
9924	-1805.678	-2088.326	282.6477	0.789917	0.0788592	0.10874	0.0224835	2.097571	1.543799	2.353218	2.072621
9930	-1786.082	-2069.827	283.7453	0.682302	0.120834	0.138644	0.0582202	1.14071	1.539348	1.964603	2.509061
9936	-1793.294	-2077.006	283.7125	0.75925	0.0407698	0.0876618	0.112319	1.15513	1.674141	1.818987	2.659669
9942	-1803.629	-2087.047	283.4187	0.767262	0.0412001	0.088587	0.102951	1.171628	1.704907	1.986725	2.659669
9948	-1792.812	-2076.815	284.003	0.717521	0.0794901	0.0150132	0.187976	1.171628	1.761756	1.54016	2.65568
9954	-1797.543	-2082.081	284.5374	0.520948	0.331673	0.0109002	0.136478	1.59938	1.776191	1.48161	1.505506
9960	-1819.371	-2098.95	279.5783	0.60251	0.254252	0.134871	0.00836744	1.496986	1.438739	4.510574	2.055794
9966	-1804.905	-2087.161	282.2566	0.574204	0.172914	0.236595	0.0162874	1.270006	1.624068	2.674289	2.77447
9972	-1816.968	-2098.683	281.7146	0.674594	0.224246	0.0810634	0.0200966	1.445257	1.503133	2.976004	2.788226
9978	-1818.738	-2101.09	282.3514	0.746418	0.152362	0.0885229	0.0126971	1.445257	1.607442	2.370465	3.192382
9984	-1809.357	-2092.793	283.4365	0.765304	0.15066	0.0789074	0.00512949	1.111808	1.623208	2.098503	2.586473
9990	-1817.285	-2100.568	283.2823	0.370184	0.604678	0.00700019	0.0181381	0.9150265	1.51523	2.63278	2.035597
9996	-1805.488	-2088.461	282.9727	0.491721	0.421739	0.0067516	0.0797883	1.194434	1.634976	2.432599	2.366011
10002	-1798.399	-2081.474	283.075	0.659424	0.285782	0.000727234	0.0540667	1.624969	1.634976	2.122392	2.366011
10008	-1800.924	-2083.124	282.2002	0.623263	0.336916	0.000857357	0.0389641	1.058383	1.482253	2.798099	3.100369
10014	-1797.54	-2081.046	283.5058	0.708962	0.0657932	0.0363853	0.188859	1.213673	1.525406	2.019554	2.665061
10020	-1806.316	-2089.031	282.7154	0.779294	0.0653444	0.101904	0.0534576	1.667046	1.458014	2.444073	2.365342
10026	-1788.662	-2071.998	283.3364	0.755102	0.0572529	0.139442	0.0482035	1.69458	1.707529	1.8613	2.365342
10032	-1790.803	-2074.845	284.0414	0.617841	0.084168	0.204995	0.0929961	1.504982	1.707529	1.885848	1.59679
10038	-1804.839	-2088.095	283.2551	0.769613	0.0564462	0.0961619	0.0777791	1.194026	1.669608	1.999627	2.912866
10044	-1801.34	-2086.111	284.7709	0.725156	0.01983	0.0566023	0.198411	1.168668	1.768093	1.290965	2.007364
10050	-1790.525	-2074.284	283.7585	0.824842	0.020949	0.0102737	0.143936	1.287463	1.902377	1.487166	2.760302
10056	-1805.285	-2088.435	283.1501	0.775688	0.0169312	0.0112416	0.196139	2.020099	1.604499	1.705626	2.760302
10062	-1810.198	-2091.455	281.257	0.824513	0.0278016	0.0643324	0.0833534	2.940549	1.785693	2.241116	3.255322
10068	-1798.601	-2080.467	281.8654	0.75362	0.111393	0.058801	0.0761865	1.453199	1.554164	2.370316	4.200457
10074	-1817.357	-2099.379	282.0227	0.590513	0.274005	0.0797672	0.0557141	1.193056	1.41504	3.142843	2.37622
10080	-1826.228	-2107.258	281.0296	0.837311	0.0307355	0.0100913	0.121863	0.1437273	0.9879421	4.306141	2.636291
10086	-1828.915	-2109.821	280.9053	0.774783	0.098731	0.0137238	0.112762	0.1422907	1.181486	4.009454	3.38575
10092	-1827.308	-2109.089	281.7811	0.686382	0.0554431	0.0109286	0.247246	0.1188632	1.028799	4.009454	2.110893
10098	-1813.096	-2094.676	281.5808	0.682748	0.0604441	0.0108707	0.245937	0.1453104	1.13577	3.653389	3.381876
10104	-1806.605	-2090.647	284.0424	0.641737	0.0500278	0.213784	0.0944507	1.141847	1.219896	2.459459	1.520485
10110	-1802.044	-2085.665	283.6208	0.694286	0.0695599	0.165646	0.0705082	1.141847	1.326386	2.567819	1.6896
10116	-1798.691	-2081.997	283.3061	0.650603	0.0491482	0.192836	0.107413	1.141847	1.378017	2.727826	1.69394
10122	-1803.834	-2084.772	280.9374	0.583183	0.143184	0.177201	0.0964323	2.292444	1.378017	3.633546	1.578175
10128	-1808.658	-2091.822	283.1642	0.453193	0.44077	0.0153907	0.0906464	2.17353	1.346101	2.545595	1.249921
10134	-1830.555	-2110.968	280.4134	0.663559	0.180519	0.0226312	0.133291	3.158491	1.263887	3.222167	2.655399
10140	-1806.9	-2088.229	281.3292	0.645715	0.0801638	0.114013	0.160108	2.025573	1.263887	3.258359	2.305448
10146	-1816.841	-2098.538	281.6969	0.660863	0.148675	0.110037	0.0804256	1.308746	1.340662	2.98785	3.262223
10152	-1810.146	-2092.192	282.0459	0.714162	0.073971	0.118912	0.0929546	1.185866	1.213596	3.358093	2.122266
10158	-1788.085	-2070.031	281.9454	0.748306	0.0742502	0.084138	0.0933055	1.796628	1.358271	3.018005	2.122266
10164	-1806.657	-2089.447	282.7897	0.73277	0.146083	0.108091	0.0130555	1.063254	1.161514	3.018005	2.122266
10170	-1793.03	-2075.761	282.7309	0.664481	0.1079	0.20309	0.0245296	1.050019	1.27895	2.99064	2.122266
10176	-1819.113	-2102.203	283.0905	0.688222	0.080903	0.201908	0.0289664	1.141761	1.335574	2.683778	2.122266
10182	-1808.055	-2089.234	281.179	0.711551	0.0816286	0.0830503	0.12377	1.729924	1.276019	3.55023	2.122266
10188	-1811.168	-2091.451	280.2828	0.548463	0.390957	0.0111484	0.0494315	1.198251	1.09284	4.264011	2.55488
10194	-1806.363	-2088.904	282.5412	0.778304	0.165935	0.00256743	0.0531938	1.443109	1.307638	2.961558	1.91309
10200	-1804.216	-2085.934	281.7184	0.733492	0.200492	0.00241961	0.0635966	1.690214	1.306578	3.070807	2.519928
10206	-1809.213	-2090.373	281.1605	0.664227	0.149346	0.00636987	0.180057	1.19652	1.009461	3.824865	2.519928
10212	-1816.09	-2096.867	280.777	0.585757	0.240699	0.0278647	0.14568	1.703107	1.113806	4.092338	1.661936
10218	-1814.341	-2094.279	279.9375	0.596236	0.245005	0.00407341	0.154685	1.890224	0.997282	4.576496	1.603008
10224	-1802.989	-2084.347	281.3586	0.685302	0.210362	0.00353943	0.100796	1.33631	1.253778	3.255376	3.176659
10230	-1819.318	-2099.32	280.0012	0.641668	0.204396	0.00297347	0.150962	1.800149	1.27908	3.752787	3.32869
10236	-1806.155	-2086.734	280.5785	0.757598	0.169819	0.00792008	0.0646627	1.200533	1.311367	3.792321	3.051543
10242	-1825.669	-2104.535	278.8659	0.809858	0.116144	0.00487511	0.0691232	1.936715	1.270338	4.621461	2.522224
10248	-1815.016	-2094.169	279.1531	0.820954	0.0136199	0.00225624	0.163169	2.673886	1.193837	4.316479	2.253366
10254	-1798.001	-2076.529	278.5277	0.790089	0.0131078	0.00696116	0.189842	1.976627	1.141019	4.644443	3.162198
10260	-1800.355	-2081.329	280.9745	0.782209	0.0195664	0.0102757	0.187949	1.70257	1.336387	3.568392	2.312151
10266	-1803.503	-2083.292	279.7894	0.766719	0.113359	0.00506484	0.114857	2.93888	1.330156	3.546944	2.869185
10272	-1786.599	-2068.589	281.9891	0.664277	0.135241	0.00569966	0.194783	1.429845	1.332899	3.089645	2.360091
10278	-1800.278	-2082.624	282.3452	0.731955	0.0406966	0.0117929	0.215556	1.429845	1.338175	3.08895	1.867142
10284	-1823.336	-2105.964	282.628	0.489985	0.257765	0.0855055	0.166745	1.348968	1.551404	3.086331	1.3648
10290	-1812.738	-2095.495	282.7567	0.567625	0.207329	0.153088	0.0719582	1.404315	1.39041	3.184145	1.168449
10296	-1808.696	-2089.527	280.8311	0.529629	0.305271	0.0665281	0.0985718	1.916438	1.330551	4.118701	1.11762
10302	-1834.351	-2117.254	282.9023	0.735109	0.182851	0.0243121	0.0577276	0.8906681	1.385201	2.868164	2.242242
10308	-1812.832	-2096.022	283.1902	0.523663	0.30684	0.053479	0.116019	0.7620881	1.341299	3.034569	1.730492
10314	-1817.734	-2098.607	280.873	0.797424	0.0147374	0.0152325	0.172606	1.431657	1.241384	3.656533	2.725013
10320	-1807.796	-2088.113	280.3176	0.847865	0.0124461	0.00311396	0.136575	2.060028	1.347335	3.927955	1.961753
10326	-1827.095	-2109.538	282.443	0.888435	0.00512414	0.00457127	0.101869	1.382396	1.363425	2.840055	2.320441
10332	-1817.585	-2099.382	281.7972	0.88813	0.00512238	0.004913	0.101834	1.720233	1.525406	2.844	2.603424
10338	-1801.178	-2083.27	282.0929	0.813039	0.00417546	0.00231414	0.180472	1.720233	1.599607	2.674258	2.464216
10344	-1800.007	-2082.847	282.8403	0.8702	0.00261641	0.00145008	0.125733	1.489678	1.495502	2.495265	2.229866
10350	-1815.883	-2095.83	279.9463	0.622186	0.33663	0.00756466	0.0336186	2.335059	1.384028	3.591893	3.038742
10356	-1829.108	-2111.315	282.2071	0.492888	0.417705	0.0583361	0.0310712	1.128642	1.377642	2.953107	2.728151
10362	-1805.426	-2088.828	283.4018	0.572922	0.344833	0.0550487	0.0271969	1.018463	1.556891	2.352559	2.288572
10368	-1812.159	-2093.612	281.4531	0.656141	0.111988	0.0560527	0.175818	2.263263	1.337177	3.12547	2.101926
10374	-1808.151	-2091.378	283.2266	0.64598	0.205881	0.0658349	0.0823036	1.719898	1.600971	2.289786	1.753017
10380	-1831.46	-2111.966	280.5067	0.896213	0.00907418	0.0564134	0.0382992	2.085652	1.249607	3.648643	2.488714
10386	-1817.032	-2098.692	281.6604	0.741341	0.0434196	0.174679	0.04056	1.120948	1.184674	3.401711	2.714449
10392	-1823.561	-2101.756	278.1949	0.718461	0.0420795	0.234729	0.00473047	1.388766	1.066624	5.033759	3.502413
10398	-1805.679	-2085.301	279.6216	0.643624	0.226911	0.129284	0.000181096	1.086409	1.066624	4.969174	1.904052
10404	-1806.698	-2087.267	280.569	0.567748	0.258207	0.173801	0.000243455	1.082129	1.090384	4.395937	1.97867
10410	-1804.291	-2084.822	280.5312	0.538627	0.244963	0.212568	0.00384276	1.317717	1.207166	4.24537	1.932657
10416	-1796.298	-2076.573	280.2748	0.629968	0.111461	0.247623	0.0109481	1.300297	1.123954	4.446245	1.932657
10422	-1807.856	-2088.234	280.3783	0.55513	0.0982198	0.324228	0.0224227	1.010995	1.135369	4.446245	2.150151
10428	-1818.223	-2097.837	279.6145	0.537443	0.168592	0.27495	0.0190148	2.235285	1.030434	4.473369	1.873605
10434	-1806.764	-2087.19	280.4264	0.377063	0.400888	0.200982	0.021068	1.516021	1.011768	4.826514	0.9082367
10440	-1817.108	-2096.073	278.9652	0.539918	0.286542	0.161049	0.0124909	1.281439	0.9434981	5.26981	1.972375
10446	-1808.472	-2089.11	280.6376	0.483334	0.402983	0.1055	0.00818255	2.119465	1.172892	3.783302	2.045055
10452	-1802.214	-2082.906	280.6924	0.663046	0.228765	0.0560908	0.0520982	1.544813	1.550081	3.662994	2.365265
10458	-1800.913	-2081.327	280.4138	0.685137	0.0187038	0.242325	0.053834	1.544813	1.201253	4.103651	2.165663
10464	-1798.369	-2075.619	277.2498	0.82184	0.0437608	0.109969	0.0244303	2.190426	1.069555	4.895449	4.609633
10470	-1796.122	-2074.675	278.5527	0.736543	0.0489336	0.122968	0.0915549	2.397859	1.246034	4.757826	2.176301
10476	-1809.451	-2091.079	281.6276	0.693799	0.0545809	0.0442797	0.207341	1.1655	1.222844	3.300417	2.914262
10482	-1816.403	-2096.538	280.1349	0.731001	0.147877	0.0402811	0.0808415	1.540916	1.399022	4.009379	2.527708
10488	-1803.115	-2083.939	280.8239	0.530133	0.362922	0.0564429	0.0505017	1.540916	1.251733	3.845741	2.156829
10494	-1801.871	-2083.755	281.8838	0.603911	0.310952	0.0483603	0.0367765	0.6630482	1.251314	3.96592	1.61613
10500	-1811.872	-2094.219	282.3469	0.586729	0.302105	0.0941748	0.0169917	2.326844	1.537562	2.935697	1.12332
10506	-1815.725	-2098.388	282.6631	0.725687	0.0943093	0.116479	0.0635252	1.818808	1.434547	2.572973	2.012506
10512	-1804.996	-2085.87	280.8746	0.663971	0.0862888	0.106573	0.143167	1.818808	1.334233	3.476236	2.55951
10518	-1803.541	-2086.457	282.9164	0.561788	0.0730091	0.267571	0.0976326	1.223798	1.461373	3.007111	1.41998
10524	-1800.649	-2082.283	281.6336	0.414964	0.294554	0.212976	0.0775064	1.077566	1.2407	4.060085	1.241121
10530	-1806.422	-2087.18	280.7577	0.41774	0.296525	0.214401	0.0713344	2.103977	1.249132	4.060085	1.241121
10536	-1815.19	-2097.605	282.4151	0.578125	0.145203	0.234555	0.0421168	1.708111	1.266565	3.22176	1.323251
10542	-1805.915	-2086.416	280.501	0.702005	0.187335	0.052225	0.0584344	1.492533	1.224225	3.785536	2.90629
10548	-1810.486	-2090.944	280.4572	0.58032	0.194934	0.067755	0.156992	1.318469	1.011164	4.392765	1.943992
10554	-1795.501	-2075.994	280.4924	0.572167	0.224041	0.08982	0.113972	1.850821	1.263445	4.078769	1.712073
10560	-1805.234	-2083.763	278.5291	0.767106	0.127201	0.0509957	0.054698	3.286403	1.138114	4.823429	1.493884
10566	-1808.992	-2085.391	276.399	0.58167	0.0964517	0.230609	0.0912693	1.568946	1.08498	6.387063	2.14657
10572	-1800.724	-2081.995	281.2704	0.563413	0.106728	0.241911	0.0879487	1.238746	1.258854	3.668887	2.33007
10578	-1808.174	-2090.556	282.382	0.7265	0.0661659	0.161781	0.0455524	1.251508	1.310626	3.188454	1.84753
10584	-1809.929	-2090.558	280.6291	0.566225	0.105297	0.320998	0.00748025	1.539209	1.095548	4.320655	1.542854
10590	-1815.453	-2093.707	278.2536	0.553767	0.10298	0.313936	0.0293169	1.686705	1.042166	5.471493	1.836828
10596	-1817.754	-2095.489	277.735	0.781319	0.0828715	0.0424505	0.0933586	2.958978	1.040079	5.268197	1.836828
10602	-1797.987	-2079.347	281.3598	0.703472	0.107301	0.0370173	0.152209	1.229429	1.152246	3.733471	2.207935
10608	-1807.592	-2090.074	282.4824	0.65899	0.197525	0.0769809	0.066504	1.041302	1.257677	3.087012	2.286742
10614	-1802.095	-2083.546	281.4517	0.653997	0.152127	0.122783	0.0710929	2.154898	1.287309	3.050825	2.463995
10620	-1793.672	-2074.185	280.513	0.690061	0.153499	0.129554	0.0268868	1.190475	1.122921	4.05576	2.730881
10626	-1799.859	-2080.471	280.6122	0.607957	0.183006	0.174766	0.0342709	1.242485	1.068728	4.05576	2.584891
10632	-1811.881	-2093.313	281.4324	0.696308	0.114351	0.0243026	0.165039	1.896244	1.176278	3.407991	2.065827
10638	-1799.982	-2080.321	280.3397	0.720369	0.165962	0.0329708	0.0806979	1.473763	1.210389	4.287665	1.899874
10644	-1811.414	-2092.394	280.9803	0.592805	0.326232	0.0145555	0.0664078	2.646161	1.388054	3.344248	1.830674
10650	-1804.391	-2085.706	281.3152	0.648752	0.263684	0.0159291	0.0716352	1.246704	1.228876	3.599312	2.473747
10656	-1795.434	-2074.1	278.6659	0.665731	0.229387	0.0313727	0.07351	2.216205	1.256551	4.686237	2.362474
10662	-1818.012	-2099.999	281.9867	0.737288	0.0334293	0.147872	0.0814114	1.686262	1.249102	2.988615	2.414953
10668	-1807.821	-2091.204	283.3826	0.881499	0.00683984	0.0506229	0.061038	1.545095	1.534046	2.026935	2.373956
10674	-1798.605	-2080.469	281.8647	0.862615	0.00872313	0.00872345	0.119939	1.998862	1.469913	2.686637	2.647489
10680	-1804.555	-2086.89	282.3357	0.862615	0.00872313	0.00872345	0.119939	1.652138	1.378231	2.703171	2.44518
10686	-1820.104	-2101.899	281.7951	0.760648	0.00851269	0.00672468	0.224114	2.719204	1.317556	2.599492	2.44518
10692	-1811.503	-2094.25	282.7466	0.817491	0.0145899	0.0138082	0.154111	1.398505	1.563788	2.457097	2.471096
10698	-1808.221	-2089.026	280.8053	0.670568	0.0119677	0.207083	0.110381	2.42534	1.348868	3.232055	2.601853
10704	-1806.784	-2087.571	280.7871	0.761692	0.0583646	0.0529355	0.127008	1.911769	1.275491	3.463352	2.708044
10710	-1823.875	-2103.612	279.7367	0.734487	0.0919971	0.0510448	0.122471	2.075158	1.249141	4.013985	2.708044
10716	-1810.392	-2093.373	282.9813	0.622116	0.232591	0.12502	0.0202736	1.691433	1.662968	2.314881	1.967482
10722	-1828.031	-2109.697	281.6667	0.720212	0.00484586	0.167534	0.107408	1.21475	1.383771	3.641489	1.725844
10728	-1811.931	-2093.968	282.0372	0.824698	0.0037982	0.0856431	0.085861	2.177561	1.430598	2.633009	2.380285
10734	-1812.79	-2093.821	281.0305	0.713371	0.00328548	0.100639	0.182705	1.44553	1.111853	3.916693	2.010083
10740	-1802.233	-2084.332	282.0986	0.671518	0.0507401	0.098649	0.179093	1.44553	1.307388	3.345029	1.656216
10746	-1802.388	-2081.968	279.5806	0.674257	0.177141	0.0597842	0.0888178	2.425062	1.222092	4.213949	2.098997
10752	-1803.299	-2085.673	282.3744	0.485806	0.28969	0.0995562	0.124947	0.9361564	1.402507	3.379976	1.719368
10758	-1798.075	-2079.7	281.6258	0.762727	0.0978494	0.0344253	0.104998	1.764872	1.402507	3.133679	2.271748
10764	-1793.96	-2076.104	282.1438	0.468563	0.282435	0.0614814	0.18752	1.458286	1.397534	3.015954	2.187609
10770	-1794.064	-2075.719	281.655	0.497685	0.345005	0.0366397	0.12067	0.7698195	1.133659	3.95273	1.937734
10776	-1793.491	-2074.179	280.6873	0.52436	0.263863	0.049326	0.162451	1.779596	1.073519	4.006625	1.937734
10782	-1814.135	-2097.462	283.327	0.472664	0.382399	0.0610125	0.0839243	0.7551629	1.539247	2.738103	1.937734
10788	-1806.598	-2088.215	281.6171	0.638228	0.18853	0.050642	0.1226	0.8220241	1.143126	3.878642	2.075024
10794	-1815.614	-2097.245	281.6305	0.525995	0.346366	0.0246489	0.10299	1.830453	1.543059	3.571974	1.123752
10800	-1803.752	-2086.587	282.8351	0.55241	0.301109	0.0175934	0.128888	1.175281	1.417742	3.116667	1.405778
10806	-1794.309	-2076.99	282.6806	0.535361	0.357772	0.00962643	0.0972403	1.416094	1.4022	3.048594	1.477947
10812	-1805.182	-2086.995	281.8132	0.652291	0.246323	0.0255057	0.0758802	1.416094	1.414084	3.486609	1.611518
10818	-1798.229	-2080.325	282.0964	0.56786	0.214439	0.0474478	0.170254	1.339025	1.378797	3.720037	0.9786224
10824	-1806.894	-2087.956	281.0619	0.607326	0.229343	0.099277	0.0640548	2.07032	1.236293	3.743666	1.561903
10830	-1809.649	-2091.742	282.0936	0.593472	0.224111	0.106244	0.0761722	1.693056	1.60384	2.989678	1.776541
10836	-1804.472	-2087.86	283.388	0.675684	0.190946	0.0776781	0.0556915	1.766708	1.690739	2.472741	1.098995
10842	-1810.807	-2092.799	281.9917	0.520861	0.293642	0.108038	0.0774582	1.204118	1.385634	3.512991	1.609309
10848	-1799.271	-2082.93	283.6594	0.532158	0.300011	0.0403942	0.127437	1.119726	1.385445	2.761916	1.240677
10854	-1804.46	-2088.655	284.1949	0.652552	0.178901	0.0671752	0.101372	1.195421	1.674311	2.158467	1.309669
10860	-1802.38	-2086.498	284.1178	0.48064	0.395217	0.0494782	0.0746657	1.143269	1.561721	2.351832	1.242884
10866	-1823.654	-2107.381	283.7271	0.552219	0.184673	0.0129341	0.250174	1.351983	1.426992	2.344717	1.632374
10872	-1815.891	-2099.578	283.6873	0.518558	0.290545	0.11919	0.0717067	0.1749919	1.422557	3.259664	1.099164
10878	-1822.289	-2105.327	283.0378	0.520098	0.291407	0.0760235	0.112472	0.1697894	1.443432	3.295669	1.730217
10884	-1806.815	-2089.851	283.036	0.539855	0.248548	0.108532	0.103066	0.9725464	1.290584	3.132837	1.517592
10890	-1788.625	-2072.648	284.0234	0.562936	0.275928	0.120488	0.0406483	1.141065	1.517381	2.376081	1.354997
10896	-1809.461	-2092.868	283.4065	0.668279	0.224751	0.0981406	0.00882904	1.750503	1.673121	2.489132	1.084522
10902	-1798.593	-2082.408	283.8153	0.608179	0.244231	0.0750198	0.0725697	1.250262	1.696352	2.489132	1.084522
10908	-1792.364	-2074.977	282.6126	0.550788	0.274587	0.103055	0.0715699	1.153598	1.491057	3.228787	1.384303
10914	-1807.654	-2089.657	282.0026	0.548942	0.273667	0.0613197	0.116071	1.976026	1.254858	3.463284	1.113838
10920	-1797.821	-2080.84	283.0186	0.662664	0.194181	0.0328602	0.110295	0.989063	1.530911	3.003182	1.491466
10926	-1814.482	-2095.118	280.6367	0.742064	0.131835	0.0725439	0.0535569	1.462268	1.376253	4.020633	1.921776
10932	-1832.683	-2114.223	281.54	0.601737	0.174576	0.122067	0.10162	1.740973	1.211885	3.49679	1.8388
10938	-1816.618	-2096.775	280.157	0.595044	0.291579	0.0472891	0.0660873	1.294654	1.266598	4.37382	2.07759
10944	-1794.878	-2075.601	280.7227	0.595044	0.291579	0.0472891	0.0660873	1.802133	1.292009	4.104512	1.399053
10950	-1795.777	-2077.118	281.3402	0.497431	0.355362	0.0473631	0.0998437	1.236397	1.096988	4.222762	1.240406
10956	-1816.52	-2098.009	281.4893	0.636324	0.125108	0.0605879	0.17798	1.301281	1.258126	3.941266	1.375915
10962	-1794.89	-2076.647	281.7571	0.543309	0.10682	0.197908	0.151964	1.234714	1.051874	3.941266	1.375915
10968	-1806.872	-2086.371	279.4988	0.634682	0.1841	0.165423	0.0157947	1.543207	1.125143	4.978475	1.454045
10974	-1790.234	-2070.907	280.673	0.546061	0.204781	0.147178	0.101981	0.9769963	1.065069	4.533255	1.700348
10980	-1800.076	-2080.455	280.3791	0.484926	0.291952	0.132559	0.0905636	0.9902092	1.122773	4.812937	1.376291
10986	-1801.052	-2081.561	280.5089	0.652159	0.15521	0.113048	0.0795827	1.775581	1.292156	4.237137	1.400495
10992	-1811.605	-2092.653	281.0484	0.693609	0.0391242	0.0604279	0.206839	1.124766	1.29711	3.751834	2.549777
10998	-1821.953	-2104.895	282.9426	0.658155	0.0638203	0.0817588	0.196266	1.124766	1.591412	2.561821	2.27034
11004	-1819.953	-2104.324	284.3709	0.523044	0.283856	0.0992674	0.0938321	1.182254	1.735652	1.641545	1.952529
11010	-1821.767	-2106.152	284.3855	0.653373	0.135736	0.0582841	0.152607	0.9953437	1.738816	1.96419	1.576112
11016	-1806.757	-2090.724	283.9666	0.625226	0.129889	0.0988521	0.146033	1.131115	1.510164	2.252007	1.666607
11022	-1803.241	-2085.925	282.6833	0.62944	0.109808	0.133872	0.12688	0.951816	1.394721	2.698279	2.890342
11028	-1803.446	-2087.07	283.624	0.465403	0.381008	0.0989837	0.0546052	1.48273	1.464953	2.540667	1.221971
11034	-1799.569	-2083.432	283.8629	0.571932	0.239323	0.121641	0.067104	1.44425	1.612378	2.466921	0.9803183
11040	-1812.707	-2095.611	282.9037	0.436338	0.375486	0.092802	0.0953745	1.053725	1.478235	3.09094	1.441652
11046	-1807.192	-2090.052	282.8604	0.645637	0.245046	0.0605636	0.0487537	1.46365	1.508914	2.806994	1.562326
11052	-1808.917	-2093.596	284.6794	0.613461	0.327746	0.0159302	0.0428634	0.9080622	1.642733	1.724428	1.872692
11058	-1795.095	-2079.21	284.1145	0.494633	0.374018	0.111644	0.019705	1.118228	1.601715	1.995774	1.872692
11064	-1796.416	-2081.024	284.6081	0.481486	0.371714	0.108677	0.038123	0.9828688	1.721373	1.665363	1.872692
11070	-1798.017	-2083.117	285.0997	0.462933	0.403279	0.0925011	0.041287	0.8134161	1.711194	1.747056	1.365782
11076	-1815.942	-2099.485	283.5438	0.547808	0.289343	0.113992	0.0488567	1.403279	1.615856	1.998354	2.263206
11082	-1806.155	-2090.032	283.8774	0.655299	0.27516	0.00365163	0.0658894	1.403279	1.630728	1.935271	1.916934
11088	-1808.854	-2091.243	282.3894	0.62931	0.218241	0.00102765	0.151421	1.403279	1.498765	2.676105	2.569719
11094	-1803.555	-2086.431	282.8759	0.577457	0.310804	0.00143591	0.110304	1.086911	1.438055	2.667943	2.393283
11100	-1805.951	-2089.247	283.2963	0.576261	0.311959	0.00106712	0.110714	1.39394	1.461065	2.399471	1.976934
11106	-1818.888	-2102.226	283.3386	0.567769	0.320969	0.00217969	0.109082	1.054095	1.445416	2.217729	2.820182
11112	-1804.098	-2084.317	280.2192	0.457317	0.241014	0.281123	0.0205463	2.430377	1.190002	3.726909	2.442215
11118	-1810.168	-2089.847	279.6797	0.602917	0.087534	0.278515	0.0310342	2.430377	1.26337	3.807812	2.952942
11124	-1820.198	-2101.561	281.3623	0.687627	0.0222364	0.265012	0.0251246	1.730681	1.351938	3.465185	1.968722
11130	-1812.989	-2093.876	280.8866	0.667047	0.00948252	0.25708	0.0663908	1.210901	1.13167	4.093238	2.047883
11136	-1813.99	-2095.188	281.1977	0.529215	0.0195419	0.329202	0.122041	1.762105	1.141631	3.872281	1.529199
11142	-1811.951	-2093.422	281.4707	0.465126	0.42765	0.0508198	0.056404	1.075405	1.302933	3.923602	1.629319
11148	-1814.957	-2099.178	284.2205	0.469333	0.431518	0.0512795	0.0478691	0.7607702	1.525421	2.606565	1.151534
11154	-1808.002	-2091.038	283.0361	0.782687	0.0832304	0.00400167	0.130081	1.335343	1.645926	1.828461	3.549098
11160	-1807.219	-2090.835	283.616	0.760793	0.0866704	0.0104017	0.142135	1.256262	1.614524	2.161534	2.007925
11166	-1807.946	-2088.54	280.594	0.766605	0.107988	0.0136461	0.111761	2.190912	1.580976	3.249393	2.778873
11172	-1808.291	-2089.883	281.5927	0.67307	0.122066	0.190653	0.0142109	1.337593	1.490689	3.435876	1.99113
11178	-1807.111	-2088.556	281.4456	0.450576	0.312836	0.16426	0.0723278	0.9055058	1.318876	3.931496	1.834585
11184	-1810.224	-2091.48	281.2562	0.664202	0.140665	0.143563	0.0515702	1.724638	1.600993	3.006489	2.909045
11190	-1813.05	-2094.558	281.508	0.597898	0.163612	0.115191	0.123299	1.856244	1.513841	3.066161	2.340132
11196	-1818.355	-2100.447	282.0926	0.611402	0.124071	0.172238	0.0922892	1.862308	1.384453	2.873929	2.141767
11202	-1807.598	-2090.166	282.5678	0.723975	0.133008	0.0552598	0.087757	1.130675	1.357374	2.946847	2.232153
11208	-1806.998	-2089.537	282.539	0.769698	0.134874	0.0476663	0.0477617	1.130675	1.688533	2.763553	2.232153
11214	-1800.51	-2082.058	281.5481	0.73395	0.103575	0.116312	0.0461633	1.258582	1.460533	2.875617	3.741551
11220	-1814.696	-2096.61	281.9143	0.537938	0.385229	0.053782	0.0230517	1.770632	1.395913	3.326907	1.484245
11226	-1810.205	-2092.433	282.2275	0.730197	0.173168	0.0778278	0.018808	0.9950119	1.6126	2.767646	3.024674
11232	-1806.52	-2087.735	281.2154	0.665193	0.157752	0.0708994	0.106155	1.957759	1.604648	2.767646	3.335448
11238	-1789.608	-2072.09	282.4828	0.735579	0.130371	0.0494517	0.0845982	1.566333	1.481069	2.785622	2.004608
11244	-1794.063	-2076.069	282.006	0.68265	0.265419	0.0264567	0.0254745	1.304903	1.380959	3.267095	2.009
11250	-1801.549	-2082.719	281.1696	0.639286	0.274001	0.0102695	0.0764437	1.181387	1.460115	3.966009	1.590686
11256	-1804.661	-2085.498	280.837	0.492887	0.440329	0.0191345	0.0476496	1.357279	1.519202	3.966009	1.725296
11262	-1805.489	-2087.031	281.5424	0.55055	0.393976	0.0126205	0.0428536	1.774676	1.306603	3.558567	1.55645
11268	-1816.746	-2099.271	282.5248	0.469048	0.31618	0.181649	0.0331233	1.435693	1.552959	2.939657	1.678537
11274	-1793.198	-2075.438	282.2399	0.489218	0.329776	0.115194	0.0658118	1.435693	1.439035	3.107488	1.826451
11280	-1800.236	-2081.356	281.12	0.537105	0.268231	0.123886	0.0707775	1.549006	1.399084	4.012327	1.2504
11286	-1805.733	-2084.955	279.2214	0.661146	0.0277648	0.220531	0.0905579	1.561485	0.9999467	5.053633	1.754731
11292	-1813.591	-2095.09	281.4983	0.675481	0.152722	0.0861723	0.0856245	1.243717	1.316272	3.598532	2.093389
11298	-1819.276	-2098.359	279.0824	0.675481	0.152722	0.0861723	0.0856245	1.85958	1.288979	4.287078	3.200023
11304	-1816.21	-2100.694	284.4841	0.623658	0.0661799	0.0738984	0.236264	1.400427	2.129423	0.8531248	2.246235
11310	-1821.972	-2104.107	282.1349	0.624596	0.207841	0.0358505	0.131712	1.403893	1.275231	3.219408	1.966976
11316	-1827.144	-2106.769	279.625	0.703462	0.104225	0.0276829	0.16463	1.997019	1.114789	4.260498	2.509287
11322	-1805.71	-2085.377	279.6671	0.779527	0.0915655	0.00619993	0.122707	1.583087	1.193079	4.636916	1.869032
11328	-1823.641	-2105.044	281.403	0.796388	0.0719657	0.00884653	0.122799	1.430336	1.364297	3.305731	2.645198
11334	-1815.242	-2095.576	280.3347	0.646051	0.188248	0.0141873	0.151514	1.290371	1.371557	4.320774	1.834465
11340	-1822.718	-2102.489	279.7714	0.643118	0.187393	0.0186632	0.150826	2.141786	1.208808	4.174915	2.223288
11346	-1804.558	-2084.957	280.3992	0.597217	0.185816	0.114185	0.102782	1.777719	1.130147	4.105409	2.016889
11352	-1807.903	-2088.017	280.1143	0.72989	0.0916672	0.0528274	0.125615	1.452664	1.388016	4.194023	2.212217
11358	-1800.446	-2082.231	281.785	0.611248	0.321918	0.0223212	0.0445119	1.455154	1.526365	3.460366	1.524558
11364	-1817.275	-2099.363	282.0886	0.57046	0.334758	0.029786	0.064996	1.476054	1.415077	2.949077	2.378241
11370	-1820.067	-2103.055	282.9874	0.740785	0.0361093	0.0647464	0.158359	1.837216	3.001138	0.1930529	2.382602
11376	-1805.652	-2087.978	282.326	0.727708	0.11467	0.0742924	0.0833294	2.037999	3.001138	0.1998748	3.229797
11382	-1805.76	-2088.745	282.9854	0.595208	0.199928	0.0595788	0.145285	2.271731	3.007351	0.1928174	1.929915
11388	-1799.293	-2082.245	282.9513	0.48376	0.255967	0.106349	0.153923	2.20769	3.037698	0.178347	1.929915
11394	-1803.176	-2086.983	283.8073	0.538629	0.205097	0.167257	0.089018	1.435999	2.963973	0.2054936	1.820392
11400	-1818.392	-2102.005	283.6134	0.64612	0.20499	0.0826351	0.0662546	1.399721	2.994574	0.2347226	2.179483
11406	-1828.877	-2112.631	283.7542	0.621498	0.218581	0.085967	0.0739548	1.399721	2.922425	0.2180663	2.030412
11412	-1832.997	-2116.674	283.6772	0.752362	0.0990111	0.0635751	0.085052	1.279733	2.922425	0.2253922	2.313981
11418	-1814.437	-2097.86	283.4225	0.666954	0.168323	0.0704602	0.0942631	1.279733	2.922425	0.2026274	2.602226
11424	-1840.649	-2122.967	282.3178	0.760982	0.158784	0.0349092	0.0453245	2.673051	2.922425	0.188676	2.596772
11430	-1841.95	-2122.294	280.3441	0.504493	0.323537	0.0220866	0.149883	1.250085	1.116899	4.176554	2.585919
11436	-1820.413	-2098.431	278.0173	0.691814	0.183381	0.0640976	0.0607069	1.402016	1.076542	5.818858	1.603864
11442	-1819.474	-2097.891	278.4173	0.751341	0.115285	0.108987	0.0243874	1.776855	1.087558	4.642672	3.747759
11448	-1823.37	-2103.053	279.6826	0.50903	0.367895	0.102768	0.0203069	0.9992128	0.9878199	5.263144	1.389087
11454	-1809.062	-2088.035	278.9738	0.491741	0.384428	0.107387	0.0164444	0.8689485	1.193252	5.728426	1.161483
11460	-1798.562	-2077.799	279.2377	0.336257	0.474754	0.132618	0.0563709	1.364067	1.15697	5.439829	0.9770318
11466	-1799.847	-2080.059	280.2124	0.382457	0.539983	0.0415053	0.0360541	1.241205	1.081764	4.885668	1.196219
11472	-1807.001	-2087.814	280.813	0.625	0.248255	0.0678266	0.0589186	1.571719	1.210862	3.809559	2.28144
11478	-1813.79	-2091.489	277.6992	0.609262	0.242004	0.104358	0.0443765	1.786423	1.090433	5.74391	1.748056
11484	-1812.701	-2092.482	279.7814	0.581492	0.279159	0.0996011	0.0397487	1.409105	1.113155	4.669378	1.944384
11490	-1801.416	-2083.22	281.8044	0.549007	0.286876	0.102355	0.0617622	1.323616	1.44209	3.572243	1.513133
11496	-1820.511	-2100.275	279.7636	0.629344	0.217362	0.130847	0.0224474	1.270031	1.0653	4.800292	1.888794
11502	-1837.355	-2118.468	281.113	0.724198	0.0557392	0.0158782	0.204185	1.616322	1.40751	3.267618	2.887231
11508	-1813.857	-2095.307	281.4502	0.724731	0.13191	0.041099	0.102261	2.071791	1.620397	2.890399	2.457922
11514	-1811.337	-2093.509	282.1722	0.709781	0.129188	0.00485419	0.156177	1.494826	1.396022	3.140726	1.830704
11520	-1796.735	-2078.499	281.7635	0.775394	0.0209402	0.0551131	0.148553	1.872532	1.29273	3.160238	2.053423
11526	-1808.503	-2090.642	282.1389	0.701132	0.0173793	0.0761723	0.205317	1.295089	1.223551	3.24124	2.113375
11532	-1827.71	-2108.132	280.4222	0.770975	0.014614	0.0664025	0.148009	2.399215	1.224381	3.797537	1.968029
11538	-1826.582	-2108.596	282.0138	0.79747	0.0035821	0.056216	0.142732	2.243773	1.252152	2.810646	2.187006
11544	-1823.493	-2104.577	281.0843	0.767859	0.0790089	0.0689043	0.0842277	0.8639524	1.351942	3.799285	2.68553
11550	-1804.396	-2084.207	279.8109	0.781389	0.0291551	0.103745	0.0857117	1.121429	1.178042	4.333472	3.09827
11556	-1817.529	-2098.946	281.4166	0.824248	0.0727729	0.0125666	0.090413	1.336062	1.264483	3.241892	3.09827
11562	-1827.626	-2109.272	281.6458	0.677837	0.0491783	0.103416	0.16957	1.629261	1.267121	3.241892	2.334223
11568	-1813.085	-2095.011	281.9257	0.626987	0.260099	0.046027	0.0668871	1.451227	1.421694	3.073921	2.334223
11574	-1818.491	-2102.031	283.54	0.558699	0.311941	0.0679476	0.0614129	1.013789	1.553056	2.384763	2.038132
11580	-1825.908	-2109.551	283.6428	0.743409	0.0796931	0.0879333	0.0889647	1.375544	1.690329	1.774557	2.527374
11586	-1816.414	-2100.258	283.8437	0.730708	0.157748	0.05955	0.0519947	1.775294	1.723769	1.558251	2.138271
11592	-1795.329	-2079.64	284.311	0.618035	0.31065	0.00909697	0.0622175	1.321415	1.918975	1.347574	2.138271
11598	-1811.483	-2096.105	284.6224	0.385112	0.32887	0.0160515	0.269967	1.082933	2.026768	1.333806	1.901508
11604	-1804.127	-2085.039	280.9117	0.747507	0.0652394	0.077297	0.109957	1.755105	1.231695	3.579144	2.468257
11610	-1792.263	-2075.634	283.3719	0.827632	0.0245786	0.0260465	0.121743	1.470701	1.547358	2.283334	1.9155
11616	-1799.812	-2083.6	283.7884	0.803798	0.0526685	0.0252964	0.118237	1.277294	1.435097	2.198998	1.9155
11622	-1824.096	-2108.098	284.0024	0.402225	0.569866	0.00528346	0.0226255	1.125125	1.500472	2.453358	1.278916
11628	-1806.179	-2088.561	282.3829	0.378895	0.58015	0.0053788	0.0355764	1.010726	1.545279	3.182807	1.854964
11634	-1810.24	-2092.402	282.1616	0.561893	0.394741	0.00447547	0.0388914	1.579167	1.358722	3.182807	1.711867
11640	-1810.878	-2095.929	285.0515	0.40661	0.42148	0.170653	0.00125695	1.468891	1.930857	1.313794	1.130251
11646	-1804.02	-2088.711	284.6908	0.359037	0.543155	0.0582748	0.0395334	1.088994	1.877924	1.730893	1.350491
11652	-1794.004	-2078.039	284.0353	0.533707	0.360239	0.0482248	0.0578288	1.773921	1.75958	1.924618	1.228757
11658	-1801.558	-2084.477	282.9189	0.601903	0.253954	0.0449331	0.0992095	1.886117	1.87051	2.330717	1.561814
11664	-1791.139	-2074.744	283.6046	0.584357	0.246551	0.151161	0.0179308	1.228587	1.795893	2.330717	1.501155
11670	-1791.707	-2075.053	283.3453	0.548293	0.323687	0.103973	0.0240473	1.516948	1.688591	2.399305	1.501155
11676	-1806.616	-2087.024	280.4074	0.600151	0.233433	0.0815635	0.084852	1.458234	1.418706	3.729386	2.949642
11682	-1809.355	-2091.304	281.9492	0.567402	0.217507	0.136029	0.0790629	2.324798	1.737798	2.410865	2.428831
11688	-1800.889	-2084.947	284.0582	0.625347	0.204982	0.0825332	0.0871372	1.234915	1.684166	2.020355	1.655372
11694	-1791.22	-2074.5	283.2797	0.60736	0.234003	0.0740053	0.0846308	1.527552	1.737612	2.052969	2.195308
11700	-1794.701	-2076.744	282.0436	0.683226	0.121474	0.100099	0.095202	1.770491	1.754701	2.410726	2.897188
11706	-1798.698	-2082.358	283.6601	0.560535	0.0431809	0.318178	0.0781061	1.429882	1.573359	2.001858	2.119937
11712	-1801.482	-2084.908	283.4262	0.516544	0.0284418	0.420271	0.0347432	1.129179	1.595052	2.503231	1.741205
11718	-1795.583	-2079.521	283.9383	0.476101	0.207901	0.291869	0.0241284	1.451551	1.662854	2.068591	1.504122
11724	-1809.335	-2093.164	283.8297	0.549222	0.238028	0.185126	0.0276247	1.082416	1.730653	1.948755	2.224068
11730	-1788.542	-2071.201	282.6591	0.499596	0.352436	0.0592151	0.0887527	1.767104	1.546334	2.703268	1.65858
11736	-1791.713	-2074.211	282.4974	0.619521	0.18588	0.18157	0.0130298	1.741192	1.471487	3.05562	1.285343
11742	-1795.139	-2078.849	283.7104	0.609448	0.181334	0.171313	0.0379047	1.336088	1.442093	2.373454	1.597273
11748	-1806.251	-2090.059	283.8077	0.686157	0.113906	0.169156	0.0307819	1.678999	1.509747	2.272785	1.254609
11754	-1801.311	-2083.258	281.9472	0.640403	0.220424	0.110444	0.0287293	1.478229	1.375529	3.339303	1.735279
11760	-1797.49	-2080.184	282.6944	0.775124	0.0564254	0.133678	0.0347731	1.478229	1.479682	2.831068	1.735279
11766	-1803.336	-2086.711	283.3755	0.635125	0.106708	0.249165	0.00900119	0.8109308	1.340971	2.781953	1.963188
11772	-1791.813	-2075.019	283.206	0.395725	0.347893	0.155247	0.101136	0.8639443	1.23391	3.051902	1.676545
11778	-1801.838	-2085.213	283.3747	0.693493	0.132992	0.0979068	0.0756084	1.588039	1.469296	2.217034	2.018451
11784	-1809.706	-2094.289	284.5836	0.216626	0.687038	0.0430015	0.0533346	1.322081	1.881262	2.005441	0.8198233
11790	-1819.468	-2100.504	281.0367	0.632448	0.134703	0.077137	0.155713	1.315392	1.354663	3.925864	1.8166
11796	-1809.724	-2090.698	280.9739	0.574516	0.232305	0.0298032	0.163376	1.880951	1.314381	3.617289	2.029761
11802	-1813.386	-2092.926	279.5402	0.538009	0.369103	0.0279094	0.0649787	1.880951	1.164977	4.890651	1.235256
11808	-1810.625	-2090.887	280.2626	0.596262	0.253995	0.109306	0.0404361	1.035906	1.302148	4.657286	1.571803
11814	-1807.307	-2087.977	280.6702	0.442618	0.406402	0.0317439	0.119237	1.024996	1.137222	4.657286	1.307847
11820	-1820.97	-2104.415	283.4458	0.408454	0.443658	0.0295401	0.118348	0.9730281	1.538458	3.062804	0.9400159
11826	-1826.143	-2109.959	283.8163	0.460417	0.388646	0.0517708	0.099166	1.09779	1.556297	2.497516	1.373866
11832	-1813.459	-2097.057	283.5976	0.322474	0.530586	0.0362919	0.110648	1.427708	1.757821	2.524199	1.023135
11838	-1818.173	-2100.311	282.1377	0.427264	0.509845	0.0333211	0.0295701	1.980343	1.357826	3.115671	1.494349
11844	-1824.317	-2103.605	279.2875	0.476972	0.393163	0.0295232	0.100342	1.161839	1.066682	5.097213	1.944119
11850	-1821.551	-2105.064	283.5129	0.642361	0.152554	0.167094	0.0379907	1.36838	1.455509	2.469867	1.599664
11856	-1812.251	-2094.77	282.5188	0.624444	0.176191	0.162434	0.0369311	1.125952	1.322743	3.28929	1.599664
11862	-1813.383	-2090.015	276.632	0.56458	0.153132	0.0967794	0.185509	2.190631	0.9510471	5.749368	3.045947
11868	-1811.907	-2088.53	276.623	0.589155	0.127444	0.0733927	0.210009	2.531114	0.8454285	5.962644	2.256321
11874	-1830.366	-2111.929	281.5632	0.760594	0.06613	0.067542	0.105734	2.434455	1.436244	2.840299	2.30867
11880	-1826.3	-2107.232	280.932	0.657512	0.130209	0.0556342	0.156644	2.387595	1.209491	3.599464	1.781973
11886	-1817.297	-2098.699	281.4021	0.686431	0.135936	0.0140986	0.163534	1.014541	1.209558	3.510552	2.959473
11892	-1802.046	-2084.437	282.3906	0.718269	0.140083	0.0386515	0.102996	0.7983388	1.378394	3.049318	2.7101
11898	-1811.949	-2093.472	281.5235	0.820896	0.0628281	0.0351035	0.0811724	1.450147	1.624973	2.912324	3.069241
11904	-1807.597	-2090.005	282.4072	0.596799	0.192336	0.00788215	0.202983	1.19216	1.58644	2.651864	2.768303
11910	-1803.36	-2085.625	282.265	0.714757	0.148601	0.00470709	0.131934	1.398086	1.418272	2.940935	2.238099
11916	-1807.669	-2088.566	280.8965	0.750174	0.108372	0.0958625	0.0455924	1.334061	1.275991	3.700166	2.652443
11922	-1807.025	-2087.871	280.8458	0.486586	0.389251	0.0743327	0.0498301	1.40857	1.27854	4.127606	1.607141
11928	-1802.037	-2084.024	281.9861	0.495068	0.398335	0.0778317	0.0287649	1.07763	1.412307	3.738114	1.281253
11934	-1799.982	-2083.136	283.1533	0.691533	0.214227	0.0540606	0.04018	1.767974	1.541185	2.480292	1.504399
11940	-1808.672	-2091.79	283.1178	0.593303	0.338688	0.0390131	0.0289961	1.19441	1.653293	2.352555	2.312884
11946	-1803.347	-2083.597	280.25	0.653644	0.160894	0.0429809	0.142482	2.674511	1.274656	3.475879	2.680146
11952	-1812.248	-2091.914	279.6663	0.744	0.104753	0.0350514	0.116196	3.091971	1.299631	3.419787	3.346727
11958	-1811.589	-2090.307	278.7178	0.732112	0.10308	0.0273107	0.137498	3.149075	1.293793	3.964024	3.31138
11964	-1804.241	-2085.68	281.4399	0.749739	0.0389284	0.0639385	0.147394	1.362636	1.443528	3.144558	2.993514
11970	-1795.615	-2078.205	282.5901	0.65327	0.114773	0.0128978	0.21906	1.362636	1.595323	2.793039	1.930379
11976	-1806.861	-2088.341	281.4801	0.778311	0.0629868	0.0109779	0.147724	1.326437	1.508811	3.326991	2.396523
11982	-1811.722	-2093.147	281.4246	0.533291	0.264148	0.0200841	0.182477	1.301571	1.111376	3.948435	1.605529
11988	-1806.81	-2087.652	280.8421	0.75908	0.132903	0.037813	0.0702038	1.314831	1.164475	4.21895	1.656758
11994	-1813.889	-2093.722	279.8335	0.717268	0.0804836	0.0834266	0.118821	1.607818	1.203096	4.617073	1.666721
12000	-1816.884	-2098.25	281.3669	0.548041	0.110344	0.250806	0.0908084	1.480437	1.252785	3.509614	2.281674
12006	-1807.489	-2088.04	280.5509	0.368181	0.427159	0.103675	0.100984	1.693782	1.127718	4.085449	1.955178
12012	-1818.501	-2099.264	280.7628	0.590919	0.276571	0.0671259	0.0653839	1.350395	1.144087	4.085449	2.043299
12018	-1796.927	-2078.429	281.5021	0.491121	0.249696	0.161243	0.0979396	1.071049	1.169893	4.085449	1.422249
12024	-1796.383	-2077.815	281.4329	0.522316	0.312963	0.140968	0.0237541	1.726235	1.266542	4.035702	0.8754211
12030	-1800.472	-2081.58	281.1084	0.752523	0.0510991	0.13879	0.0575885	1.56351	1.250957	3.732036	2.01331
12036	-1784.744	-2064.607	279.8627	0.78078	0.0253203	0.10185	0.09205	1.511119	1.207351	4.198864	2.77076
12042	-1787.411	-2068.01	280.5987	0.617366	0.0491419	0.134946	0.198546	1.46697	1.042818	4.19146	2.010648
12048	-1795.815	-2075.525	279.7095	0.590139	0.131983	0.143333	0.134546	1.46697	1.231361	4.19146	3.067159
12054	-1798.356	-2079.431	281.0748	0.598279	0.174741	0.132085	0.0948951	1.310113	1.233573	3.910676	1.964529
12060	-1804.198	-2086.463	282.2656	0.627398	0.154907	0.0738882	0.143807	1.950207	1.427154	2.50513	2.603759
12066	-1817.653	-2097.676	280.0233	0.699377	0.172679	0.0823651	0.0455793	2.501482	1.22232	4.025436	1.88263
12072	-1809.666	-2090.038	280.3719	0.422839	0.450142	0.0589363	0.0680831	1.717672	1.215069	4.237022	1.707644
12078	-1804.419	-2084.913	280.4943	0.579283	0.310204	0.0583385	0.0521741	1.354869	1.096112	4.66813	1.18477
12084	-1814.646	-2094.249	279.6027	0.516936	0.373909	0.0625963	0.0465587	1.315365	1.179257	5.138183	1.18477
12090	-1810.606	-2089.922	279.3163	0.413464	0.367459	0.214727	0.00434978	1.390839	1.110836	5.202839	1.369172
12096	-1821.193	-2102.297	281.1042	0.525181	0.151121	0.318127	0.00557128	1.1491	0.9711542	4.407494	1.369172
12102	-1811.476	-2092.399	280.9233	0.648656	0.111823	0.235399	0.00412249	0.7687919	1.052575	4.778992	1.175528
12108	-1819.103	-2098.877	279.7741	0.576931	0.18303	0.20937	0.0306688	1.76105	1.048222	4.658046	1.685938
12114	-1791.955	-2073.802	281.8468	0.580082	0.18403	0.18652	0.0493678	1.033843	1.07936	3.918617	1.507642
12120	-1813.985	-2094.364	280.3783	0.645744	0.196961	0.102339	0.0549559	1.651832	1.364777	4.347795	1.359
12126	-1807.09	-2087.627	280.5362	0.51386	0.381375	0.0441624	0.0606022	1.475798	1.082712	4.347795	1.677283
12132	-1822.206	-2105.127	282.9208	0.643575	0.23624	0.000580397	0.119605	0.221394	1.226584	3.463816	1.852773
12138	-1814.058	-2098.998	284.9405	0.45688	0.264896	0.00145004	0.276774	0.2105785	1.449674	2.086122	1.852773
12144	-1804.619	-2088.895	284.2761	0.508682	0.306905	0.00110911	0.183303	0.2417248	1.366639	2.596473	1.797445
12150	-1794.595	-2079.146	284.5505	0.494309	0.298234	0.00818726	0.19927	0.1829279	1.506077	2.396362	1.637067
12156	-1803.346	-2088.333	284.9874	0.497111	0.299924	0.00256556	0.2004	0.1829279	1.70888	1.962697	1.670972
12162	-1802.05	-2086.627	284.577	0.494859	0.298566	0.00708257	0.199492	0.1828115	1.44911	2.521222	1.439479
12168	-1815.035	-2099.229	284.1934	0.633251	0.23574	0.0332203	0.0977889	0.11276	1.44911	2.633423	1.446745
12174	-1805.494	-2085.676	280.1824	0.665965	0.114891	0.125317	0.0938267	1.281365	1.086485	4.439536	2.146674
12180	-1816.619	-2097.115	280.4958	0.614952	0.227266	0.105669	0.0521136	1.108721	1.088368	4.439536	1.941824
12186	-1802.248	-2083.223	280.9756	0.56663	0.207675	0.156818	0.0688773	1.436972	1.122305	3.975988	1.941824
12192	-1803.346	-2082.387	279.0406	0.524666	0.193891	0.199399	0.0820432	1.436972	1.115029	5.166808	1.716232
12198	-1799.981	-2078.703	278.722	0.583731	0.145533	0.221847	0.0488898	2.189547	1.10621	4.854584	2.097215
12204	-1800.882	-2081.793	280.9113	0.571787	0.212449	0.166598	0.0491657	0.9963103	1.136221	4.460023	1.464521
12210	-1796.969	-2079.836	282.8677	0.409619	0.456559	0.12584	0.00798099	0.7964275	1.333041	3.59525	1.000169
12216	-1796.573	-2078.976	282.4029	0.41241	0.436642	0.143509	0.0074397	1.10041	1.313962	3.459854	1.43516
12222	-1796.643	-2079.781	283.1375	0.432302	0.409468	0.150431	0.00779856	1.636263	1.554016	2.58643	1.43516
12228	-1795.706	-2078.997	283.291	0.703328	0.151237	0.130384	0.0150516	1.203134	1.687227	2.386416	1.943384
12234	-1799.268	-2083.272	284.0041	0.573535	0.32249	0.0857322	0.0182427	1.203134	1.687227	1.921526	1.943384
12240	-1813.734	-2098.861	285.1274	0.702088	0.203217	0.00236386	0.0923313	0.1683827	2.052931	1.5897	1.707263
12246	-1804.326	-2089.418	285.0921	0.643631	0.186297	0.00447577	0.165596	0.124789	1.828698	1.861864	1.416513
12252	-1802.491	-2087.968	285.4764	0.652829	0.258452	0.0442007	0.044519	0.9077021	1.762147	1.530522	1.124628
12258	-1807.94	-2091.722	283.7821	0.628822	0.152492	0.123963	0.0947225	1.700157	1.842246	1.941467	1.45545
12264	-1797.357	-2080.875	283.5174	0.556345	0.356397	0.0313999	0.0558584	0.1432472	1.513249	3.040177	1.516334
12270	-1800.12	-2084.66	284.54	0.51031	0.387658	0.0433838	0.0586475	0.1512856	1.816726	2.32529	1.35357
12276	-1813.869	-2098.256	284.3877	0.544256	0.336603	0.0462043	0.072937	0.1512856	1.444937	2.422947	1.791085
12282	-1812.392	-2095.045	282.6526	0.604682	0.314142	0.0131054	0.0680701	0.1594852	1.425597	3.492149	1.791085
12288	-1806.627	-2090.713	284.0869	0.556314	0.289014	0.0702126	0.0844592	0.19501	1.438291	2.801473	1.507654
12294	-1810.488	-2094.827	284.3392	0.540459	0.309277	0.0682115	0.0820522	0.1491922	1.410544	2.636042	1.472959
12300	-1795.187	-2077.257	282.0699	0.544629	0.244444	0.097227	0.1137	0.1361507	1.116726	4.141808	1.433861
12306	-1811.165	-2092.724	281.5593	0.412884	0.480188	0.0619999	0.0449283	0.2243227	1.142491	4.362771	1.701767
12312	-1816.323	-2097.514	281.191	0.592563	0.264899	0.0780577	0.0644802	0.1486617	1.400692	4.282498	1.899523
12318	-1823.52	-2104.884	281.3645	0.561981	0.327472	0.0348806	0.0756668	0.1623875	1.078844	4.653023	1.326893
12324	-1801.98	-2083.316	281.3358	0.477424	0.369239	0.0680191	0.0853177	0.2621908	1.399512	4.443501	1.495917
12330	-1800.705	-2083.122	282.4171	0.747467	0.116601	0.0586575	0.0772749	0.1654276	1.35262	3.606878	1.949213
12336	-1805.258	-2088.247	282.9889	0.734776	0.12246	0.0616054	0.0811584	0.1860267	1.404177	3.053598	2.43394
12342	-1812.669	-2094.961	282.2921	0.611321	0.114267	0.215468	0.058944	0.8759153	1.284277	3.388832	2.037928
12348	-1798.973	-2081.121	282.1473	0.65339	0.149334	0.1549	0.042375	1.537385	1.419956	3.011817	2.067532
12354	-1807.016	-2088.046	281.0298	0.700093	0.160008	0.0944948	0.0454038	1.763381	1.349358	3.563146	2.159193
12360	-1800.233	-2082.773	282.5404	0.667324	0.201125	0.0891795	0.0423715	0.9748668	1.54278	3.110625	1.858091
12366	-1804.785	-2089.412	284.6262	0.600171	0.193113	0.104208	0.102509	0.9748668	1.553486	2.25466	1.052509
12372	-1826.165	-2104.199	278.0347	0.826407	0.0401835	0.0109307	0.122478	1.385518	0.989916	5.641067	2.127887
12378	-1822.066	-2102.586	280.52	0.656272	0.246028	0.0032476	0.0944524	2.131286	1.407023	3.675921	2.127887
12384	-1804.908	-2084.623	279.7155	0.813602	0.0652761	0.00402616	0.117096	1.317142	1.258408	4.184517	3.261465
12390	-1821.16	-2099.938	278.778	0.496226	0.263751	0.136146	0.103877	1.490934	1.161295	5.177888	1.905173
12396	-1826.259	-2106.628	280.3698	0.494391	0.226926	0.158074	0.120608	1.779571	1.237595	4.252711	1.589214
12402	-1826.372	-2106.041	279.6696	0.749133	0.142155	0.0538219	0.05489	1.118698	0.9885978	4.821346	2.263155
12408	-1802.606	-2080.083	277.4766	0.633951	0.120298	0.146993	0.0987569	0.8755459	0.9290593	6.359081	1.854185
12414	-1803.835	-2082.09	278.2553	0.646375	0.122656	0.149874	0.0810954	1.208826	1.044418	5.872928	1.453933
12420	-1817.421	-2096.506	279.0848	0.615049	0.0799549	0.234428	0.0705683	1.369393	1.054959	4.683419	3.091558
12426	-1813.213	-2093.602	280.3888	0.684305	0.234757	0.0517016	0.0292362	1.17335	1.133083	4.51247	1.775924
12432	-1805.343	-2085.098	279.7553	0.716518	0.0379559	0.208012	0.0375142	1.17335	1.179728	4.420276	2.849604
12438	-1818.177	-2099.668	281.4909	0.668986	0.0601908	0.184807	0.0860158	2.134148	1.443914	3.220419	1.822235
12444	-1819.003	-2102.436	283.4331	0.523791	0.226994	0.0424991	0.206716	0.1519932	1.555063	2.955933	1.764745
12450	-1801.573	-2085.521	283.9484	0.703961	0.150947	0.00762959	0.137462	0.1312046	1.654919	2.277107	2.329872
12456	-1808.071	-2092.433	284.3615	0.664384	0.182043	0.00999499	0.143578	0.1673333	1.448962	2.220216	2.293366
12462	-1800.642	-2084.596	283.9538	0.41167	0.457905	0.0251411	0.105284	0.1673333	1.977365	2.199638	2.167965
12468	-1798.254	-2082.959	284.7049	0.355619	0.522008	0.0341043	0.0882682	0.1673333	1.60431	2.055122	1.955689
12474	-1789.713	-2074.085	284.3718	0.421241	0.446895	0.0367494	0.0951143	0.1402271	1.477094	2.77007	1.100644
12480	-1798.632	-2082.265	283.6333	0.382154	0.437869	0.0320549	0.147922	0.1450165	1.528699	2.827385	1.790875
12486	-1809.261	-2094.065	284.8036	0.486135	0.301354	0.0268489	0.185663	0.1682254	1.755271	2.229384	1.334255
12492	-1809.298	-2093.642	284.3441	0.50304	0.408952	0.0145613	0.073447	0.1682254	1.422853	2.884457	1.058345
12498	-1814.422	-2097.748	283.3257	0.383298	0.511055	0.0157821	0.0898648	0.2244331	1.420196	3.331494	1.406091
12504	-1815.406	-2099.153	283.7475	0.466999	0.330506	0.0261552	0.17634	0.1202248	1.598629	2.699967	1.712513
12510	-1806.56	-2090.374	283.8134	0.488968	0.299011	0.0273856	0.184635	0.1304892	1.763466	2.285875	2.344533
12516	-1797.103	-2082.201	285.098	0.488968	0.299011	0.0273856	0.184635	0.1515715	1.854712	1.828651	1.53339
12522	-1792.837	-2077.751	284.9133	0.643258	0.241795	0.00600325	0.108944	0.1565471	1.715445	1.827835	1.951127
12528	-1793.31	-2078.909	285.5998	0.460358	0.336979	0.0491598	0.153503	0.1570164	1.715445	1.608666	1.488941
12534	-1790.714	-2076.244	285.53	0.49005	0.358713	0.0523304	0.0989071	0.2214963	1.987055	1.205479	1.971968
12540	-1789.751	-2075.046	285.2957	0.478317	0.393666	0.0705296	0.0574875	0.1703344	1.840461	1.590618	1.764573
12546	-1789.638	-2075.207	285.5688	0.466013	0.374772	0.0634792	0.0957361	0.1545344	1.679423	1.715097	1.389487
12552	-1791.341	-2077.057	285.7165	0.435726	0.364604	0.0510128	0.148658	0.1545344	1.69343	1.67054	1.280305
12558	-1801.61	-2087.098	285.4875	0.491577	0.411338	0.041333	0.0557521	0.1593503	1.731162	1.795973	1.305676
12564	-1795.009	-2080.26	285.251	0.489929	0.40996	0.0411945	0.0589162	0.1417033	1.968702	1.362492	1.961767
12570	-1781.824	-2067.664	285.8393	0.448594	0.375372	0.0900775	0.0859567	0.1806188	2.004048	1.088789	1.681392
12576	-1790.762	-2076.888	286.1259	0.495593	0.395656	0.0705087	0.0382418	0.1675577	2.223648	0.9195719	1.271083
12582	-1795.987	-2082.24	286.2533	0.481827	0.417093	0.0647749	0.0363048	0.1478097	2.102838	1.197653	0.9203836
12588	-1805.98	-2092.553	286.5728	0.293705	0.612548	0.065274	0.0284727	0.1238486	2.036521	0.9694298	0.8354636
12594	-1805.039	-2088.693	283.6542	0.668937	0.155627	0.0148922	0.160545	1.220073	1.523616	2.457609	1.535885
12600	-1783.499	-2066.057	282.5578	0.563463	0.279776	0.0125441	0.144218	1.304199	1.442835	3.165652	1.462238
12606	-1799.218	-2082.475	283.2571	0.617054	0.306385	0.0368008	0.0397605	1.106164	1.074917	3.043201	1.532393
12612	-1797.395	-2079.007	281.612	0.697187	0.171691	0.0415799	0.0895419	1.106164	1.163334	3.992117	1.451783
12618	-1804.431	-2085.971	281.5395	0.573238	0.252015	0.0170919	0.157655	1.06294	1.197118	3.717563	2.155767
12624	-1810.003	-2092.161	282.1584	0.389391	0.445116	0.0360899	0.129403	0.2077783	1.201321	4.347051	0.995482
12630	-1811.386	-2095.175	283.7888	0.384472	0.418615	0.0886345	0.108278	0.1867775	1.406662	2.979419	1.538869
12636	-1804.92	-2089.608	284.688	0.427143	0.465076	0.0716715	0.0361093	0.1867775	1.51409	2.5997	1.116756
12642	-1809.93	-2093.431	283.5011	0.397209	0.46281	0.0666488	0.0733322	0.2043516	1.513011	3.17886	1.38277
12648	-1797.863	-2081.536	283.6726	0.380113	0.499048	0.0375484	0.0832906	0.5139213	1.408875	3.273189	0.9661775
12654	-1813.43	-2096.602	283.1719	0.531869	0.23001	0.165639	0.0724817	1.061677	1.359472	3.082807	1.281873
12660	-1804.831	-2087.53	282.6996	0.729277	0.0664758	0.045477	0.15877	0.9628789	1.249322	3.0431	2.206119
12666	-1787.143	-2068.959	281.8156	0.774185	0.0995435	0.0667653	0.0595067	1.446667	1.342694	3.325784	2.011968
12672	-1788.654	-2071.157	282.503	0.641695	0.0648055	0.178241	0.115258	1.462085	1.487328	2.904679	1.831008
12678	-1794.866	-2075.013	280.1474	0.784204	0.039742	0.102586	0.0734686	2.147811	1.394536	3.862072	2.197606
12684	-1788.612	-2072.473	283.8611	0.473029	0.43573	0.0618792	0.0293618	0.7421301	1.689609	2.584582	1.423957
12690	-1805.406	-2089.453	284.0475	0.395347	0.364174	0.056083	0.184396	0.8410028	1.538542	2.542955	1.343234
12696	-1805.366	-2090.092	284.7261	0.517959	0.347779	0.0490947	0.0851673	0.1426042	1.628901	1.985834	1.958271
12702	-1795.327	-2079.764	284.4372	0.604113	0.285621	0.0403202	0.0699456	0.1389618	1.454973	2.516097	1.498627
12708	-1800.818	-2084.379	283.5607	0.519995	0.385093	0.0347059	0.0602063	0.1786058	1.394692	3.036255	1.700833
12714	-1802.197	-2085.418	283.2205	0.388051	0.487528	0.0400067	0.0844144	0.1786058	1.348479	3.627195	1.015659
12720	-1800.147	-2084.114	283.9675	0.363685	0.456915	0.100286	0.0791139	0.1514756	1.471313	2.919702	1.306386
12726	-1802.056	-2085.52	283.4638	0.282376	0.507626	0.0272927	0.182705	0.2010586	1.527259	3.44226	0.936011
12732	-1815.696	-2099.611	283.9149	0.703748	0.217527	0.0203189	0.0584062	0.1649706	1.530614	3.02223	1.147682
12738	-1798.788	-2083.353	284.5652	0.540036	0.411006	0.012293	0.0366647	0.1337094	1.566208	2.514708	1.216357
12744	-1808.594	-2092.398	283.804	0.254416	0.597244	0.0600056	0.0883346	0.2495592	1.485002	3.129709	1.190659
12750	-1806.622	-2090.645	284.0227	0.223171	0.508291	0.0510684	0.21747	0.1823532	1.476498	3.138706	0.9235614
12756	-1798.764	-2083.316	284.5528	0.378016	0.402323	0.0970223	0.122639	0.2306343	1.336415	2.56376	1.558547
12762	-1808.318	-2089.145	280.8262	0.538668	0.198019	0.0886196	0.174693	2.115474	1.397164	3.8158	1.464757
12768	-1829.013	-2111.306	282.2931	0.507848	0.310256	0.00304446	0.178852	1.081992	1.26608	3.8158	0.9704072
12774	-1821.041	-2100.993	279.9519	0.535504	0.272695	0.00321026	0.188592	3.05526	1.343468	3.8158	1.842445
12780	-1817.041	-2097.553	280.5123	0.769186	0.119494	0.0515118	0.0598084	0.8928534	1.115252	4.290152	2.559989
12786	-1807.294	-2087.644	280.3507	0.826071	0.0461469	0.0635505	0.0642315	1.568142	1.19825	3.975417	2.559989
12792	-1808.422	-2089.842	281.4199	0.770741	0.0709131	0.062155	0.0961908	1.327691	1.055997	3.975417	1.592577
12798	-1806.515	-2087.57	281.0551	0.567711	0.224894	0.0814084	0.125987	1.09327	1.152879	3.748981	2.820518
12804	-1813.686	-2096.804	283.1184	0.550639	0.248202	0.0789603	0.122199	1.161687	1.392807	2.996958	1.3552
12810	-1809.049	-2092.34	283.2913	0.671756	0.302796	0.00918837	0.0162599	1.170062	1.298862	2.881679	1.473236
12816	-1807.902	-2090.732	282.8298	0.555475	0.32475	0.00642896	0.113346	1.128716	1.339747	3.104615	1.576911
12822	-1808.845	-2089.985	281.1396	0.603139	0.299481	0.00192356	0.0954558	1.391498	1.12202	4.002347	1.725796
12828	-1813.544	-2094.422	280.8778	0.498744	0.409085	0.000506078	0.0916653	1.145167	1.125321	4.576695	1.127511
12834	-1804.321	-2087.458	283.1371	0.452718	0.458211	0.00157599	0.0874953	0.998064	1.368573	3.225488	1.121398
12840	-1816.083	-2097.361	281.2773	0.450501	0.455967	0.00913672	0.0843961	1.315441	1.348741	4.056464	1.273479
12846	-1810.428	-2093.048	282.6208	0.508672	0.33845	0.0241267	0.128751	1.315441	1.292889	3.409418	1.096855
12852	-1816.883	-2099.39	282.5072	0.528581	0.259927	0.025071	0.186421	1.475879	1.258825	3.396036	1.125499
12858	-1822.992	-2105.587	282.5947	0.561131	0.215713	0.0171566	0.205999	1.823817	1.584897	2.573672	1.89806
12864	-1811.77	-2092.048	280.2778	0.721462	0.124259	0.0420494	0.11223	1.823817	1.372553	4.067066	1.89806
12870	-1827.067	-2109.472	282.4047	0.720059	0.00490286	0.167403	0.107636	1.772468	1.32265	2.834023	1.988031
12876	-1813.023	-2096.003	282.9798	0.737084	0.015078	0.169568	0.0782703	1.755035	1.501209	1.948607	2.964797
12882	-1816.952	-2100.306	283.3538	0.72604	0.0148521	0.167027	0.0920804	1.06972	1.501209	2.131528	2.895556
12888	-1823.964	-2108.93	284.9661	0.736231	0.00102408	0.169372	0.0933728	0.988197	1.439372	1.765336	1.596333
12894	-1806.307	-2088.972	282.6651	0.804283	0.00457144	0.151096	0.0400495	2.175584	1.424873	2.173892	2.537824
12900	-1803.752	-2087.225	283.4728	0.797306	0.00614485	0.142387	0.0541626	1.233091	1.651926	2.000317	2.537824
12906	-1816.046	-2100.219	284.173	0.747736	0.0921774	0.0812314	0.0788556	1.06311	1.46431	2.073738	1.892032
12912	-1810.985	-2094.748	283.7635	0.680812	0.0782049	0.140452	0.100531	0.8791055	1.602315	1.701806	3.439365
12918	-1812.773	-2096.157	283.384	0.447082	0.288636	0.144227	0.120054	0.8791055	1.588492	1.803698	3.90726
12924	-1807.386	-2091.051	283.6651	0.539964	0.157629	0.184673	0.117733	0.8791055	1.463985	2.224431	2.540611
12930	-1799.396	-2082.509	283.1122	0.687163	0.179614	0.00829682	0.124926	1.191233	1.438819	2.586017	2.103523
12936	-1815.542	-2098.199	282.6571	0.703496	0.127755	0.00231548	0.166434	1.335102	1.424389	2.768156	2.158813
12942	-1812.909	-2095.146	282.2368	0.549588	0.307101	0.00475594	0.138555	1.279688	1.315541	3.265587	1.826908
12948	-1813.286	-2094.412	281.1262	0.605087	0.310755	0.00334947	0.0808085	1.069763	1.221983	4.078638	1.826908
12954	-1814.264	-2092.506	278.2418	0.631406	0.214803	0.007471	0.146321	1.998699	1.325573	4.724871	3.061426
12960	-1815.038	-2096.359	281.3217	0.613547	0.233354	0.0109168	0.142182	1.429412	1.387948	3.943203	1.287009
12966	-1819.545	-2101.656	282.1114	0.596821	0.226993	0.0378797	0.138306	1.369924	1.273357	3.27125	1.9249
12972	-1818.135	-2098.52	280.3846	0.698065	0.139161	0.00991907	0.152855	1.293806	1.411455	4.008924	2.463356
12978	-1816.507	-2098.941	282.4346	0.572123	0.329742	0.0235033	0.0746318	1.111937	1.260625	3.398549	1.568854
12984	-1804.793	-2085.986	281.1937	0.726793	0.184087	0.0298573	0.0592626	1.066409	1.307785	3.536078	2.984455
12990	-1814.96	-2093.315	278.3548	0.7446	0.13768	0.0733974	0.0443229	1.549394	1.338113	4.415024	4.573679
12996	-1798.275	-2077.661	279.3857	0.784049	0.0972324	0.0757	0.0430185	1.079746	1.088922	4.665653	3.03771
13002	-1794.952	-2075.043	280.0904	0.764287	0.119581	0.0741979	0.0419342	1.472306	1.322106	4.171664	2.372634
13008	-1794.785	-2076.831	282.0467	0.739919	0.0502809	0.158611	0.0511895	1.272395	1.266662	3.403616	1.841066
13014	-1800.626	-2081.729	281.1034	0.778557	0.0523001	0.0737387	0.0954038	1.3503	1.266662	3.160889	3.894079
13020	-1809.997	-2090.981	280.9844	0.711418	0.0723505	0.111044	0.105187	2.130109	1.369399	3.122601	2.906405
13026	-1778.258	-2060.921	282.6632	0.744802	0.0757456	0.0461755	0.133276	1.375429	1.294081	2.549413	2.821698
13032	-1785.37	-2066.177	280.807	0.764127	0.0777109	0.03994	0.118222	1.782231	1.467178	2.726646	4.844437
13038	-1798.171	-2079.33	281.1587	0.705766	0.0717757	0.12978	0.092678	2.317549	1.553783	2.957518	2.56484
13044	-1797.128	-2080.261	283.1337	0.784901	0.0620833	0.072853	0.0801629	1.104386	1.489772	2.420328	2.499193
13050	-1791.024	-2074.953	283.9289	0.834931	0.112467	0.0104808	0.0421213	1.218761	1.572527	1.941064	2.140229
13056	-1793.871	-2077.112	283.2406	0.816561	0.109993	0.0322512	0.0411946	1.177694	1.784446	1.634873	3.696349
13062	-1789.053	-2072.233	283.1803	0.732321	0.102794	0.0471643	0.117721	1.786944	1.784446	1.460396	3.270398
13068	-1786.288	-2069.221	282.9327	0.724606	0.101711	0.0725114	0.101172	1.6909	1.562656	1.852742	3.270398
13074	-1797.774	-2080.856	283.0817	0.712235	0.0713542	0.131234	0.0851763	2.154214	1.542893	2.068111	2.027743
13080	-1793.809	-2076.899	283.0901	0.746616	0.0589475	0.124071	0.0703664	0.9625734	1.22933	2.898717	2.027743
13086	-1818.321	-2099.961	281.6397	0.650008	0.109181	0.0473675	0.193444	1.216299	1.249003	3.178993	3.113622
13092	-1799.519	-2081.401	281.8819	0.712195	0.0979203	0.0613982	0.128486	1.528962	1.218732	3.216994	2.246729
13098	-1795.34	-2077.254	281.9145	0.7236	0.0834752	0.0623814	0.130544	2.472333	1.389995	2.636362	2.31277
13104	-1803.081	-2085.968	282.8866	0.752562	0.0454349	0.0653168	0.136687	1.2893	1.342448	2.636362	2.31277
13110	-1806.27	-2086.947	280.6769	0.803455	0.00760168	0.0430125	0.14593	3.085112	1.321347	3.176831	2.352437
13116	-1821.762	-2101.773	280.0114	0.834116	0.00794363	0.00644131	0.151499	2.737599	1.296479	3.680962	2.412831
13122	-1815.105	-2098.982	283.8775	0.0462528	0.746437	0.152258	0.0550515	0.3989889	1.356752	3.630427	0.2588334
13128	-1807.41	-2091.973	284.5623	0.0461717	0.793567	0.122244	0.0380174	0.2065327	1.283356	3.310013	0.2588334
13134	-1813.21	-2098.294	285.0848	0.061732	0.671751	0.163441	0.103076	0.2065327	1.410274	2.922391	0.2690282
13140	-1824.913	-2105.83	280.9163	0.589252	0.138619	0.0806433	0.191486	1.59341	1.326991	3.934701	1.679165
13146	-1815.175	-2095.735	280.5603	0.605288	0.142391	0.0400504	0.212271	1.344415	1.322128	4.061366	2.141533
13152	-1807.96	-2090.237	282.2764	0.709038	0.118655	0.0469153	0.125392	1.262141	1.488062	2.904791	2.384959
13158	-1807.693	-2089.213	281.52	0.719562	0.120416	0.0456898	0.114332	1.262141	1.407628	3.582419	1.956131
13164	-1817.886	-2100.524	282.6377	0.499366	0.377546	0.0527398	0.0703483	1.299041	1.510233	2.996468	1.627578
13170	-1814.381	-2097.088	282.7071	0.743594	0.0949455	0.0691814	0.0922793	1.299041	1.4395	2.773372	2.102517
13176	-1824.704	-2106.519	281.8149	0.44912	0.385708	0.0775062	0.0876656	0.8410749	1.428073	3.613223	2.017541
13182	-1823.825	-2104.894	281.0686	0.557427	0.158475	0.175291	0.108806	1.35824	1.23979	4.217695	1.268466
13188	-1827.464	-2105.853	278.389	0.623628	0.177296	0.0773467	0.121729	1.30376	1.424052	4.946662	2.947905
13194	-1827.208	-2110.584	283.3764	0.210422	0.625387	0.125383	0.0388088	0.1662429	1.469797	3.656368	0.6802104
13200	-1823.763	-2108.911	285.148	0.130144	0.688224	0.138923	0.0427082	0.2032681	1.429108	2.855711	0.3313181
13206	-1820.591	-2105.126	284.5342	0.225399	0.572665	0.154453	0.0474825	0.1880599	1.429108	2.7369	1.134713
13212	-1798.926	-2083.669	284.7434	0.0550592	0.73335	0.150785	0.0608057	0.146411	1.288964	3.140338	0.2928333
13218	-1815.609	-2099.295	283.6855	0.0264955	0.755518	0.155343	0.0626437	0.2414159	1.320302	3.801919	0.2928333
13224	-1812.033	-2096.616	284.5821	0.0963432	0.70131	0.144198	0.0581491	0.263673	1.320302	3.280616	0.2883739
13230	-1800.048	-2082.256	282.2075	0.173817	0.648938	0.101966	0.075279	0.2628414	0.9938861	4.822523	0.2951234
13236	-1797.006	-2080.239	283.233	0.173368	0.623248	0.101703	0.101681	0.6844364	1.040793	4.011481	0.2088244
13242	-1789.455	-2074.32	284.8645	0.140164	0.656826	0.0792615	0.123749	0.5008675	1.216022	3.077249	0.244357
13248	-1802.632	-2088.401	285.7686	0.380926	0.411664	0.12985	0.0775592	0.9567659	1.522229	2.025716	0.2458672
13254	-1802.55	-2087.982	285.4324	0.225778	0.700801	0.0458375	0.0275842	0.9466456	1.507478	2.261361	0.2458672
13260	-1789.303	-2075.324	286.021	0.258174	0.498829	0.194167	0.04883	0.539697	1.633732	2.073036	0.2458672
13266	-1794.995	-2080.77	285.7754	0.132895	0.704276	0.140392	0.022437	0.5555438	1.516436	2.294543	0.2229753
13272	-1813.724	-2100.272	286.548	0.265394	0.524822	0.193064	0.0167199	0.4110865	1.516436	1.878174	0.2229753
13278	-1813.349	-2099.512	286.163	0.374107	0.530745	0.0758581	0.0192899	0.8820381	1.550822	1.785641	0.2178227
13284	-1826.234	-2105.2	278.9658	0.599399	0.253861	0.00989177	0.136848	2.836804	1.176672	4.269409	2.524366
13290	-1807.478	-2087.443	279.9656	0.783689	0.137076	0.00534122	0.0738932	1.857886	1.151541	4.276112	2.082058
13296	-1812.706	-2093.566	280.8597	0.58655	0.245617	0.0294998	0.138334	1.801963	1.28904	3.800024	1.878743
13302	-1816.789	-2098.16	281.3709	0.612699	0.282446	0.00219671	0.102659	1.679552	1.243977	3.785069	1.463117
13308	-1801.234	-2080.541	279.3074	0.612699	0.282446	0.00219671	0.102659	2.31246	1.254741	4.690641	1.43933
13314	-1802.787	-2087.193	284.4062	0.235653	0.603025	0.144235	0.017087	0.8103786	1.159694	3.184831	0.2127658
13320	-1798.53	-2083.011	284.4815	0.123025	0.752036	0.115867	0.00907194	0.8696656	1.367241	2.979196	0.2127658
13326	-1800.252	-2085.429	285.1767	0.131057	0.70034	0.0963898	0.0722139	0.6416461	1.468849	2.636799	0.2040554
13332	-1807.76	-2092.987	285.2266	0.124321	0.694513	0.112664	0.0685022	0.3587904	1.426231	2.798978	0.2040554
13338	-1814.785	-2101.016	286.2316	0.166805	0.651596	0.151165	0.0304341	0.3404285	1.435312	2.174276	0.2110632
13344	-1810.321	-2092.454	282.1327	0.44594	0.472852	0.000426627	0.0807811	1.282216	1.471286	3.312085	1.66182
13350	-1807.317	-2089.142	281.8257	0.63136	0.253595	0.000352654	0.114692	1.347267	1.565753	3.574041	1.321388
13356	-1809.091	-2088.777	279.6862	0.604003	0.284417	0.000564147	0.111015	2.474829	1.285868	4.069473	2.169503
13362	-1816.341	-2101.45	285.1097	0.220413	0.588348	0.118404	0.0728351	0.1908711	1.245885	2.999037	0.2468748
13368	-1811.828	-2095.969	284.1406	0.0237783	0.777812	0.0702269	0.128183	0.2287649	1.205275	3.60864	0.2549478
13374	-1815.496	-2100.24	284.7439	0.0267971	0.783458	0.0727833	0.116961	0.2110624	1.258838	3.21916	0.2549478
13380	-1802.271	-2085.027	282.756	0.0369821	0.601184	0.13253	0.229304	0.2345456	1.317945	4.336023	0.2320481
13386	-1797.339	-2081.445	284.1065	0.0447145	0.796435	0.128341	0.0305096	0.265631	1.34711	3.547199	0.2452288
13392	-1797.769	-2083.438	285.6692	0.0535697	0.742856	0.164475	0.0390994	0.1760455	1.322458	2.600389	0.2452288
13398	-1807.141	-2091.986	284.8446	0.03599	0.704509	0.1105	0.149001	0.2483349	1.374221	3.094287	0.2230567
13404	-1802.564	-2088.213	285.6485	0.060333	0.682661	0.11895	0.138056	0.1638411	1.432368	2.515475	0.1912896
13410	-1812.594	-2097.283	284.6891	0.0219596	0.747309	0.137356	0.0933761	0.1638411	1.41338	3.124019	0.2232923
13416	-1832.515	-2118.089	285.5744	0.0325702	0.661555	0.125764	0.18011	0.2078731	1.370289	2.649727	0.2445978
13422	-1828.051	-2110.135	282.0839	0.70821	0.112876	0.0607877	0.118126	1.667476	1.217843	3.42244	1.40359
13428	-1819.999	-2102.954	282.9545	0.652451	0.134446	0.0724039	0.140699	1.038769	1.55629	3.113373	1.273092
13434	-1805.465	-2087.099	281.6335	0.67294	0.125105	0.0673734	0.134581	1.389164	1.297664	3.673519	1.609548
13440	-1815.762	-2094.945	279.1829	0.607894	0.132754	0.116064	0.143288	1.267818	1.154494	4.983863	2.106874
13446	-1823.494	-2104.28	280.7864	0.607894	0.132754	0.116064	0.143288	1.45822	1.225976	3.998852	1.97738
13452	-1812.816	-2096.13	283.3142	0.651348	0.123264	0.0923431	0.133045	1.34852	1.550974	2.445348	1.796075
13458	-1825.717	-2109.167	283.4507	0.668176	0.126448	0.131021	0.0743547	1.077819	1.550974	2.37801	2.090774
13464	-1803.999	-2086.933	282.9342	0.683406	0.133567	0.030805	0.152221	1.229869	1.51378	2.756168	1.826763
13470	-1797.167	-2080.182	283.0153	0.702581	0.17904	0.0199243	0.0984549	1.235385	1.461146	2.735624	1.826763
13476	-1799.945	-2082.831	282.8863	0.76025	0.101555	0.0459599	0.0922342	1.192611	1.36343	2.821549	1.990407
13482	-1797.745	-2081.16	283.4148	0.757877	0.0939356	0.0613181	0.0868689	1.192611	1.398056	2.576034	1.779772
13488	-1803.366	-2084.072	280.7059	0.757038	0.0653669	0.0612501	0.116345	1.174461	1.293645	3.894623	2.626694
13494	-1800.605	-2081.629	281.0241	0.757038	0.0653669	0.0612501	0.116345	1.174461	1.154303	3.894623	2.358519
13500	-1814.848	-2098.499	283.6511	0.548002	0.301303	0.0474806	0.103214	0.1140739	1.510444	2.772001	1.759372
13506	-1812.352	-2093.403	281.0501	0.702777	0.201138	0.0302746	0.0658112	0.1877092	1.316472	4.053669	2.920167
13512	-1807.198	-2090.88	283.6817	0.596572	0.276837	0.0256995	0.100891	0.178019	1.317038	3.098023	1.524084
13518	-1805.333	-2089.263	283.93	0.510875	0.255914	0.113606	0.119604	0.178019	1.452109	3.142754	1.027296
13524	-1805.577	-2086.434	280.8567	0.6912	0.124561	0.0261766	0.158062	1.012158	1.218054	4.108395	2.198097
13530	-1803.1	-2082.085	278.9845	0.677738	0.129991	0.0273178	0.164953	1.016561	0.9561043	5.231948	2.375979
13536	-1803.005	-2083.712	280.7069	0.791351	0.0862119	0.0229649	0.0994718	1.185594	1.194247	3.976609	2.542062
13542	-1807.505	-2086.125	278.6197	0.791351	0.0862119	0.0229649	0.0994718	2.542051	1.200509	4.576105	2.473901
13548	-1800.267	-2080.722	280.4552	0.685362	0.203117	0.020643	0.0908781	1.80876	1.05819	4.248158	1.684332
13554	-1799.84	-2079.862	280.0227	0.72357	0.0846252	0.083445	0.10836	1.210792	1.108831	4.248158	2.968754
13560	-1799.358	-2078.702	279.3444	0.695493	0.143567	0.0786013	0.082338	1.626108	1.143063	4.741231	2.067524
13566	-1813.119	-2090.363	277.2438	0.732361	0.123142	0.118328	0.0261685	2.085465	1.068128	5.965069	1.559745
13572	-1814.359	-2096.27	281.911	0.714572	0.170073	0.0289285	0.0864261	1.415301	1.423858	3.477733	1.503434
13578	-1814.74	-2097.297	282.5567	0.535038	0.245826	0.146701	0.0724356	0.8460904	1.302034	3.449052	1.589525
13584	-1813.273	-2095.796	282.5234	0.561566	0.203503	0.0899746	0.144956	0.9603614	1.236581	3.550599	1.367833
13590	-1816.976	-2098.903	281.9274	0.613884	0.262415	0.0163825	0.107319	1.837384	1.410494	3.336245	1.374731
13596	-1811.718	-2094.308	282.5904	0.546905	0.298476	0.028084	0.126534	0.834738	1.235508	3.038286	2.591345
13602	-1810.643	-2092.229	281.5862	0.478258	0.412656	0.054003	0.0550838	1.0574	1.143508	4.008716	1.52593
13608	-1802.09	-2082.926	280.8355	0.450507	0.443521	0.00825511	0.0977163	1.317832	1.108453	4.472683	1.214485
13614	-1803.615	-2083.381	279.766	0.576047	0.33605	0.0062548	0.0816479	1.90669	1.115333	4.090109	2.864696
13620	-1821.17	-2100.145	278.9749	0.625074	0.136503	0.155539	0.0828836	1.29169	1.202407	4.77812	2.864696
13626	-1809.809	-2091.203	281.3941	0.655019	0.216188	0.0496843	0.079109	1.377439	1.371799	3.40058	2.473013
13632	-1797.593	-2078.934	281.3409	0.605156	0.240245	0.0459021	0.108697	1.573253	1.604634	3.514507	1.731036
13638	-1790.366	-2070.378	280.0122	0.680289	0.209567	0.0153272	0.0948167	1.715064	1.473498	4.214922	1.887176
13644	-1791.036	-2070.745	279.7091	0.680289	0.209567	0.0153272	0.0948167	1.715064	1.229143	4.340493	2.332495
13650	-1791.78	-2074.068	282.2872	0.686879	0.175895	0.0154757	0.12175	1.715064	1.445156	2.94579	1.801995
13656	-1804.024	-2087.353	283.3288	0.549033	0.343732	0.00991811	0.0973167	1.661297	1.287501	2.94579	0.876575
13662	-1801.09	-2081.339	280.2486	0.60054	0.183337	0.0085329	0.20759	1.587266	1.248615	4.160734	2.140183
13668	-1801.84	-2083.271	281.4309	0.670489	0.0687685	0.0289722	0.23177	3.180612	1.310078	2.842807	2.015796
13674	-1792.687	-2074.597	281.9098	0.641051	0.109655	0.0277001	0.221594	2.140565	1.29936	2.965405	2.015796
13680	-1809.925	-2090.018	280.0926	0.537583	0.270448	0.0061419	0.185828	1.907665	1.209428	4.096583	2.210197
13686	-1799.888	-2082.225	282.337	0.609988	0.267476	0.00251757	0.120019	2.357968	1.391833	2.924135	1.285983
13692	-1797.237	-2078.724	281.4868	0.650753	0.173207	0.00163028	0.17441	1.433138	1.274417	3.534926	2.081456
13698	-1803.601	-2085.278	281.6777	0.70131	0.154584	0.0170311	0.127074	1.162118	1.239702	3.914133	1.384292
13704	-1805.763	-2088.492	282.7282	0.742538	0.169762	0.0188418	0.0688582	1.685851	1.485393	2.403726	2.377674
13710	-1816.918	-2095.964	279.0464	0.755621	0.089523	0.0175074	0.137349	2.028303	1.105306	4.10378	3.96946
13716	-1812.69	-2091.505	278.8152	0.790263	0.115442	0.0225762	0.0717189	2.418629	1.190188	4.10378	3.714694
13722	-1795.435	-2075.988	280.5523	0.486927	0.386543	0.0270466	0.0994834	1.560698	1.292266	3.814087	2.547619
13728	-1805.3	-2086.388	281.0877	0.476267	0.378081	0.0140047	0.131647	1.221831	1.315236	4.027647	1.688191
13734	-1811.721	-2093.032	281.3117	0.364235	0.481822	0.0252011	0.128742	1.022512	1.229337	4.027647	1.755355
13740	-1822.479	-2105.115	282.6362	0.728307	0.167257	0.00350618	0.10093	1.970581	1.463741	2.971736	1.105192
13746	-1814.728	-2097.303	282.575	0.655845	0.235656	0.0304276	0.0780711	1.622639	1.591946	2.919867	1.424169
13752	-1812.359	-2095.337	282.9786	0.647102	0.232515	0.0433528	0.0770304	1.646121	1.466198	2.808562	1.297806
13758	-1814.208	-2096.493	282.2856	0.600061	0.271835	0.0380477	0.0900567	1.480647	1.354456	3.266612	1.500127
13764	-1821.318	-2103.334	282.0166	0.523658	0.320861	0.0547258	0.100756	2.091692	1.590234	3.163286	1.19102
13770	-1808.644	-2088.725	280.0806	0.592767	0.334577	0.0298628	0.0427926	1.395462	1.397146	3.849504	3.282906
13776	-1802.53	-2082.706	280.1765	0.591099	0.285617	0.0506721	0.0726118	3.362045	1.389592	3.53296	1.895835
13782	-1806.572	-2089.104	282.5319	0.4504	0.508099	0.00957054	0.03193	1.412888	1.527182	2.701743	2.244636
13788	-1812.258	-2096.05	283.7922	0.609604	0.333422	0.0075021	0.0494725	0.7458035	1.527182	2.548596	1.763716
13794	-1817.034	-2099.352	282.318	0.44566	0.416159	0.00531519	0.132866	1.333234	1.711823	3.127386	1.472274
13800	-1817.14	-2100.747	283.6077	0.635066	0.273842	0.00366282	0.0874289	1.031409	1.713481	2.13257	2.240821
13806	-1833.837	-2117.702	283.8653	0.566105	0.336692	0.00650977	0.0906932	0.9822004	1.52249	2.153236	2.171918
13812	-1830.638	-2112.83	282.1925	0.69188	0.131088	0.0775854	0.0994465	1.718576	1.238276	3.116886	1.818399
13818	-1809	-2091.92	282.9197	0.535586	0.303499	0.0543815	0.106533	1.969884	1.36604	2.850548	1.12119
13824	-1810.639	-2092.805	282.1655	0.54073	0.296809	0.0549038	0.107556	1.367739	1.41036	3.000856	2.287677
13830	-1803.349	-2084.661	281.3115	0.693514	0.124277	0.0908718	0.0913374	1.367739	1.251986	3.753087	1.920908
13836	-1797.123	-2076.893	279.7705	0.732227	0.00823895	0.126312	0.133223	1.453285	1.208021	4.286172	2.751161
13842	-1808.578	-2088.314	279.7362	0.796179	0.00895854	0.0500042	0.144858	1.350132	0.9656712	4.77073	2.029507
13848	-1818.532	-2099.923	281.3917	0.693055	0.00823736	0.176778	0.12193	1.746259	1.276069	3.45829	2.029507
13854	-1813.775	-2095.323	281.5486	0.797022	0.00389816	0.0773886	0.121691	1.090471	1.069507	3.819404	2.039652
13860	-1812.937	-2094.197	281.2592	0.710443	0.00325195	0.0645597	0.221745	1.557333	0.9531471	3.808449	2.039652
13866	-1807.183	-2088.464	281.281	0.777806	0.00418548	0.0706811	0.147328	1.297627	0.9896376	3.906511	2.039652
13872	-1815.593	-2099.045	283.4514	0.528673	0.294858	0.0906507	0.0858179	0.9166126	1.649229	2.939457	1.087009
13878	-1807.554	-2091.004	283.4499	0.605225	0.26525	0.0694884	0.0600374	1.64126	1.609465	2.358864	1.425022
13884	-1803.702	-2085.758	282.0562	0.689205	0.181398	0.0451057	0.0842908	1.547245	1.453905	3.09634	1.94405
13890	-1804.325	-2087.129	282.8042	0.607906	0.267189	0.0305228	0.094383	0.7766401	1.609439	2.153224	4.196446
13896	-1810.544	-2092.899	282.3557	0.517031	0.441129	0.0255325	0.0163074	1.103495	1.484201	3.006154	2.25031
13902	-1809.724	-2093.018	283.2936	0.498149	0.443939	0.0106396	0.0472725	0.9938611	1.49167	2.949298	1.321331
13908	-1801.924	-2083.978	282.0542	0.551395	0.414898	0.0197392	0.0139675	1.728669	1.418835	2.854061	2.343851
13914	-1792.09	-2073.524	281.4341	0.424033	0.370958	0.0696992	0.13531	1.935174	1.241072	3.558902	1.613463
13920	-1808.887	-2090.388	281.5012	0.442011	0.391217	0.0662362	0.100536	1.001399	1.179868	4.188928	1.286666
13926	-1821.21	-2102.159	280.9485	0.587571	0.309338	0.0160618	0.0870288	1.573959	1.364714	3.893862	1.700859
13932	-1802.765	-2083.507	280.7422	0.267067	0.490291	0.0471801	0.195462	0.9386241	1.258575	4.681007	1.148666
13938	-1811.867	-2093.494	281.6271	0.279907	0.497719	0.0512799	0.171094	0.7574084	1.262172	4.299177	1.125805
13944	-1812.26	-2092.594	280.3346	0.512971	0.34501	0.093978	0.0480404	1.363228	1.069429	4.039237	2.894271
13950	-1814.082	-2096.128	282.046	0.566037	0.254919	0.126034	0.0530101	1.436097	1.378944	3.428974	1.474517
13956	-1798.994	-2079.936	280.9423	0.50381	0.315003	0.130042	0.0511448	1.452429	1.048269	4.24582	1.474517
13962	-1809.956	-2088.634	278.6776	0.540532	0.176961	0.208179	0.0743273	1.252464	1.22222	5.015946	2.68394
13968	-1816.672	-2094.922	278.2501	0.789932	0.0961447	0.0849334	0.0289898	1.382166	1.166689	4.978666	3.410856
13974	-1803.511	-2081.476	277.9653	0.798885	0.0230586	0.136065	0.041991	1.211438	1.244212	4.938159	4.257429
13980	-1817.323	-2095.797	278.4742	0.78272	0.0599215	0.0912957	0.0660627	2.516051	1.244212	4.48812	2.905352
13986	-1802.332	-2082.197	279.8648	0.668835	0.0990741	0.122863	0.109228	1.581995	1.145971	4.242941	2.646948
13992	-1806.318	-2086.286	279.9679	0.617572	0.0914804	0.181329	0.109619	1.581995	1.224523	4.431205	1.91398
13998	-1809.86	-2088.632	278.7718	0.789631	0.077525	0.0669929	0.0658514	1.782198	1.333288	4.102873	4.459915
14004	-1811.515	-2092.753	281.2382	0.726248	0.118721	0.0746806	0.0803508	1.605216	1.551321	3.494674	1.938921
14010	-1802.324	-2084.97	282.6459	0.574196	0.281125	0.0728424	0.0718369	1.226098	1.542091	3.010878	1.631847
14016	-1810.909	-2091.628	280.7191	0.773875	0.116012	0.023667	0.0864453	1.226098	1.388161	3.455622	3.656721
14022	-1826.461	-2105.701	279.2398	0.548531	0.210786	0.0517313	0.188952	1.558287	1.017467	4.94514	1.962513
14028	-1803.087	-2081.962	278.875	0.558222	0.196842	0.0526453	0.192291	1.370639	1.047033	5.290381	1.802284
14034	-1796.683	-2077.096	280.413	0.508635	0.188926	0.117881	0.184558	1.020573	1.244559	4.490834	1.841052
14040	-1803.806	-2083.17	279.3641	0.625494	0.11939	0.144965	0.110152	2.465636	1.277673	3.95037	3.001464
14046	-1805.337	-2083.601	278.2642	0.636139	0.121421	0.130413	0.112027	2.721103	1.225779	4.723585	2.401775
14052	-1779.925	-2059.691	279.766	0.754526	0.095013	0.11225	0.0382104	1.451928	1.178252	4.370863	2.57306
14058	-1797.596	-2076.304	278.7072	0.828587	0.00618354	0.123268	0.041961	1.381041	1.187984	4.849198	2.986156
14064	-1794.908	-2075.372	280.4641	0.649587	0.18319	0.0889692	0.0782546	1.199634	0.999461	4.670434	1.47779
14070	-1801.925	-2083.78	281.8555	0.769168	0.00110128	0.18206	0.0476715	1.364874	1.42575	3.279809	2.048911
14076	-1811.348	-2091.125	279.7773	0.735506	0.00105309	0.243479	0.0199623	1.224684	1.234284	4.054714	3.76849
14082	-1809.244	-2086.854	277.61	0.650819	0.00992741	0.241072	0.0981814	1.224684	1.180904	5.798411	2.258688
14088	-1814.941	-2092.72	277.779	0.843083	0.0106106	0.125447	0.0208596	1.58882	1.172322	5.002769	3.867595
14094	-1804.444	-2086.812	282.3685	0.434139	0.441243	0.0336772	0.0909404	1.257928	1.571936	3.343806	1.24168
14100	-1801.291	-2081.462	280.1713	0.695617	0.21792	0.0324144	0.0540486	1.567678	1.204238	4.255211	2.101318
14106	-1792.539	-2075.815	283.276	0.514303	0.344274	0.056035	0.0853873	0.8042386	1.416825	3.213699	1.154168
14112	-1810.635	-2087.879	277.2447	0.848195	0.0217081	0.0223384	0.107758	1.620476	1.082852	5.196577	4.37082
14118	-1793.324	-2073.907	280.5826	0.876029	0.0136541	0.0211292	0.0891881	2.792973	1.266696	3.059835	3.182359
14124	-1800.258	-2081.765	281.5072	0.807022	0.00182494	0.0629793	0.128174	1.662757	1.459804	2.860891	3.217131
14130	-1820.306	-2102.82	282.5145	0.791069	0.0313497	0.154907	0.0226747	2.348345	1.498755	2.431963	1.907329
14136	-1797.788	-2082.049	284.261	0.767754	0.031373	0.155022	0.0458513	1.467755	1.636842	1.678085	1.82096
14142	-1788.444	-2069.68	281.2358	0.712793	0.0763934	0.168922	0.0418917	1.347781	1.454764	3.771395	1.741546
14148	-1795.926	-2077.727	281.8012	0.81634	0.0203889	0.115293	0.0479774	1.347781	1.345511	3.079908	2.763148
14154	-1790.66	-2072.425	281.7644	0.74254	0.118262	0.0955576	0.04364	1.642352	1.515468	3.022167	2.321896
14160	-1812.423	-2094.502	282.079	0.793184	0.0949066	0.0269912	0.0849182	1.688188	1.574006	2.633145	2.665941
14166	-1796.979	-2081.111	284.1321	0.708388	0.128316	0.0536586	0.109637	1.075999	1.593125	1.93808	2.027947
14172	-1801.239	-2084.628	283.3892	0.744855	0.126047	0.0700846	0.0590125	1.293974	1.655099	1.959432	2.668671
14178	-1797.131	-2079.489	282.3583	0.781879	0.00828907	0.113914	0.0959178	1.259214	1.589623	2.314248	3.676159
14184	-1789.647	-2071.411	281.7643	0.576819	0.23273	0.103393	0.0870587	1.688294	1.456768	2.985638	2.441611
14190	-1790.03	-2073.936	283.906	0.624445	0.194587	0.0864476	0.094521	1.297959	1.801736	1.961356	1.734595
14196	-1788.394	-2072.25	283.8561	0.687046	0.0852188	0.102902	0.124833	1.297959	1.673718	1.619742	2.66851
14202	-1797.406	-2082.457	285.0508	0.791121	0.00360058	0.132258	0.0730203	1.056117	1.833435	1.167882	1.888796
14208	-1798.572	-2082.535	283.9632	0.810879	0.0247133	0.110391	0.0540164	1.66839	1.941964	1.024501	2.724466
14214	-1807.833	-2092.848	285.0155	0.686674	0.0367149	0.181508	0.0951025	0.9820271	1.941964	1.103159	1.9843
14220	-1811.986	-2095.742	283.7565	0.648439	0.10855	0.117908	0.125103	1.831288	1.737434	1.564248	2.167414
14226	-1815.585	-2099.482	283.8965	0.634368	0.160011	0.0743047	0.131316	1.291376	1.383135	2.031075	2.167414
14232	-1810.789	-2094.513	283.724	0.606188	0.242195	0.0261334	0.125483	1.208358	1.462735	2.549676	1.369812
14238	-1799.029	-2082.803	283.7743	0.53728	0.253657	0.0273701	0.181693	1.042349	1.725613	2.202087	1.842232
14244	-1811.983	-2095.739	283.7564	0.67432	0.212303	0.0217536	0.0916225	1.438664	1.660595	2.014121	1.842232
14250	-1809.277	-2092.144	282.8669	0.672487	0.12191	0.144931	0.0606722	1.35144	1.824504	1.922295	3.257937
14256	-1808.698	-2092.213	283.5148	0.750385	0.0784276	0.102338	0.0688493	1.761022	1.712189	1.807456	2.140765
14262	-1815.551	-2098.785	283.2346	0.333201	0.364253	0.256119	0.0464278	0.9605421	1.60704	3.087339	1.053968
14268	-1806.828	-2089.938	283.1108	0.468568	0.307932	0.216518	0.00698129	1.688766	1.683333	2.512955	1.403877
14274	-1815.004	-2099.085	284.0813	0.4582	0.292535	0.211727	0.0375384	1.688766	1.647022	2.028487	1.207524
14280	-1821.972	-2104.031	282.0587	0.589671	0.123087	0.267708	0.019533	1.731883	1.789461	2.862733	1.812253
14286	-1803.737	-2086.975	283.2384	0.72954	0.0995144	0.14678	0.0241662	1.525358	1.502873	2.247319	2.166938
14292	-1812.497	-2094.642	282.1451	0.683826	0.116742	0.137582	0.0618493	2.046609	1.502873	2.424111	2.762464
14298	-1802.694	-2085.211	282.5168	0.661539	0.0442137	0.125735	0.168513	1.852248	1.415265	2.448163	2.493119
14304	-1801.461	-2084.079	282.617	0.606582	0.123615	0.115289	0.154514	2.469509	1.352573	2.435119	1.850927
14310	-1792.452	-2075.997	283.5451	0.641703	0.193646	0.00119149	0.16346	1.118252	1.42713	2.392379	2.046505
14316	-1807.826	-2091.268	283.4425	0.673645	0.131404	0.00157125	0.19338	1.517144	1.481261	1.94568	2.580661
14322	-1809.239	-2091.968	282.7287	0.50009	0.352555	0.00379612	0.143559	1.276471	1.279736	3.175838	1.462779
14328	-1807.931	-2087.23	279.2987	0.49893	0.351737	0.00610718	0.143226	1.682992	1.20236	4.977673	1.462779
14334	-1828.136	-2108.513	280.3771	0.49878	0.341305	0.00610534	0.15381	1.145207	1.237096	4.547141	1.619944
14340	-1813.977	-2100.414	286.4368	0.293697	0.580627	0.0420917	0.0835844	0.2647909	2.009849	1.103	1.037694
14346	-1810.713	-2096.575	285.8622	0.385496	0.424097	0.0844404	0.105966	0.2411116	2.156054	1.426271	1.077464
14352	-1813.57	-2099.776	286.2053	0.417169	0.452925	0.0642893	0.0656168	0.2444754	2.037329	1.247173	1.077464
14358	-1816.558	-2102.419	285.861	0.413352	0.426773	0.0717859	0.0880888	0.1522328	2.159477	1.053601	1.455323
14364	-1818.241	-2104.077	285.8361	0.576321	0.329941	0.0397811	0.0539572	0.2039276	2.062068	1.054222	1.688555
14370	-1813.264	-2098.973	285.7087	0.410781	0.475007	0.0218586	0.0923533	0.2367251	2.054384	1.251649	1.59966
14376	-1821.959	-2107.792	285.8328	0.37789	0.365746	0.0975712	0.158793	0.1799747	2.054384	1.07115	1.650128
14382	-1818.615	-2103.893	285.2783	0.393663	0.31652	0.124207	0.16561	0.1806082	1.899631	1.22334	2.366573
14388	-1818.314	-2103.611	285.2972	0.390906	0.321306	0.123337	0.16445	0.1566823	1.685363	1.62814	1.860416
14394	-1823.608	-2106.884	283.2758	0.613751	0.0834746	0.049692	0.253083	1.243908	1.497858	2.196385	2.602346
14400	-1811.759	-2093.537	281.7773	0.678525	0.242534	0.012956	0.0659851	1.563189	1.237303	3.159419	2.470693
14406	-1803.98	-2085.773	281.7932	0.554703	0.25085	0.0134002	0.181046	0.9881083	1.274718	3.501605	2.318291
14412	-1798.926	-2079.952	281.0262	0.64456	0.200231	0.0106962	0.144513	2.023497	1.285459	3.717598	1.641201
14418	-1812.214	-2091.364	279.1495	0.735644	0.0576744	0.0118176	0.194864	1.939858	0.9201515	4.82539	2.090982
14424	-1808.041	-2090.46	282.4192	0.0988088	0.791762	0.0753306	0.0340984	0.6014029	1.311505	4.346597	0.3692664
14430	-1801.636	-2084.169	282.533	0.0536985	0.765994	0.147319	0.0329886	1.151254	1.379211	3.84935	0.5109881
14436	-1788.139	-2072.54	284.4014	0.0371488	0.819691	0.120339	0.0228217	0.5608888	1.38129	3.074354	0.5694104
14442	-1798.012	-2081.046	283.0349	0.059846	0.800368	0.117502	0.0222837	0.6388535	1.17758	4.045595	0.3809006
14448	-1803.691	-2085.958	282.267	0.0471921	0.705938	0.193616	0.0532539	0.3101473	1.112534	4.715715	0.289458
14454	-1809.624	-2092.825	283.2011	0.0429559	0.64257	0.0698966	0.244578	0.3431294	1.348885	4.044189	0.289458
14460	-1805.772	-2090.313	284.5409	0.0529333	0.685092	0.0861315	0.175843	0.1967004	1.265482	3.328713	0.2502361
14466	-1827.138	-2110.029	282.8916	0.138257	0.715949	0.0900108	0.0557827	0.2649283	1.293302	3.758234	1.221599
14472	-1810.227	-2095.006	284.7789	0.149841	0.703973	0.0975519	0.048635	0.2771508	1.377987	2.952445	0.6254397
14478	-1823.941	-2108.571	284.6301	0.16187	0.670837	0.104098	0.0631948	0.2321394	1.389981	2.822866	0.9628108
14484	-1810.82	-2095.353	284.5337	0.555296	0.344954	0.0202509	0.0794989	1.466327	1.591712	2.123367	0.8508939
14490	-1814.723	-2099.027	284.3048	0.572731	0.293439	0.0518357	0.0819948	1.22349	1.677294	1.795624	1.7818
14496	-1807.129	-2090.812	283.6827	0.550859	0.377867	0.0134262	0.057848	1.999056	1.724652	1.75996	1.751764
14502	-1809.989	-2094.159	284.1696	0.420243	0.469293	0.0386201	0.0718444	1.246142	1.486698	2.396191	1.09172
14508	-1807.835	-2089.748	281.9132	0.552736	0.320043	0.0456968	0.0815251	1.242385	1.4841	3.751601	1.09172
14514	-1813.204	-2095.312	282.1085	0.449993	0.416641	0.0434935	0.0898718	1.242385	1.448198	3.466221	1.451365
14520	-1807.827	-2089.66	281.8324	0.491078	0.429758	0.0474645	0.0316993	1.230194	1.451722	3.757282	1.211538
14526	-1815.557	-2098.752	283.1946	0.498311	0.354215	0.0972078	0.0502657	1.459274	1.787949	2.445563	1.533611
14532	-1791.536	-2075.28	283.7437	0.573765	0.230304	0.133277	0.062655	0.9799135	1.709376	2.271223	1.844421
14538	-1792.515	-2075.1	282.5851	0.649131	0.131238	0.0800672	0.139564	1.571587	1.728448	2.442564	2.281412
14544	-1802.742	-2085.848	283.1061	0.612559	0.255723	0.0128959	0.118822	1.567836	1.655424	2.509983	1.56294
14550	-1796.458	-2078.903	282.4454	0.457667	0.357956	0.0180515	0.166325	1.474695	1.498469	3.113232	1.454092
14556	-1818.543	-2100.571	282.028	0.655525	0.253086	0.0549087	0.0364805	2.280907	1.222117	3.3531	1.086656
14562	-1818.343	-2098.463	280.1201	0.633152	0.131962	0.143282	0.091604	2.029054	1.183082	4.102094	2.068401
14568	-1809.114	-2088.102	278.9876	0.723251	0.0497653	0.143903	0.0830803	1.502002	1.029564	4.982725	2.264722
14574	-1804.544	-2085.085	280.5411	0.569183	0.214128	0.184424	0.032265	1.135629	1.162956	3.873292	3.235
14580	-1821.136	-2103.066	281.9298	0.58732	0.267119	0.0981664	0.0473943	2.026509	1.328365	3.014445	1.953718
14586	-1832.416	-2114.78	282.364	0.658843	0.164678	0.123313	0.053166	1.107835	1.328365	3.141234	2.134546
14592	-1824.045	-2105.296	281.2502	0.777845	0.0254757	0.0994801	0.0971995	2.973083	1.302046	3.021417	2.03572
14598	-1833.109	-2114.714	281.6054	0.763166	0.0476189	0.0938496	0.0953653	2.827835	1.311686	3.021417	1.681822
14604	-1822.837	-2104.675	281.8377	0.646741	0.144519	0.0864664	0.122274	1.22693	1.473143	3.118056	2.580454
14610	-1812.298	-2093.945	281.647	0.646227	0.147789	0.0992661	0.106717	1.327294	1.505823	3.353541	2.099392
14616	-1800.245	-2081.519	281.2742	0.712222	0.0528517	0.11731	0.117616	1.651119	1.402189	2.823589	3.886024
14622	-1798.627	-2081.344	282.7165	0.719482	0.075196	0.102527	0.102794	1.651119	1.490121	2.487651	2.236738
14628	-1797.055	-2078.86	281.8049	0.765771	0.0527737	0.103109	0.0783461	1.665418	1.362071	2.857933	2.884503
14634	-1793.735	-2074.473	280.7377	0.747635	0.0296706	0.0625793	0.160116	1.665418	1.362071	3.540716	2.749007
14640	-1813.54	-2095.666	282.1265	0.88259	0.0362731	0.0601571	0.02098	1.681544	1.365312	2.703132	2.749007
14646	-1811.706	-2092.934	281.2273	0.748877	0.077675	0.0278614	0.145586	1.262997	1.203474	3.922308	1.835624
14652	-1805.132	-2088.223	283.0917	0.799674	0.0619629	0.0222256	0.116137	1.285266	1.525574	2.233003	2.697805
14658	-1803.658	-2086.074	282.4162	0.658132	0.253269	0.0265767	0.062023	1.690501	1.571068	2.829504	1.748552
14664	-1802.984	-2085.023	282.0389	0.570833	0.24702	0.0675778	0.114569	1.252795	1.263728	3.404493	1.876135
14670	-1814.042	-2094.953	280.9113	0.545615	0.27973	0.0871557	0.0874995	1.103799	1.201654	4.386928	1.41697
14676	-1801.811	-2083.251	281.4407	0.563598	0.28895	0.0755147	0.0719373	0.9948967	1.332109	4.114406	1.336937
14682	-1821.843	-2103.816	281.9733	0.603388	0.304414	0.0164018	0.0757963	1.57719	1.292684	3.355582	1.666867
14688	-1801.514	-2082.959	281.4454	0.559215	0.232612	0.0174728	0.1907	1.629676	1.297077	3.865579	1.213004
14694	-1805.246	-2087.858	282.6125	0.494566	0.407558	0.0154529	0.0824234	1.811341	1.380205	2.990645	1.316619
14700	-1812.088	-2095.69	283.602	0.500752	0.393588	0.0187708	0.0868891	1.135607	1.558611	2.81228	1.018826
14706	-1814.034	-2097.731	283.697	0.620166	0.20629	0.0580169	0.115527	1.193206	1.611092	2.348372	1.616604
14712	-1809.168	-2091.405	282.2364	0.741635	0.0290923	0.144007	0.085266	1.305078	1.2804	3.206826	1.971697
14718	-1812.705	-2094.962	282.2566	0.71589	0.025647	0.135993	0.12247	1.305078	1.317167	3.016196	2.33546
14724	-1806.448	-2087.551	281.1031	0.794896	0.0186405	0.0549863	0.131477	1.530637	1.39463	3.460639	2.520464
14730	-1797.68	-2077.471	279.7908	0.750158	0.0883653	0.0518916	0.109585	4.26184	1.32898	3.511971	1.917201
14736	-1795.03	-2077.278	282.2481	0.422547	0.372938	0.0217784	0.182737	1.156234	1.327984	3.456174	1.542994
14742	-1794.164	-2076.241	282.0771	0.40842	0.36047	0.0544823	0.176627	1.092083	1.339479	3.433852	1.861759
14748	-1790.874	-2072.13	281.2558	0.593841	0.238696	0.0496922	0.117771	0.9958498	1.248531	4.015778	1.861759
14754	-1800.24	-2080.839	280.5997	0.567574	0.228138	0.0917254	0.112562	2.120078	1.35292	3.621698	2.234075
14760	-1795.088	-2077.911	282.8223	0.566171	0.299316	0.0228712	0.111642	1.028477	1.250761	3.229696	1.557879
14766	-1800.199	-2080.907	280.708	0.575866	0.302634	0.0890981	0.0324019	1.200087	1.290851	4.260592	1.706485
14772	-1800.84	-2082.68	281.84	0.645204	0.24555	0.0266927	0.0825527	1.320131	1.375119	3.444462	1.82163
14778	-1797.078	-2078.068	280.9902	0.689617	0.181023	0.0549026	0.0744572	1.456554	1.520664	3.721124	1.959442
14784	-1801.284	-2083.895	282.6115	0.438829	0.47594	0.0322347	0.052996	1.402894	1.522089	3.098455	1.339567
14790	-1801.557	-2084.582	283.0249	0.650978	0.233276	0.0656123	0.0501337	1.023691	1.578988	2.883533	1.620775
14796	-1796.228	-2078.804	282.5759	0.679739	0.241858	0.0351637	0.0432394	1.582218	1.572686	2.399356	2.614585
14802	-1795.05	-2076.506	281.456	0.811942	0.0799683	0.0564407	0.0516491	1.334233	1.570227	3.097975	2.928936
14808	-1795.325	-2076.713	281.3879	0.726347	0.183449	0.0137483	0.0764562	1.416631	1.304563	3.480709	2.328523
14814	-1803.174	-2084.125	280.9517	0.710199	0.0862386	0.0343315	0.169231	1.416631	1.305559	3.833042	2.085905
14820	-1804.269	-2086.285	282.0164	0.75343	0.129307	0.0328211	0.0844417	2.008206	1.589709	2.605413	2.425159
14826	-1816.076	-2098.316	282.2398	0.586728	0.335393	0.0375621	0.0403164	1.014969	1.379936	3.611384	1.346508
14832	-1803.264	-2082.433	279.1688	0.617322	0.22355	0.0262804	0.132847	1.928492	1.160345	4.746261	1.94508
14838	-1792.288	-2074.142	281.8535	0.639094	0.200362	0.0328712	0.127672	1.112134	1.421898	3.424891	2.041819
14844	-1798.88	-2081.05	282.1703	0.770816	0.0845202	0.0296199	0.115044	1.281619	1.340119	3.171707	2.088532
14850	-1821.358	-2103.526	282.1678	0.54211	0.294935	0.0989694	0.0639854	1.186656	1.353193	3.276091	1.956957
14856	-1801.961	-2083.139	281.1789	0.447983	0.220548	0.0817853	0.249684	1.282695	1.355683	3.849306	1.842299
14862	-1812.697	-2093.311	280.6138	0.350095	0.465618	0.0441737	0.140113	1.089875	1.326932	4.290475	1.845664
14868	-1806.834	-2087.262	280.4277	0.372122	0.494913	0.0469529	0.0860119	1.325617	1.307674	4.59178	1.203429
14874	-1801.926	-2084.166	282.2408	0.388405	0.495133	0.0462786	0.0701838	1.449605	1.418456	3.326785	1.392589
14880	-1802.257	-2083.692	281.4351	0.578466	0.223065	0.0689244	0.129545	1.547738	1.507163	3.170807	2.570725
14886	-1800.526	-2084.39	283.8646	0.369171	0.482096	0.0660584	0.0826742	1.547738	1.642181	2.257445	1.194971
14892	-1798.01	-2082.877	284.8666	0.38352	0.480709	0.0203882	0.115384	0.6518152	1.752931	2.06309	1.252089
14898	-1810.652	-2093.645	282.9926	0.454517	0.390072	0.016544	0.138867	1.612741	1.77912	2.288491	1.939592
14904	-1815.125	-2098.08	282.9544	0.470338	0.476697	0.0111203	0.0418454	1.523178	1.766742	2.736945	1.23782
14910	-1794.058	-2076.728	282.6705	0.601352	0.345084	0.00969165	0.0438732	1.523178	1.514283	3.163152	1.058962
14916	-1801.38	-2085.118	283.7377	0.585604	0.336047	0.0211209	0.0572285	1.178267	1.551611	2.778035	0.9066464
14922	-1788.683	-2071.719	283.0355	0.630518	0.250252	0.0536757	0.0655545	1.734732	1.552117	2.530975	1.565751
14928	-1799.813	-2081.323	281.5093	0.657097	0.098789	0.127265	0.116849	1.431682	1.602207	3.18796	2.42403
14934	-1797.603	-2080.082	282.4786	0.536582	0.330277	0.0583054	0.0748357	1.830062	1.514094	3.011247	1.26324
14940	-1801.49	-2082.903	281.4129	0.516615	0.388823	0.0309228	0.0636395	2.311144	1.371829	3.340404	1.601724
14946	-1816.693	-2099.7	283.0068	0.527239	0.376254	0.0315587	0.0649483	1.998185	1.599918	2.711733	1.004544
14952	-1827.936	-2109.606	281.6697	0.642885	0.10365	0.189703	0.0637617	1.129625	1.3081	3.675281	1.845731
14958	-1812.458	-2095.503	283.0455	0.481505	0.450962	0.0274184	0.0401146	1.406465	1.519196	2.853229	1.310683
14964	-1805.192	-2089.297	284.1052	0.534209	0.352687	0.0249639	0.0881403	0.8250846	1.544011	2.483003	1.398379
14970	-1818.193	-2102.724	284.5311	0.554223	0.318588	0.0043204	0.122868	1.257728	1.662504	2.099543	1.003588
14976	-1808.695	-2092.522	283.8269	0.583597	0.252102	0.00172072	0.162581	1.257728	1.751228	1.99397	1.883866
14982	-1809.123	-2090.967	281.844	0.558714	0.288407	0.0129755	0.139904	1.092493	1.110936	3.856091	1.534032
14988	-1806.481	-2084.137	277.6566	0.598627	0.30901	0.0134743	0.0788883	1.737078	0.9401664	5.916019	1.647042
14994	-1799.926	-2079.523	279.5971	0.598627	0.30901	0.0134743	0.0788883	1.231581	0.9954873	5.05921	1.647042
15000	-1810.578	-2090.568	279.9891	0.74483	0.165034	0.0266832	0.0634528	1.557124	1.187123	4.597684	1.591597
15006	-1803.862	-2083.899	280.037	0.575226	0.315043	0.0194639	0.0902668	1.408418	0.9752398	4.519863	2.145527
15012	-1809.148	-2088.519	279.3706	0.574563	0.31468	0.038176	0.0725807	1.275416	1.055414	4.970507	2.010059
15018	-1810.503	-2088.974	278.4714	0.695174	0.0906917	0.0493403	0.164794	1.082475	1.055414	5.588153	1.962589
15024	-1824.558	-2102.475	277.9168	0.674401	0.185125	0.0814467	0.0590273	1.130091	1.052984	5.678891	2.446232
15030	-1829.561	-2110.254	280.6936	0.611034	0.262441	0.0114659	0.115059	2.121693	1.276952	3.868134	1.650114
15036	-1814.84	-2097.795	282.9553	0.576065	0.337893	0.0116903	0.0743522	1.693645	1.273308	2.962642	1.214102
15042	-1828.947	-2110.406	281.4589	0.600294	0.237181	0.0188464	0.143679	1.963766	1.153254	3.787502	1.214102
15048	-1817.737	-2098.281	280.5444	0.716203	0.138815	0.0435612	0.101422	1.57866	1.031428	4.406201	1.500676
15054	-1812.621	-2092.724	280.1033	0.696511	0.0672672	0.179959	0.0562627	1.581646	1.298793	4.048994	2.570065
15060	-1794.439	-2076.445	282.0056	0.777389	0.0710507	0.044524	0.107037	1.904001	1.444055	2.760129	2.401469
15066	-1792.224	-2073.681	281.4561	0.624211	0.175302	0.114541	0.0859461	1.019893	1.143953	3.858632	2.065653
15072	-1803.468	-2084.507	281.0396	0.789061	0.0669628	0.0822552	0.0617206	1.392108	1.230978	3.663172	2.520174
15078	-1811.158	-2094.534	283.3757	0.718329	0.0690868	0.148776	0.0638076	0.9133686	1.269986	2.813915	1.849165
15084	-1826.419	-2106.883	280.4638	0.688406	0.102324	0.110199	0.0990711	1.651492	1.309472	4.21366	1.59743
15090	-1817.459	-2099.234	281.7745	0.604092	0.169957	0.0967023	0.129249	1.073092	1.380674	3.600897	1.853259
15096	-1816.294	-2099.356	283.0625	0.645947	0.172487	0.0777064	0.10386	1.166743	1.25673	2.986487	1.590419
15102	-1795.153	-2074.848	279.6946	0.725471	0.0706092	0.0872732	0.116646	1.87396	1.062179	4.062692	3.19727
15108	-1811.968	-2089.636	277.6672	0.629572	0.0612754	0.0479753	0.261177	1.708154	1.20146	5.195587	3.19727
15114	-1812.029	-2091.371	279.3414	0.694261	0.0656406	0.0338211	0.206278	1.524634	1.109438	4.750364	2.213715
15120	-1809.26	-2090.232	280.9725	0.690059	0.0712957	0.0336164	0.205029	1.307046	1.057791	3.966697	2.213715
15126	-1808.654	-2087.91	279.2557	0.636848	0.0678239	0.106109	0.189219	1.175954	1.158434	4.91478	2.293802
15132	-1812.138	-2090.877	278.7393	0.773687	0.0602332	0.0522252	0.113855	1.905446	0.9587646	5.058787	2.061668
15138	-1807.45	-2086.606	279.1552	0.791099	0.0615888	0.0308953	0.116417	1.841413	1.151228	4.865818	1.785673
15144	-1815.38	-2095.854	280.4741	0.764563	0.0686401	0.126983	0.0398135	1.628636	1.348706	3.951484	2.149386
15150	-1819.297	-2100.125	280.8279	0.636542	0.106441	0.196915	0.0601013	1.220667	1.168103	4.058337	2.149386
15156	-1817.558	-2101.313	283.7551	0.734832	0.102044	0.095629	0.0674944	1.294996	1.610209	2.386196	1.371715
15162	-1811.979	-2094.765	282.7857	0.815235	0.0469245	0.103321	0.0345198	1.514921	1.582326	2.672786	1.776863
15168	-1810.628	-2094.443	283.8154	0.562266	0.259963	0.0712602	0.106511	1.480678	1.573086	2.154839	1.569352
15174	-1808.143	-2089.41	281.2671	0.62646	0.223852	0.0571245	0.092563	1.429355	1.567793	3.728977	1.567654
15180	-1794.331	-2077.092	282.761	0.6811	0.0985759	0.0621069	0.158217	1.191867	1.353365	3.118265	1.543888
15186	-1807.092	-2087.987	280.8942	0.630632	0.174948	0.0794682	0.114952	1.317053	1.228866	4.153839	1.652082
15192	-1812.411	-2093.325	280.9136	0.612867	0.0817121	0.210282	0.0951392	1.838834	1.277299	3.873876	1.629935
15198	-1795.464	-2077.482	282.0172	0.612867	0.0817121	0.210282	0.0951392	1.649513	1.192756	3.459727	1.452189
15204	-1807.729	-2090.277	282.5476	0.596898	0.112	0.138679	0.152422	1.109687	1.434089	3.037227	1.976802
15210	-1801.828	-2084.155	282.3271	0.62511	0.117294	0.0681317	0.189464	1.155523	1.294524	3.225247	1.976802
15216	-1816.94	-2098.24	281.2996	0.724745	0.135989	0.0789911	0.0602746	1.524328	1.324697	3.804669	1.563934
15222	-1805.286	-2087.598	282.3121	0.679706	0.232239	0.0740822	0.0139724	1.524328	1.430617	3.208925	1.450935
15228	-1800.375	-2084.878	284.5034	0.598572	0.291068	0.0928483	0.0175118	1.382506	1.697655	1.887079	1.206887
15234	-1793.265	-2076.126	282.8615	0.714781	0.0906264	0.173681	0.0209116	1.632317	1.616717	2.663845	1.540591
15240	-1803.693	-2087.046	283.3526	0.595822	0.186523	0.191562	0.0260934	0.8446596	1.355793	2.774957	1.942554
15246	-1802.407	-2085.393	282.9861	0.79564	0.0728226	0.0881348	0.0434024	1.18587	1.472878	2.719941	1.942554
15252	-1820.06	-2101.262	281.2016	0.810605	0.0676079	0.0652453	0.0565414	1.250561	1.308097	3.764039	2.11044
15258	-1822.036	-2102.634	280.598	0.722641	0.192936	0.0452282	0.0391946	1.360748	1.306738	3.943429	2.382205
15264	-1819.572	-2101.424	281.8515	0.488797	0.365354	0.0632523	0.0825964	1.54262	1.407915	3.630897	1.173875
15270	-1807.971	-2090.26	282.2893	0.512143	0.341507	0.0634695	0.0828801	0.9584734	1.372837	3.395436	1.801558
15276	-1808.591	-2090.075	281.4837	0.570768	0.278097	0.0347075	0.116428	1.392069	1.268612	3.530507	2.153939
15282	-1815.953	-2098.457	282.5039	0.46065	0.283772	0.19536	0.0602184	1.392069	1.421666	3.25711	1.285086
15288	-1809.058	-2090.308	281.2503	0.539397	0.280181	0.126336	0.054086	1.096211	1.26801	3.607512	2.711114
15294	-1812.183	-2094.168	281.9856	0.671628	0.174395	0.084475	0.0695014	1.618826	1.306178	3.20899	1.903
15300	-1823.248	-2104.576	281.3279	0.610878	0.173019	0.019904	0.196199	1.143055	1.279994	3.663073	2.361821
15306	-1813.842	-2092.889	279.0474	0.52068	0.278133	0.0216938	0.179493	1.143055	0.9342266	5.198113	2.227433
15312	-1820.063	-2099.475	279.4116	0.569875	0.209243	0.0320692	0.188813	1.407379	1.362051	4.887999	1.607173
15318	-1825.296	-2105.541	280.2448	0.624694	0.133176	0.0351541	0.206976	1.622452	1.053608	4.118302	2.491223
15324	-1818.779	-2097.828	279.0491	0.623284	0.0747693	0.0936566	0.20829	1.04379	1.28861	4.333413	4.494823
15330	-1816.124	-2096.904	280.7799	0.534163	0.140977	0.256236	0.0686245	1.858892	1.451603	3.655168	2.041219
15336	-1806.038	-2087.505	281.467	0.694722	0.0842249	0.174357	0.046696	1.878439	1.357923	3.43347	1.746452
15342	-1816.514	-2097.168	280.6545	0.77769	0.0476892	0.12287	0.0517516	1.902388	1.309011	3.723135	2.201638
15348	-1804.209	-2084.092	279.883	0.710332	0.0545405	0.151181	0.0839463	2.120061	1.241745	4.271329	1.823427
15354	-1801.076	-2080.109	279.0324	0.71896	0.109324	0.104359	0.0673573	2.664352	1.369716	4.140548	2.640778
15360	-1811.923	-2090.982	279.0593	0.798889	0.0103052	0.115961	0.0748456	1.5393	1.531022	4.129293	3.785993
15366	-1818.637	-2099.194	280.5576	0.751247	0.00149417	0.0623013	0.184958	1.596876	1.343742	3.536788	3.183717
15372	-1817.753	-2095.818	278.0656	0.796519	0.020043	0.124281	0.0591571	1.833747	1.277591	4.429618	4.776048
15378	-1823.173	-2102.208	279.0345	0.643271	0.0255335	0.174869	0.156327	1.545513	1.01037	5.170509	1.728836
15384	-1833.359	-2113.477	280.1175	0.705607	0.0287457	0.0896543	0.175993	1.842322	1.109739	4.05174	2.506971
15390	-1806.958	-2088.633	281.6748	0.765976	0.0384977	0.0703985	0.125128	2.661176	1.294507	2.871572	2.070318
15396	-1805.157	-2086.568	281.4112	0.777587	0.0514596	0.0736034	0.0973504	1.576616	1.158043	3.674351	1.8548
15402	-1803.257	-2085.485	282.2275	0.623826	0.145599	0.0959466	0.134629	1.897256	1.162288	3.167686	1.590196
15408	-1796.209	-2078.4	282.1904	0.664783	0.0815761	0.0935426	0.160098	1.265899	1.315811	3.192572	2.066176
15414	-1802.883	-2083.312	280.4287	0.623038	0.0764535	0.150463	0.150045	2.415464	1.396129	3.646058	2.065599
15420	-1811.841	-2092.473	280.6322	0.693052	0.00856058	0.224411	0.0739764	1.551476	1.277805	3.434958	3.549081
15426	-1815.019	-2098.352	283.333	0.744064	0.00969694	0.240929	0.00530993	0.9517838	1.533624	2.326784	2.583899
15432	-1806.886	-2090.016	283.1307	0.743875	0.00766582	0.244261	0.00419772	1.311856	1.350842	2.738547	1.725818
15438	-1814.133	-2094.948	280.8151	0.742747	0.00917142	0.24389	0.00419135	1.311856	1.213294	3.663692	3.019507
15444	-1791.471	-2072.059	280.5884	0.680529	0.0555174	0.257523	0.00643121	1.198338	1.047075	4.542299	1.54496
15450	-1808.104	-2087.827	279.7228	0.37971	0.418402	0.196881	0.00500692	1.198338	1.027107	4.982912	1.660651
15456	-1816.433	-2097.043	280.6095	0.644583	0.116019	0.232012	0.00738653	1.102674	1.147324	4.446968	1.71304
15462	-1811.849	-2092.38	280.5304	0.588232	0.18224	0.211729	0.0177992	1.186032	1.222498	4.001337	2.703421
15468	-1796.244	-2076.468	280.2236	0.734551	0.147327	0.0231533	0.0949687	1.489131	1.213068	4.362415	1.858447
15474	-1804.072	-2084.481	280.4094	0.602896	0.210424	0.0510384	0.135642	1.439845	1.222168	4.235956	1.951383
15480	-1810.003	-2089.085	279.0825	0.605258	0.22063	0.0472432	0.126869	1.671186	1.162791	4.53207	2.933308
15486	-1827.099	-2105.782	278.6834	0.520791	0.349983	0.0227114	0.106515	1.407408	1.165854	4.966053	2.683501
15492	-1817.126	-2095.29	278.1644	0.780323	0.0635932	0.062041	0.0940424	1.641583	1.142673	5.086544	2.882616
15498	-1803.317	-2084.659	281.3423	0.594154	0.20371	0.127355	0.0747815	1.211672	1.350511	3.312094	3.071152
15504	-1812.836	-2094.219	281.3831	0.611055	0.186713	0.133691	0.0685417	1.53435	1.234845	3.185484	3.071152
15510	-1813.077	-2094.284	281.2072	0.55057	0.25028	0.066419	0.132731	0.9700868	1.348237	3.528943	3.075389
15516	-1822.236	-2104.471	282.2352	0.557711	0.11402	0.193816	0.134453	1.14131	1.509297	3.013535	2.316938
15522	-1801.448	-2084.606	283.1584	0.56087	0.280211	0.0398081	0.119112	0.9632954	1.382152	2.632705	2.325453
15528	-1807.833	-2086.923	279.0896	0.666471	0.226696	0.0267606	0.0800717	1.104799	1.152201	5.24955	1.804982
15534	-1792.428	-2072.53	280.1014	0.533308	0.381157	0.0461264	0.039408	1.008451	1.053427	5.139122	1.099699
15540	-1806.348	-2085.968	279.6199	0.491515	0.334072	0.1475	0.0269131	1.596273	1.101721	4.98363	1.284791
15546	-1807.562	-2089.433	281.8714	0.312527	0.575125	0.0925468	0.0198007	1.580677	1.470451	3.657152	1.009716
15552	-1802.917	-2083.715	280.7986	0.427477	0.439079	0.108991	0.0244525	1.491947	1.150662	4.417312	1.149675
15558	-1794.709	-2075.036	280.3268	0.397863	0.419989	0.159385	0.0227631	0.9984733	1.095753	4.969361	1.149675
15564	-1802.706	-2084.738	282.0317	0.634141	0.27239	0.0779081	0.0155611	1.764232	1.271985	3.24146	1.669751
15570	-1809.008	-2091.235	282.227	0.618628	0.284875	0.0802227	0.0162743	0.9695542	1.192383	3.90262	1.071293
15576	-1818.01	-2099.597	281.5871	0.348612	0.588936	0.0499127	0.0125393	1.215436	1.112082	4.370641	0.7369845
15582	-1818.582	-2099.856	281.2735	0.30999	0.615873	0.0477646	0.0263718	0.8811007	1.254844	4.07113	1.856138
15588	-1823.257	-2106.443	283.1859	0.410223	0.496522	0.0627676	0.0304873	0.7646209	1.575018	2.95255	1.614178
15594	-1811.93	-2096.201	284.2705	0.28736	0.614438	0.0660979	0.0321048	0.6033029	1.4795	2.69791	1.166353
15600	-1810.056	-2093.917	283.8609	0.482105	0.426349	0.0497831	0.041763	0.7678882	1.484464	2.862231	1.12582
15606	-1812.859	-2096.559	283.7001	0.429581	0.448255	0.0782554	0.0439088	0.1533659	1.383966	2.709611	2.177896
15612	-1809.032	-2093.669	284.6367	0.387733	0.369135	0.0392575	0.203874	0.1533659	1.64125	2.270465	1.547212
15618	-1815.051	-2099.722	284.6707	0.24802	0.53183	0.0897382	0.130411	0.1180131	1.46518	2.718104	0.8176642
15624	-1809.129	-2092.852	283.7231	0.622462	0.234336	0.0504688	0.092733	0.136606	1.416613	2.67887	2.106316
15630	-1802.499	-2085.326	282.8272	0.688545	0.200072	0.00880465	0.102578	0.1504433	1.310021	3.304764	2.106316
15636	-1807.349	-2090	282.6512	0.323108	0.450312	0.0169027	0.209677	0.2048069	1.302119	3.580799	1.832294
15642	-1816.928	-2099.187	282.2592	0.663437	0.0153695	0.0763583	0.244835	1.466508	1.415694	2.761657	2.59734
15648	-1806.306	-2088.95	282.6437	0.704992	0.0108784	0.0848845	0.199245	1.071977	1.406975	2.754941	2.59734
15654	-1792.788	-2075.059	282.2714	0.692613	0.0576669	0.083394	0.166326	1.810061	1.483091	2.657202	2.308869
15660	-1799.935	-2080.71	280.7746	0.646043	0.175382	0.0234317	0.155143	1.568046	1.354495	3.513811	2.907209
15666	-1798.375	-2079.478	281.1032	0.737372	0.0429248	0.0657122	0.153991	1.156092	1.477506	3.509552	2.787607
15672	-1799.206	-2080.963	281.7564	0.735393	0.045494	0.0655358	0.153577	1.070738	1.494355	2.801459	3.85573
15678	-1801.455	-2083.669	282.2145	0.585627	0.130786	0.200905	0.082682	1.367095	1.287328	3.245551	1.833308
15684	-1802.578	-2084.672	282.0933	0.554767	0.26123	0.0319721	0.152031	1.566562	1.49329	3.228808	1.551313
15690	-1792.026	-2074.094	282.068	0.665437	0.220561	0.0253817	0.0886203	1.503274	1.686349	3.037261	1.805412
15696	-1791.102	-2073.903	282.8009	0.698261	0.11953	0.106384	0.075825	1.042944	1.439078	2.92856	1.960916
15702	-1799.225	-2077.857	278.6317	0.633026	0.130968	0.105768	0.130238	2.414767	1.295513	4.590448	2.403694
15708	-1798.255	-2078.59	280.3346	0.562882	0.142463	0.152985	0.141669	1.026031	1.176969	4.730626	1.492205
15714	-1798.348	-2078.518	280.1699	0.504672	0.313275	0.0391309	0.142922	1.292661	1.264486	4.597492	1.562564
15720	-1799.777	-2081.232	281.4552	0.516155	0.372069	0.0244996	0.0872766	1.061319	1.368281	3.833999	1.776837
15726	-1788.857	-2069.816	280.9583	0.498636	0.303041	0.0230875	0.175235	1.394285	1.130474	4.013653	1.916959
15732	-1794.061	-2072.289	278.2273	0.667371	0.10911	0.015858	0.207661	1.439231	1.215148	4.87334	3.618942
15738	-1812.795	-2092.889	280.0932	0.59097	0.288189	0.00523203	0.115609	1.48738	1.335818	4.214122	2.222975
15744	-1811.206	-2091.556	280.3496	0.556798	0.271524	0.0232831	0.148395	1.613626	1.145358	4.458569	1.453031
15750	-1816.943	-2097.587	280.6444	0.361235	0.399799	0.0282145	0.210751	1.615869	1.236868	3.997116	1.97679
15756	-1817.286	-2099.46	282.1737	0.438222	0.477266	0.0336815	0.0508302	1.384694	1.326035	3.428738	1.441415
15762	-1817.791	-2099.77	281.9795	0.387452	0.459209	0.0359095	0.117429	1.425828	1.406404	3.428738	1.530697
15768	-1813.938	-2095.49	281.5524	0.434886	0.45633	0.0356843	0.0730999	0.8651745	1.345658	4.144569	1.286397
15774	-1818.029	-2101.836	283.8067	0.295217	0.607759	0.0251778	0.0718463	0.2088555	1.523512	3.181263	1.045302
15780	-1801.189	-2085.637	284.4482	0.381379	0.299599	0.107319	0.211702	0.1595019	1.747147	2.449544	1.335147
15786	-1802.75	-2087.097	284.3467	0.523584	0.338665	0.0373306	0.100421	0.1715956	1.810504	2.451483	1.398938
15792	-1802.04	-2086.336	284.296	0.61024	0.204006	0.0687132	0.117041	0.1715956	1.755701	2.583624	1.281446
15798	-1803.251	-2087.998	284.7468	0.607831	0.142016	0.0913715	0.158781	0.1874529	1.457849	2.500496	1.283963
15804	-1800.386	-2083.213	282.8271	0.613794	0.213955	0.0119118	0.160339	0.1874529	1.489254	3.255916	2.062834
15810	-1813.238	-2096.99	283.7518	0.641195	0.261927	0.0318249	0.0650532	0.1943197	1.72836	2.58079	2.010696
15816	-1806.384	-2090.292	283.9071	0.440452	0.4154	0.0445404	0.0996074	0.1943197	1.599724	2.656212	1.817234
15822	-1812.33	-2094.553	282.223	0.523997	0.382462	0.0510038	0.0425366	0.2299996	1.546018	3.974429	1.261827
15828	-1803.958	-2085.087	281.1296	0.512859	0.360896	0.0750006	0.0512436	0.1473155	1.25954	4.603496	1.448209
15834	-1793.827	-2076.381	282.5546	0.465583	0.28917	0.158837	0.0864102	0.1994918	1.233338	3.880688	1.403102
15840	-1794.287	-2077.11	282.8228	0.324163	0.501759	0.112743	0.0613345	0.1619708	1.210436	3.663279	1.495804
15846	-1789.876	-2072.956	283.0807	0.400559	0.425918	0.157724	0.0157986	0.1470913	1.412075	3.570257	1.130464
15852	-1795.311	-2080.653	285.3419	0.38589	0.409206	0.191479	0.0134249	0.1637875	1.337989	2.474589	0.8080581
15858	-1804.607	-2088.565	283.9575	0.226236	0.639918	0.112852	0.0209939	0.2168624	1.410757	2.828871	1.658835
15864	-1817.215	-2101.873	284.6578	0.330712	0.418965	0.166231	0.0840923	0.1870721	1.30101	2.828871	0.984672
15870	-1796.991	-2079.619	282.6282	0.369075	0.471761	0.0653164	0.0938472	1.746886	1.308535	3.143898	1.156773
15876	-1785.477	-2069.014	283.5364	0.473174	0.401775	0.054494	0.0705572	1.137292	1.377789	2.761651	1.365446
15882	-1801.055	-2085.091	284.0361	0.454852	0.344027	0.185212	0.0159089	0.9320764	1.502742	2.570628	1.243918
15888	-1803.292	-2085.854	282.5615	0.382243	0.347666	0.165527	0.104565	0.7524255	1.147541	3.698734	1.379903
15894	-1813.349	-2093.469	280.12	0.430211	0.391294	0.138641	0.0398544	1.020595	1.0986	5.000631	1.283445
15900	-1803.805	-2084.513	280.7075	0.622672	0.238012	0.0701998	0.0691167	0.8641268	1.164211	4.535027	1.673908
15906	-1802.696	-2084.472	281.7759	0.61481	0.235007	0.0693135	0.08087	1.535958	1.348674	3.486615	1.609734
15912	-1840.725	-2123.658	282.9329	0.574333	0.298574	0.0471016	0.0799916	0.7573858	1.617069	3.085757	1.609734
15918	-1832.994	-2114.651	281.6568	0.629556	0.192619	0.0806794	0.0971461	1.826288	1.345656	3.494001	1.459398
15924	-1829.647	-2109.268	279.6204	0.432664	0.472311	0.0360042	0.0590208	1.542936	1.316775	4.817322	1.427189
15930	-1827.1	-2107.215	280.1153	0.590018	0.263274	0.0296636	0.117044	0.9779966	1.292203	4.631022	1.896256
15936	-1830.304	-2110.744	280.4405	0.421881	0.516133	0.0351004	0.0268857	0.9779966	1.330923	4.631022	1.453142
15942	-1831.585	-2111.585	279.9999	0.662852	0.132104	0.0373799	0.167664	1.202807	1.099123	4.65372	1.960209
15948	-1834.351	-2114.493	280.1414	0.643356	0.143932	0.05046	0.162252	2.358191	1.560455	3.445505	2.814421
15954	-1801.277	-2083.506	282.2291	0.505038	0.312965	0.0450288	0.136968	1.84207	1.38587	2.840763	2.049899
15960	-1815.27	-2096.767	281.4973	0.59116	0.255361	0.0527074	0.100771	1.18298	1.348975	3.631862	2.049899
15966	-1805.655	-2088.693	283.0378	0.594234	0.256689	0.0477821	0.101295	1.007756	1.487579	2.75628	2.00526
15972	-1824.654	-2105.153	280.4995	0.705707	0.086191	0.0429671	0.165135	1.141092	1.486441	4.267847	1.776284
15978	-1816.34	-2097.44	281.1002	0.783943	0.0656953	0.11054	0.0398219	1.42723	1.3314	3.753303	2.024889
15984	-1807.952	-2090.979	283.0276	0.693027	0.184914	0.0626697	0.0593891	1.211454	1.292746	2.848732	1.817655
15990	-1801.806	-2084.551	282.7452	0.555037	0.210966	0.186434	0.047564	1.231107	1.387823	2.86528	2.001701
15996	-1813.635	-2095.946	282.3114	0.576098	0.218971	0.193508	0.0114231	1.492915	1.524651	3.040208	1.708386
16002	-1812.425	-2094.567	282.1412	0.576098	0.218971	0.193508	0.0114231	1.337167	1.310989	3.448782	1.505864
16008	-1810.114	-2092.331	282.2167	0.716089	0.175563	0.0956858	0.0126618	0.9129559	1.33562	3.764944	1.24287
16014	-1804.665	-2085.813	281.1475	0.612758	0.294528	0.0818785	0.0108347	1.302462	1.313521	4.034225	1.515914
16020	-1799.277	-2080.321	281.0441	0.594769	0.209005	0.0522614	0.143965	1.302462	1.206521	4.014491	1.813663
16026	-1806.13	-2085.739	279.6088	0.687448	0.158083	0.0338173	0.120651	1.264007	1.105912	4.689248	2.323879
16032	-1806.93	-2086.245	279.3144	0.687448	0.158083	0.0338173	0.120651	1.019541	1.22371	4.942484	2.262858
16038	-1808.28	-2084.788	276.5081	0.623873	0.202199	0.0432546	0.130673	1.248747	1.009011	5.962422	3.849958
16044	-1810.564	-2092.441	281.8766	0.709166	0.0142966	0.12291	0.153627	1.818645	1.283745	3.058496	2.203112
16050	-1797.884	-2078.982	281.0979	0.67244	0.0573207	0.173648	0.096591	1.36492	1.134121	3.814448	2.229463
16056	-1804.283	-2084.034	279.7506	0.62518	0.0781233	0.206894	0.0898024	1.147691	1.000248	4.659765	2.509692
16062	-1818.057	-2097.468	279.4118	0.615027	0.2624	0.0241283	0.0984452	1.051471	1.225871	4.993906	1.956774
16068	-1828.133	-2107.694	279.5613	0.529584	0.243069	0.0944504	0.132897	0.94428	1.05747	5.063974	1.956774
16074	-1809.254	-2089.812	280.5585	0.64589	0.0768344	0.115193	0.162083	1.162927	0.9791915	4.42993	1.956774
16080	-1787.989	-2070.948	282.9596	0.702693	0.0835917	0.0672585	0.146457	1.262703	1.286685	2.799274	1.956774
16086	-1811.976	-2092.514	280.5376	0.728822	0.017906	0.147016	0.106256	1.280907	1.331513	3.989801	2.422221
16092	-1802.514	-2085.727	283.2122	0.716738	0.0758825	0.102885	0.104494	1.398953	1.434267	2.33904	2.253388
16098	-1809.633	-2091.18	281.5476	0.701308	0.085196	0.118279	0.0952174	0.962394	1.401568	3.196119	3.391001
16104	-1815.705	-2097.715	282.0094	0.638864	0.135133	0.107747	0.118256	1.255503	1.487105	2.605493	3.659017
16110	-1818.964	-2103.497	284.5324	0.660698	0.0568746	0.0727814	0.209646	1.313303	1.687748	1.575946	1.766511
16116	-1814.584	-2097.915	283.3308	0.797735	0.0373257	0.0273526	0.137587	1.216463	1.946274	1.493899	3.51523
16122	-1820.955	-2101.788	280.8338	0.622759	0.215868	0.0584807	0.102892	2.170266	1.424559	3.810118	1.391215
16128	-1819.205	-2100.885	281.6801	0.585744	0.250839	0.0666407	0.0967762	1.049737	1.420615	3.082768	3.304962
16134	-1822.53	-2104.404	281.8739	0.530588	0.152595	0.132893	0.183924	1.917779	1.336284	3.101865	1.932715
16140	-1815.249	-2099.143	283.8934	0.713583	0.117646	0.0556594	0.113111	1.206904	1.553498	2.045458	2.016899
16146	-1809.203	-2091.643	282.4408	0.78296	0.108251	0.0305001	0.0782889	1.366785	1.451365	2.92887	2.016899
16152	-1813.522	-2095.699	282.1772	0.534975	0.360669	0.0645865	0.0397688	2.022496	1.371237	3.31777	1.034346
16158	-1815.252	-2098.272	283.0203	0.539516	0.349776	0.0561701	0.0545382	0.8642474	1.407315	3.067058	1.660365
16164	-1818.018	-2101.006	282.9879	0.695711	0.167821	0.06614	0.0703277	1.670768	1.463628	2.58355	1.690305
16170	-1813.147	-2097.789	284.6414	0.574255	0.269733	0.0394153	0.116597	1.025972	1.572751	1.878804	1.583228
16176	-1804.112	-2088.468	284.3562	0.707304	0.211488	0.0210353	0.0601728	1.370974	1.79431	1.338053	2.203253
16182	-1798.173	-2082.872	284.699	0.641568	0.189335	0.0369701	0.132128	1.077537	1.634313	1.656166	1.764971
16188	-1805.313	-2088.581	283.2674	0.621214	0.215053	0.0357972	0.127936	1.242592	1.619063	2.421994	1.941376
16194	-1809.092	-2092.119	283.0269	0.726174	0.164295	0.0252475	0.0842834	1.070084	1.536505	2.542513	2.349111
16200	-1812.241	-2094.92	282.6793	0.483407	0.445191	0.0210096	0.0503927	1.22009	1.557957	2.906584	1.791575
16206	-1808.015	-2091.392	283.3762	0.620747	0.287564	0.0269786	0.0647098	1.557297	1.529255	2.434078	1.54655
16212	-1812.414	-2095.855	283.4411	0.580857	0.26558	0.0451848	0.108378	1.22298	1.456497	2.434078	1.925688
16218	-1818.501	-2102.121	283.6203	0.605554	0.266632	0.0478836	0.0799313	1.411317	1.84734	2.205032	1.457902
16224	-1793.308	-2075.705	282.3974	0.642182	0.0928378	0.05078	0.2142	1.411317	1.522397	2.655295	2.562291
16230	-1802.08	-2083.414	281.334	0.717102	0.0268919	0.102461	0.153546	1.177102	1.561458	3.197757	3.111274
16236	-1800.92	-2079.236	278.3159	0.822903	0.028511	0.117577	0.031009	1.338876	1.376276	4.599729	4.269322
16242	-1799.392	-2079.497	280.1049	0.750129	0.0472703	0.107179	0.0954212	1.526295	1.482147	4.207306	1.977803
16248	-1787.303	-2065.697	278.3938	0.696413	0.153442	0.0197828	0.130362	1.473588	1.03301	5.274088	2.393336
16254	-1809.13	-2087.905	278.7759	0.550008	0.195801	0.0734882	0.180702	1.256765	1.166861	5.454209	1.541614
16260	-1818.046	-2096.515	278.4689	0.505643	0.282177	0.114307	0.0978728	1.380922	1.053473	5.53376	1.738015
16266	-1816.218	-2096.192	279.9738	0.681974	0.108405	0.116871	0.0927504	1.53584	1.328558	4.208069	2.359919
16272	-1820.297	-2102.149	281.8522	0.785313	0.101022	0.049821	0.0638442	1.321949	1.359227	3.212813	2.359919
16278	-1814.103	-2094.817	280.7145	0.73124	0.141235	0.068076	0.0594483	1.474785	1.269917	4.149675	1.659013
16284	-1813.451	-2094.288	280.8367	0.564711	0.361599	0.0347119	0.0389782	1.474785	1.338897	4.040747	1.659013
16290	-1797.253	-2077.759	280.5059	0.608559	0.333438	0.0159983	0.0420047	2.141862	1.333023	4.130596	1.258914
16296	-1810.962	-2092.459	281.4972	0.569567	0.312074	0.0149732	0.103386	1.734062	1.261188	3.678418	1.45963
16302	-1801.604	-2082.975	281.3709	0.532968	0.385452	0.0140111	0.0675681	1.255544	1.29838	4.120092	1.166965
16308	-1803.596	-2085.252	281.6564	0.693929	0.205748	0.0172302	0.0830922	1.584253	1.345654	3.416382	1.859824
16314	-1817.153	-2099.973	282.8199	0.81538	0.067288	0.111869	0.00546251	2.805907	1.634552	1.917009	1.97435
16320	-1808.55	-2091.25	282.6994	0.797887	0.124257	0.0732882	0.0045683	1.433039	1.534076	2.706633	1.97087
16326	-1822.613	-2103.919	281.3067	0.757889	0.105359	0.134466	0.00228514	1.585445	1.402918	3.391963	2.312636
16332	-1804.598	-2085.707	281.1096	0.668772	0.173738	0.145499	0.0119904	1.407893	1.378043	3.833324	1.793678
16338	-1799.192	-2081.309	282.1179	0.604121	0.255162	0.102446	0.0382713	1.992968	1.388989	2.976686	1.748188
16344	-1814.125	-2094.658	280.5329	0.541601	0.306777	0.0201506	0.131471	1.506272	1.361928	3.907126	2.30287
16350	-1817.309	-2096.806	279.4972	0.752689	0.157973	0.0138521	0.0754854	1.700702	1.140059	4.660211	1.978692
16356	-1824.394	-2103.066	278.6723	0.748443	0.16264	0.0112006	0.0777156	1.700702	1.222795	5.152621	1.794897
16362	-1802.698	-2084.714	282.0163	0.809608	0.0347952	0.0187599	0.136837	1.350893	1.476645	3.122583	2.13931
16368	-1792.638	-2074.719	282.0805	0.692849	0.136374	0.0411198	0.129658	1.096676	1.305909	3.326565	2.13931
16374	-1794.009	-2074.233	280.223	0.660897	0.126863	0.0913532	0.120887	1.264731	1.452591	4.187955	2.221258
16380	-1794.565	-2077.941	283.3764	0.664736	0.170269	0.0722235	0.0927713	0.9712814	1.54216	2.593547	1.884556
16386	-1805.626	-2087.411	281.7845	0.70715	0.0702733	0.0758757	0.146701	1.742051	1.514814	3.115807	1.96638
16392	-1816.995	-2099.717	282.7224	0.710226	0.128313	0.0870509	0.0744097	1.52813	1.519354	2.950119	1.373242
16398	-1819.13	-2099.514	280.3835	0.45597	0.350843	0.0620577	0.131129	1.718998	1.170328	4.337232	1.533564
16404	-1815.24	-2096.586	281.3458	0.594059	0.266056	0.114731	0.0251546	0.9619495	1.386596	3.352264	3.306348
16410	-1808.596	-2090.823	282.2273	0.609167	0.121912	0.128476	0.140444	1.713829	1.459296	2.981459	1.786161
16416	-1799.035	-2080.85	281.8152	0.677786	0.185403	0.0658029	0.0710082	1.549086	1.387424	3.384855	1.712566
16422	-1801.969	-2081.438	279.4684	0.742941	0.121532	0.0576927	0.0778342	2.724036	1.222928	4.226864	1.95533
16428	-1803.409	-2082.704	279.2953	0.695367	0.11375	0.0539984	0.136884	1.753876	0.9921683	4.993377	1.612729
16434	-1803.955	-2085.978	282.023	0.565721	0.336555	0.0120482	0.0856767	1.284716	1.184853	3.71956	1.309872
16440	-1812.894	-2093.255	280.3615	0.630437	0.182487	0.0406773	0.146398	1.284716	1.11606	4.817674	1.09016
16446	-1816.191	-2096.597	280.4058	0.641699	0.185747	0.041404	0.13115	2.022312	1.308541	4.082657	1.595355
16452	-1813.948	-2095.684	281.736	0.700748	0.172633	0.0384807	0.0881387	0.971258	1.226925	3.890659	1.595355
16458	-1812.115	-2093.222	281.1065	0.659321	0.120976	0.0354612	0.184241	1.433247	1.147343	3.939083	1.82801
16464	-1811.348	-2094.497	283.1496	0.789177	0.111905	0.0221507	0.0767673	1.547028	1.683103	2.348951	1.810141
16470	-1807.556	-2088.696	281.1407	0.699182	0.104735	0.127185	0.0688978	1.547028	1.229346	3.496072	2.601217
16476	-1801.246	-2083.495	282.2487	0.733429	0.0721853	0.174101	0.0202845	1.029133	1.27066	3.38515	1.916387
16482	-1801.638	-2082.381	280.7429	0.567133	0.133319	0.212861	0.0866871	1.648471	1.060862	4.211785	1.568003
16488	-1820.477	-2099.546	279.069	0.481324	0.135044	0.352971	0.0306602	1.949501	1.066256	4.856027	1.920424
16494	-1795.191	-2077.64	282.4488	0.803319	0.0499729	0.0218577	0.12485	1.22182	1.351332	3.064224	2.016136
16500	-1795.761	-2077.25	281.4886	0.554274	0.132456	0.156562	0.156709	2.190874	1.331786	3.310951	1.722296
16506	-1806.27	-2088.572	282.3023	0.463887	0.33316	0.052085	0.150869	1.138038	1.272586	3.501592	1.474237
16512	-1801.659	-2083.808	282.1497	0.591736	0.272789	0.0389458	0.0965295	0.944482	1.418721	3.139136	2.553964
16518	-1814.204	-2097.779	283.5751	0.781641	0.0813873	0.0300839	0.106888	1.016818	1.553264	2.01435	2.825243
16524	-1836.551	-2118.406	281.8546	0.650325	0.156936	0.149681	0.0430575	0.8675392	1.139242	4.242315	1.00435
16530	-1815.115	-2099.017	283.9018	0.719184	0.0212872	0.143013	0.116516	1.227751	1.578302	2.133785	1.774586
16536	-1812.834	-2095.572	282.7385	0.796242	0.0341079	0.0955993	0.0740504	2.252422	1.516412	2.387289	1.774586
16542	-1811.845	-2093.946	282.1005	0.655319	0.0428573	0.269576	0.0322477	1.132023	1.334209	3.439576	1.777206
16548	-1801.647	-2083.857	282.2103	0.660118	0.0332839	0.27155	0.0350483	1.02966	1.23014	3.439576	1.897508
16554	-1800.311	-2082.148	281.8365	0.688529	0.145427	0.131142	0.0349024	1.118575	1.278523	3.66439	1.710591
16560	-1815.288	-2096.771	281.4834	0.628585	0.131024	0.208946	0.0314456	1.235094	1.309629	3.406754	2.613272
16566	-1801.875	-2083.97	282.0953	0.61119	0.123329	0.195073	0.0704079	1.103601	1.369054	3.437226	1.779597
16572	-1817.062	-2097.848	280.786	0.745095	0.0393998	0.0807247	0.13478	1.596097	1.180971	3.89989	2.112298
16578	-1813.407	-2093.612	280.2041	0.630647	0.18695	0.0683252	0.114078	1.261845	1.15726	4.448533	2.02363
16584	-1801.406	-2082.719	281.3132	0.647256	0.105874	0.135909	0.110961	1.668071	1.352157	3.365808	2.341714
16590	-1808.638	-2086.76	278.1219	0.695627	0.0993432	0.12825	0.0767799	1.281429	1.170664	5.438614	2.404836
16596	-1811.297	-2092	280.7032	0.692789	0.0989379	0.0873664	0.120906	1.443293	1.116293	4.277208	1.619877
16602	-1817.544	-2099.715	282.1705	0.584957	0.0584856	0.257646	0.0989112	1.443293	1.391745	3.217318	1.732449
16608	-1819.996	-2102.693	282.697	0.763464	0.0325879	0.173073	0.0308758	1.387906	1.287405	2.784165	2.19125
16614	-1806.931	-2090.088	283.1568	0.755588	0.0376093	0.120366	0.0864364	1.387906	1.287405	2.775593	1.613976
16620	-1786.617	-2067.987	281.3703	0.593842	0.0727672	0.215625	0.117766	1.324154	1.377991	3.79222	1.652706
16626	-1783.456	-2066.159	282.7038	0.579589	0.095022	0.21045	0.11494	1.283296	1.378355	2.940558	1.842309
16632	-1789.43	-2070.213	280.7836	0.724092	0.0362765	0.125908	0.113724	1.136827	1.2461	4.303789	1.649156
16638	-1804.472	-2085.256	280.7846	0.754395	0.0721051	0.0593598	0.11414	2.043166	1.160894	3.905849	1.670879
16644	-1806.667	-2089.047	282.3799	0.740471	0.0619933	0.0322501	0.165286	1.485314	1.35769	3.24893	1.418039
16650	-1803.255	-2085.631	282.3753	0.704451	0.0582367	0.0596893	0.177623	1.492883	1.383726	3.146295	1.586531
16656	-1804.236	-2086.38	282.1443	0.656885	0.0815592	0.0835935	0.177962	1.354774	1.28526	3.31754	1.784277
16662	-1821.021	-2104.438	283.4173	0.509253	0.210032	0.156449	0.124266	1.417796	1.345942	2.629932	1.486737
16668	-1807.118	-2089.268	282.1502	0.310897	0.477827	0.116111	0.0951649	0.8975878	1.172658	3.862162	1.325783
16674	-1811.397	-2093.86	282.4634	0.711208	0.108587	0.0400035	0.140201	1.911916	1.211217	2.800217	1.986901
16680	-1805.917	-2086.814	280.8966	0.645073	0.197645	0.105418	0.0518633	1.310558	1.140676	4.014635	2.083753
16686	-1816.411	-2095.453	279.0412	0.664956	0.203737	0.0286225	0.102684	1.826665	1.142347	4.813707	2.083753
16692	-1814.276	-2093.975	279.6991	0.518215	0.215628	0.16834	0.0978171	1.299151	1.271384	4.813707	1.647998
16698	-1816.438	-2094.035	277.5972	0.613804	0.171482	0.133875	0.0808383	1.808697	0.9470741	5.904699	1.666527
16704	-1822.519	-2101.184	278.6647	0.664749	0.0921374	0.213494	0.0296198	1.80098	1.162278	5.203148	1.666527
16710	-1806.007	-2089.262	283.2551	0.617327	0.190266	0.151953	0.0404538	1.890725	1.37009	2.549701	1.347355
16716	-1805.878	-2089.374	283.4964	0.70773	0.0755368	0.147952	0.0687815	1.438425	1.380039	2.647537	1.306976
16722	-1802.33	-2085.211	282.8817	0.681717	0.249113	0.0312061	0.037963	1.655798	1.68864	2.647537	1.442163
16728	-1823.433	-2106.078	282.645	0.655024	0.239359	0.0528077	0.052809	1.676558	1.407674	2.796603	1.748699
16734	-1810.26	-2090.164	279.9037	0.624779	0.302024	0.0381139	0.0350825	1.397385	1.179779	4.755185	1.532778
16740	-1821.093	-2103.186	282.0929	0.640556	0.0336137	0.232361	0.0934692	1.517045	1.40722	3.010371	2.187168
16746	-1828.715	-2111.213	282.4979	0.84797	0.00777761	0.0540181	0.090234	1.298625	1.356469	2.809224	2.435149
16752	-1811.759	-2093.302	281.5427	0.826102	0.0333656	0.052625	0.0879069	1.166655	1.315042	3.786472	1.710183
16758	-1817.009	-2098.164	281.1556	0.76607	0.030941	0.125049	0.0779403	1.083398	1.074752	4.145819	1.809729
16764	-1815.517	-2097.52	282.003	0.771987	0.0234551	0.126015	0.0785423	1.377993	1.363386	3.386467	1.691294
16770	-1802.471	-2083.964	281.4935	0.646759	0.181866	0.105573	0.0658015	1.612673	1.398742	3.529538	1.72412
16776	-1804.909	-2086.913	282.0039	0.589561	0.301255	0.0448442	0.0643402	1.653233	1.17989	3.529538	1.343576
16782	-1816.973	-2098.238	281.2654	0.490435	0.298616	0.0444514	0.166498	1.225016	1.412421	3.772026	1.899691
16788	-1818.656	-2099.781	281.1246	0.729967	0.130917	0.0714502	0.0676655	1.225016	1.229158	3.911471	2.006813
16794	-1820.085	-2097.492	277.4065	0.744216	0.0840578	0.0984502	0.0732757	2.412054	0.9204215	5.520203	2.297757
16800	-1813.259	-2093.607	280.348	0.553056	0.267067	0.125885	0.0539913	1.298265	0.9997745	4.62475	1.601648
16806	-1800.869	-2081.986	281.1168	0.581949	0.22732	0.133481	0.0572491	1.371689	1.20099	4.296217	1.099614
16812	-1811.027	-2092.983	281.9556	0.56281	0.192774	0.121788	0.122628	1.260438	1.321427	3.806395	1.10035
16818	-1800.164	-2081.639	281.4746	0.408276	0.414419	0.0883477	0.0889573	1.260438	1.231353	4.128059	1.109527
16824	-1804.049	-2086.485	282.4366	0.386188	0.391999	0.120317	0.101497	1.441487	1.522734	3.299476	1.126577
16830	-1804.445	-2087.248	282.8029	0.417074	0.42335	0.129939	0.029637	1.902345	1.4168	3.085942	0.8483106
16836	-1820.676	-2103.454	282.7783	0.556789	0.263651	0.0843056	0.095255	1.446997	1.416909	2.877635	1.648579
16842	-1799.399	-2081.905	282.5057	0.510061	0.311633	0.0896965	0.0886099	1.964476	1.461098	3.017213	1.169709
16848	-1795.614	-2077.414	281.7994	0.558746	0.304069	0.0473391	0.0898462	1.674035	1.51478	3.295016	1.635628
16854	-1810.623	-2092.203	281.5802	0.676203	0.195241	0.0572905	0.0712661	2.152296	1.367213	3.514639	1.210012
16860	-1814.527	-2096.657	282.1301	0.535732	0.144162	0.220456	0.0996507	1.584232	1.334069	3.419902	1.304869
16866	-1825.963	-2104.907	278.9436	0.816705	0.0322442	0.046889	0.104161	2.52105	1.183562	4.573298	2.064138
16872	-1808.478	-2088.425	279.9476	0.729859	0.0475218	0.0691053	0.153514	1.858735	1.158559	4.071173	2.620076
16878	-1801.064	-2081.032	279.9681	0.704824	0.131771	0.0667349	0.0966697	2.228814	1.310439	3.993596	2.163867
16884	-1810.431	-2091.703	281.2717	0.562049	0.290012	0.111006	0.0369331	1.376409	1.214667	4.065571	1.348676
16890	-1805.623	-2085.332	279.709	0.629255	0.0642714	0.216738	0.0897354	1.376409	1.303029	4.516136	2.194704
16896	-1809.058	-2090.877	281.8188	0.735805	0.029746	0.185441	0.0490087	2.090959	1.271477	3.18523	1.741194
16902	-1808.587	-2089.582	280.9946	0.719357	0.0913893	0.0603405	0.128913	1.229723	1.191503	3.844489	2.398723
16908	-1808.051	-2089.619	281.568	0.609021	0.319787	0.0218016	0.0493901	1.229723	1.304537	3.844489	1.50092
16914	-1818.844	-2099.473	280.6284	0.596061	0.2346	0.164232	0.00510762	1.758628	1.304537	4.221551	1.299816
16920	-1805.401	-2086.854	281.4529	0.620478	0.235717	0.138795	0.00501105	1.183277	1.375838	3.627872	2.082631
16926	-1810.968	-2092.54	281.5721	0.757288	0.124752	0.113732	0.00422808	2.189944	1.35614	3.409632	1.397867
16932	-1805.828	-2088.138	282.3094	0.454064	0.334852	0.208795	0.00228914	1.05403	1.35713	3.552548	1.363999
16938	-1803.866	-2086.014	282.1486	0.532616	0.221982	0.244917	0.000484526	0.7650413	1.636302	3.763827	1.161343
16944	-1796.444	-2080.231	283.7868	0.449036	0.464657	0.0859903	0.000317353	0.8617209	1.514215	2.808953	1.161343
16950	-1811.66	-2095.538	283.8786	0.447493	0.41259	0.13932	0.00059641	1.23257	1.514215	2.527344	1.161343
16956	-1815.136	-2099.02	283.8841	0.440138	0.41145	0.146375	0.00203737	1.219029	1.529704	2.444905	1.293156
16962	-1814.147	-2098.064	283.9171	0.438844	0.41024	0.148884	0.00203138	1.021317	1.658453	2.516155	1.202307
16968	-1811.909	-2094.822	282.9131	0.55996	0.316586	0.120683	0.00277102	1.701618	1.680496	2.459513	1.729259
16974	-1815.899	-2098.909	283.0108	0.456103	0.257869	0.283434	0.00259431	1.701618	1.61217	2.883502	0.9385378
16980	-1821.439	-2103.358	281.9189	0.564912	0.201101	0.221039	0.0129479	2.012458	1.389856	3.508924	0.9554158
16986	-1814.426	-2097.77	283.3433	0.612669	0.222773	0.150516	0.0140425	1.194854	1.497842	2.572366	1.749196
16992	-1808.274	-2090.884	282.61	0.75787	0.157005	0.052077	0.0330477	1.231301	1.494684	2.756617	2.287131
16998	-1815.527	-2098.694	283.1666	0.621329	0.119363	0.177931	0.0813764	1.792456	1.435428	2.521284	1.512979
17004	-1808.417	-2092.404	283.9863	0.382611	0.392026	0.144116	0.0812466	1.456544	1.517068	2.174321	1.425854
17010	-1834.641	-2113.607	278.9656	0.755428	0.0201617	0.0968856	0.127525	2.010657	1.402787	4.390795	2.710441
17016	-1825.315	-2107.508	282.193	0.787367	0.120936	0.00968415	0.0820127	1.1869	1.381003	3.084581	2.328818
17022	-1815.254	-2097.646	282.3922	0.702026	0.160107	0.0658563	0.0720109	0.9486506	1.306322	3.588857	1.376224
17028	-1825.456	-2108.505	283.0488	0.647806	0.202054	0.0457761	0.104364	0.9411039	1.41344	2.728946	2.245728
17034	-1807.291	-2088.489	281.1987	0.707347	0.00962075	0.09682	0.186212	1.440281	1.336788	3.266916	3.115913
17040	-1812.08	-2089.783	277.7032	0.65442	0.153118	0.0895755	0.102886	1.440281	1.468209	4.901507	4.045155
17046	-1816.112	-2094.582	278.4699	0.730434	0.119438	0.0698724	0.0802555	1.316309	1.080588	4.945059	3.386063
17052	-1809.911	-2089.537	279.6261	0.720207	0.131767	0.0688941	0.0791318	2.177906	1.084511	4.316507	2.214332
17058	-1818.679	-2096.869	278.1895	0.681336	0.124656	0.115388	0.0786205	1.107869	0.8996706	5.713228	2.214332
17064	-1828.647	-2111.674	283.0266	0.603553	0.251432	0.0293659	0.115649	1.767589	1.421601	2.451234	1.862047
17070	-1816.167	-2098.901	282.7345	0.593939	0.165372	0.197396	0.0432933	1.110345	1.382127	2.784101	2.371077
17076	-1829.373	-2112.607	283.2334	0.505458	0.358194	0.0995048	0.0368437	1.519882	1.56622	2.784101	1.077797
17082	-1806.456	-2090.209	283.753	0.495367	0.267708	0.162794	0.0741314	1.137997	1.692413	2.600479	1.077797
17088	-1817.144	-2099.331	282.1873	0.37093	0.499247	0.0963788	0.0334438	1.239662	1.38967	3.682791	1.032688
17094	-1799.529	-2081.351	281.8221	0.489273	0.340693	0.0977973	0.072237	1.38659	1.261475	3.610986	1.559403
17100	-1802.631	-2083.982	281.3507	0.522369	0.314325	0.104413	0.0588939	1.12795	1.398489	4.052473	1.338704
17106	-1811.547	-2091.264	279.7168	0.596197	0.208423	0.151324	0.0440566	2.239106	1.3343	4.300532	1.743758
17112	-1812.498	-2093.525	281.0268	0.7214	0.126238	0.121343	0.0310193	1.270271	1.266986	3.889715	2.081996
17118	-1805.757	-2088.255	282.4972	0.351471	0.6078	0.0384127	0.00231649	1.054293	1.309339	3.574928	1.170755
17124	-1804.539	-2083.446	278.907	0.585646	0.326312	0.0812382	0.00680367	1.961394	1.391024	4.639148	2.21317
17130	-1793.591	-2073.13	279.5392	0.752086	0.142101	0.0921969	0.0136158	1.709935	1.337066	3.965934	3.519386
17136	-1808.364	-2089.196	280.8317	0.691155	0.0686766	0.126845	0.113323	1.727991	1.493876	3.112876	3.519386
17142	-1799.515	-2081.613	282.0973	0.601223	0.120466	0.0305863	0.247724	1.070423	1.293158	3.135139	2.644595
17148	-1799.958	-2081.065	281.1077	0.694773	0.0936619	0.0189617	0.192604	1.844678	1.245669	3.649517	1.907674
17154	-1800.494	-2082.768	282.2741	0.585261	0.268394	0.0508848	0.09546	1.466	1.649997	3.072299	1.565726
17160	-1800.354	-2082.08	281.7261	0.74237	0.0930612	0.0571211	0.107447	2.044178	1.415642	2.985856	2.157552
17166	-1810.086	-2092.659	282.5727	0.577849	0.227259	0.0350761	0.159817	1.19413	1.392008	2.960175	2.063305
17172	-1813.135	-2096.321	283.1864	0.561105	0.265284	0.0340598	0.139551	1.19413	1.460778	2.520931	2.111486
17178	-1812.168	-2094.943	282.775	0.526628	0.329623	0.0285339	0.115215	1.593541	1.405307	2.866866	1.537905
17184	-1809.286	-2089.585	280.2995	0.542619	0.339632	0.0294003	0.0883477	1.149128	1.144713	4.730607	1.431806
17190	-1810.405	-2092.024	281.6185	0.520098	0.343508	0.0517126	0.0846809	0.5682961	1.282388	4.05898	1.827232
17196	-1813.288	-2095.237	281.9485	0.384177	0.33174	0.113118	0.170965	1.329802	1.324647	3.645662	1.333186
17202	-1813.634	-2096.753	283.1193	0.513637	0.313257	0.151236	0.0218698	1.342821	1.465684	2.836961	1.380971
17208	-1802.069	-2083.844	281.7744	0.510968	0.311629	0.0241517	0.153251	1.066005	1.29626	3.70198	1.748424
17214	-1808.195	-2091.919	283.7235	0.54413	0.331855	0.0547144	0.0693008	1.123402	1.50669	2.734127	1.090189
17220	-1817.151	-2101.268	284.1168	0.351352	0.574371	0.0630238	0.0112539	0.1976668	1.363159	3.158524	0.9258171
17226	-1816.191	-2099.815	283.6245	0.334758	0.559453	0.0746836	0.0311056	0.2221895	1.539393	3.063755	1.443297
17232	-1815.327	-2099.519	284.1915	0.39528	0.482563	0.0429236	0.0792327	0.1906892	1.46515	3.05418	0.9177061
17238	-1808.678	-2093.342	284.6635	0.28174	0.565523	0.0503028	0.102435	0.1900907	1.602466	2.316142	1.548191
17244	-1802.027	-2086.137	284.1099	0.510503	0.34146	0.0685153	0.0795221	0.1271533	1.602466	2.576041	1.548191
17250	-1807.052	-2091.866	284.8144	0.465857	0.315242	0.0672227	0.151678	0.1919505	1.685922	2.080474	1.706419
17256	-1815.219	-2099.816	284.5963	0.574173	0.195669	0.0867017	0.143457	0.1432585	1.471962	2.594447	1.178916
17262	-1808.95	-2092.638	283.688	0.604003	0.108248	0.0682727	0.219476	0.1223716	1.25132	2.928423	1.762759
17268	-1802.684	-2086.326	283.6414	0.612235	0.245253	0.0692031	0.0733084	0.1902961	1.636972	2.593751	2.25406
17274	-1794.821	-2078.124	283.3033	0.620881	0.244362	0.0689516	0.0658054	0.1307471	1.450734	2.977482	1.937738
17280	-1804.078	-2086.491	282.4128	0.654276	0.157531	0.0306224	0.15757	0.1560185	1.175759	3.59743	2.190932
17286	-1816.794	-2100.525	283.7314	0.574887	0.235044	0.0289193	0.16115	0.156088	1.206052	3.074005	1.59766
17292	-1815.11	-2096.288	281.1777	0.551948	0.212333	0.0253273	0.210391	0.156088	1.104638	4.516784	1.786822
17298	-1809.308	-2092.742	283.4344	0.552457	0.232939	0.0277851	0.18682	0.2102193	1.209129	3.472569	1.246124
17304	-1816.076	-2096.954	280.8781	0.570392	0.222703	0.0526527	0.154252	0.1620337	1.082349	4.680296	1.841061
17310	-1816.16	-2097.947	281.7865	0.45638	0.393639	0.038167	0.111815	0.1830467	1.284263	4.229144	1.505072
17316	-1815.615	-2098.306	282.6907	0.448045	0.307393	0.0328568	0.211705	0.1830467	1.334835	3.693015	1.484118
17322	-1800.865	-2083.713	282.8478	0.5749	0.236746	0.0253053	0.163049	0.1689866	1.262857	3.693015	1.364134
17328	-1818.97	-2101.697	282.7269	0.417786	0.341822	0.066579	0.173813	0.1548716	1.319821	3.636357	1.516702
17334	-1821.76	-2103.603	281.8432	0.747112	0.0536605	0.11633	0.0828977	1.954813	1.235059	2.931868	2.474637
17340	-1820.125	-2103.758	283.6327	0.243356	0.561703	0.107549	0.0873917	0.2891198	1.469631	3.31012	1.06097
17346	-1821.577	-2104.988	283.4105	0.401497	0.394045	0.0754479	0.12901	0.1826886	1.694922	3.31012	1.027468
17352	-1800.799	-2082.241	281.4425	0.616777	0.160229	0.0931023	0.129892	1.600238	1.09159	3.779192	1.647717
17358	-1803.802	-2086.657	282.8546	0.734777	0.126009	0.0486476	0.090566	1.331638	1.652437	2.410566	2.378659
17364	-1785.146	-2069.569	284.4231	0.630695	0.308574	0.0122008	0.0485304	1.616866	1.724975	1.427383	1.773462
17370	-1805.97	-2089.777	283.8077	0.651793	0.278213	0.0262385	0.0437554	1.027008	1.865764	1.82518	2.401085
17376	-1808.018	-2093.175	285.1577	0.373112	0.533851	0.0462414	0.0467956	0.8666073	1.865764	1.44308	1.53593
17382	-1809.218	-2094.77	285.552	0.292444	0.46967	0.184052	0.0538336	0.9860152	1.802031	1.490864	0.9806374
17388	-1801.39	-2086.306	284.9162	0.472012	0.349038	0.0920612	0.0868887	0.9860152	1.885427	1.353677	1.797318
17394	-1804.871	-2089.436	284.5647	0.68843	0.127614	0.0946365	0.0893193	1.24444	1.84428	1.217863	2.207873
17400	-1808.453	-2092.276	283.8234	0.734016	0.043551	0.131763	0.0906699	1.455664	1.84428	1.359727	2.772625
17406	-1816.442	-2100.896	284.4542	0.505764	0.339604	0.0700804	0.0845515	0.9026229	1.637165	1.818627	2.005109
17412	-1798.92	-2083.349	284.429	0.459686	0.308664	0.154801	0.0768484	0.9026229	1.66408	2.388501	1.002228
17418	-1800.397	-2084.683	284.2862	0.66074	0.181544	0.0973892	0.0603268	1.328648	1.60516	2.000322	1.415029
17424	-1808.799	-2093.375	284.5765	0.62362	0.186314	0.0578396	0.132226	0.833998	1.564847	1.916166	1.845975
17430	-1813.081	-2095.14	282.0598	0.587391	0.192178	0.0633873	0.157044	1.133401	1.50635	3.457886	1.577067
17436	-1814.8	-2095.358	280.5582	0.589097	0.180347	0.054968	0.175588	1.371073	1.269267	4.327052	1.581588
17442	-1812.067	-2093.493	281.4255	0.555728	0.207265	0.0998487	0.137158	0.9599956	1.23799	4.15861	1.411461
17448	-1797.891	-2078.052	280.1611	0.705567	0.0410239	0.184355	0.0690538	0.9631376	1.011141	4.933906	1.536143
17454	-1799.639	-2081.319	281.6803	0.6611	0.0491994	0.172736	0.116964	1.157419	1.011571	3.969909	1.536143
17460	-1803.279	-2083.207	279.9278	0.6611	0.0491994	0.172736	0.116964	1.838004	1.325414	3.922311	2.824464
17466	-1804.277	-2084.952	280.675	0.652783	0.0550831	0.161182	0.130952	1.615309	1.155403	3.922311	2.225469
17472	-1793.505	-2074.309	280.8039	0.774543	0.0653574	0.0682431	0.0918565	1.769688	1.335856	3.527421	2.590468
17478	-1793.705	-2074.947	281.2415	0.725243	0.102841	0.0273774	0.144538	1.83507	1.311439	3.527421	1.931256
17484	-1793.733	-2076.805	283.0722	0.634362	0.192639	0.0740887	0.0989106	1.158996	1.53768	2.648207	1.931256
17490	-1792.174	-2075.319	283.1447	0.627659	0.204085	0.0442801	0.123976	1.259907	1.402349	2.570632	2.055215
17496	-1798.432	-2081.176	282.7436	0.772027	0.111065	0.049768	0.0671402	1.529711	1.543833	2.582722	2.055215
17502	-1799.44	-2082.848	283.4083	0.760625	0.00987072	0.101888	0.127616	1.390018	1.735163	1.77358	2.804892
17508	-1805.205	-2088.848	283.6428	0.73969	0.0395499	0.120171	0.100589	1.508834	1.843723	1.233934	3.257335
17514	-1811.27	-2095.629	284.359	0.0592021	0.771303	0.12949	0.0400051	0.1965322	1.176502	3.483896	0.2858435
17520	-1806.087	-2090.869	284.782	0.636736	0.204838	0.0277266	0.130699	0.762595	1.869584	1.416349	2.196527
17526	-1799.66	-2084.391	284.7306	0.603059	0.220779	0.035293	0.14087	1.057803	1.869584	1.064986	2.437227
17532	-1809.091	-2093.962	284.871	0.553585	0.301626	0.0329166	0.111872	1.057803	1.960123	1.087562	2.07544
17538	-1806.281	-2089.85	283.5689	0.514241	0.383463	0.00218251	0.100113	1.68576	1.650572	1.687485	2.485392
17544	-1807.817	-2092.576	284.7585	0.397243	0.409878	0.167239	0.0256397	0.1398549	1.501186	2.438951	1.229668
17550	-1814.322	-2097.388	283.0665	0.328709	0.532304	0.11442	0.0245668	0.1537407	1.460825	3.339279	1.546788
17556	-1805.563	-2089.097	283.5344	0.57353	0.372478	0.0272756	0.0267167	0.1982538	1.632067	2.999325	1.547645
17562	-1791.202	-2075.765	284.563	0.377736	0.419881	0.188339	0.0140436	0.191051	1.57277	2.428945	1.493548
17568	-1801.406	-2085.232	283.8257	0.526283	0.36335	0.100266	0.0101016	0.191051	1.360948	3.011306	1.492699
17574	-1794.491	-2077.93	283.4391	0.491907	0.359099	0.128077	0.020917	0.1622806	1.482806	3.144004	1.49308
17580	-1789.378	-2073.089	283.7118	0.263523	0.556368	0.092663	0.0874456	0.179317	1.302721	3.472652	0.8399778
17586	-1803.384	-2086.661	283.277	0.206525	0.612235	0.101968	0.079273	0.2161786	1.352531	3.446846	1.312807
17592	-1825.004	-2107.137	282.134	0.449976	0.396486	0.0431207	0.110417	0.1757516	1.58307	3.885902	1.442495
17598	-1810.315	-2092.263	281.9476	0.448923	0.395558	0.0430198	0.112499	0.1735754	1.326529	3.706059	2.420293
17604	-1834.166	-2116.041	281.875	0.616472	0.0900583	0.139614	0.153856	1.909377	1.293151	3.114052	1.969619
17610	-1818.933	-2099.467	280.5343	0.647494	0.058779	0.168049	0.125678	1.080346	1.029321	4.552465	1.746969
17616	-1817.198	-2095.823	278.6252	0.672359	0.104364	0.019704	0.203573	2.116127	1.227607	4.64046	2.700409
17622	-1805.037	-2087.98	282.9432	0.615325	0.138399	0.0599716	0.186304	1.011295	1.283041	2.831351	2.242025
17628	-1811.438	-2092.212	280.774	0.641237	0.144227	0.062497	0.152039	1.143264	1.436953	3.925878	2.276007
17634	-1808.09	-2086.516	278.4259	0.732188	0.147717	0.0340402	0.0860555	1.603035	1.200116	5.182697	2.186959
17640	-1829.932	-2112.656	282.7238	0.635234	0.0814209	0.275481	0.00786397	1.194182	1.469776	2.897533	1.8976
17646	-1823.54	-2106.545	283.005	0.754431	0.0279207	0.20651	0.0111384	1.030605	1.306772	2.907783	1.927938
17652	-1805.797	-2087.453	281.656	0.683003	0.0200656	0.268623	0.0283084	1.637269	1.381965	3.578174	1.428169
17658	-1810.502	-2092.916	282.4147	0.719869	0.0273458	0.203357	0.0494275	1.637269	1.260303	3.16013	1.514177
17664	-1805.48	-2087.62	282.1398	0.73599	0.00989572	0.207911	0.0462026	1.359855	1.296919	3.237925	1.942576
17670	-1803.783	-2085.04	281.2572	0.734022	0.0125434	0.207355	0.046079	1.420951	1.225508	3.609311	2.307018
17676	-1802.059	-2082.201	280.1424	0.744987	0.0228553	0.210453	0.0217051	1.274062	1.229874	4.139828	2.791202
17682	-1804.768	-2086.947	282.1796	0.742192	0.0227695	0.0894149	0.145624	1.320799	1.25798	3.284461	1.884868
17688	-1805.332	-2087.257	281.9255	0.663118	0.126885	0.0798885	0.130109	1.083459	1.500153	3.284461	2.201972
17694	-1794.485	-2078.348	283.8628	0.591464	0.0519515	0.209924	0.14666	0.9597137	1.717376	2.027513	2.201972
17700	-1806.624	-2089.887	283.2625	0.618603	0.239668	0.0367142	0.105015	1.1273	1.550047	2.421156	2.191095
17706	-1810.752	-2094.122	283.3703	0.73503	0.0820677	0.0464249	0.136477	1.233104	1.520714	2.25574	2.306122
17712	-1814.538	-2096.228	281.6895	0.732842	0.0818235	0.0492628	0.136071	1.270395	1.307252	3.389069	2.306122
17718	-1824.922	-2106.865	281.943	0.755347	0.0490427	0.0553605	0.14025	2.036491	1.489563	2.859732	2.053601
17724	-1815.354	-2098.159	282.8055	0.732322	0.196834	0.00839249	0.0624513	1.260363	1.295882	2.987323	1.746866
17730	-1823.893	-2107.461	283.5676	0.732322	0.196834	0.00839249	0.0624513	0.8748425	1.592416	2.405868	2.093122
17736	-1827.509	-2111.789	284.28	0.700929	0.231706	0.00798037	0.0593846	0.8748425	1.854442	1.923397	1.787557
17742	-1815.868	-2101.503	285.6346	0.534541	0.354562	0.0303312	0.0805658	0.8399513	1.956025	1.405032	1.005728
17748	-1816.692	-2100.922	284.2303	0.604387	0.276623	0.0161262	0.102864	0.8906847	1.801049	2.128538	1.518401
17754	-1821.79	-2105.771	283.9812	0.388477	0.370243	0.0600933	0.181187	0.1480366	1.477159	3.147813	0.8857002
17760	-1826.495	-2110.278	283.7838	0.58034	0.285295	0.0306968	0.103668	1.002628	1.868621	2.444312	1.262739
17766	-1825.874	-2108.592	282.7173	0.382336	0.440222	0.0880952	0.0893475	1.355531	1.640857	2.840129	1.6247
17772	-1806.345	-2089.793	283.4477	0.498357	0.334861	0.102781	0.0640017	1.177733	1.550852	2.893658	1.006328
17778	-1806.853	-2089.293	282.4405	0.422491	0.483976	0.0156785	0.0778547	0.9879782	1.659985	3.070251	1.906018
17784	-1812.059	-2094.852	282.7926	0.508153	0.421631	0.0255958	0.0446206	1.680743	1.578137	2.879036	1.221603
17790	-1797.304	-2079.693	282.389	0.557785	0.357988	0.0322982	0.051929	1.078519	1.400508	3.430683	1.433535
17796	-1806.992	-2089.447	282.4543	0.578771	0.316394	0.0509528	0.0538828	1.078519	1.275478	3.465629	1.433535
17802	-1813.116	-2096.619	283.5037	0.368055	0.322939	0.150185	0.158821	1.010903	1.487421	2.672585	1.586608
17808	-1813.255	-2094.291	281.0362	0.561366	0.138889	0.229066	0.0706796	1.345685	1.229924	3.943928	1.90153
17814	-1803.031	-2083.718	280.6863	0.615136	0.0496415	0.251007	0.0842161	1.461014	1.417291	3.924357	2.025925
17820	-1814.371	-2095.077	280.7055	0.800259	0.0251708	0.127086	0.0474841	1.235592	1.373985	3.654979	3.077429
17826	-1804.085	-2086.136	282.0519	0.635127	0.16666	0.141145	0.0570677	1.018556	1.372353	3.428066	1.95878
17832	-1798.115	-2079.519	281.4044	0.613497	0.160984	0.136338	0.0891806	1.546614	1.226632	3.684699	1.785942
17838	-1816.09	-2097.072	280.9814	0.632432	0.105612	0.140546	0.12141	1.546614	1.329685	3.684699	2.211311
17844	-1809.494	-2093.033	283.5388	0.486686	0.322736	0.0738011	0.116776	0.1491389	1.51429	3.003524	1.580624
17850	-1821.799	-2105.113	283.3145	0.639019	0.145182	0.138649	0.0771501	0.7946808	1.289572	3.118786	1.436196
17856	-1813.258	-2095.638	282.3803	0.622132	0.167772	0.134985	0.0751113	1.001128	1.376711	3.160209	2.14628
17862	-1818.254	-2101.731	283.4763	0.749793	0.13727	0.0179235	0.0950133	0.1518496	1.585291	2.353694	3.087434
17868	-1815.402	-2098.999	283.5974	0.364909	0.541139	0.0129526	0.0810002	0.2470682	1.54611	2.204766	3.516892
17874	-1799.071	-2082.312	283.2403	0.605932	0.338443	0.00496538	0.0506598	0.1904053	1.61188	2.872132	2.213825
17880	-1795.126	-2078.303	283.1777	0.485776	0.420441	0.0531687	0.0406139	0.1694925	1.303877	3.175377	1.989957
17886	-1800.397	-2081.553	281.1558	0.480485	0.428941	0.0889591	0.00161427	0.1875732	1.201697	4.666496	1.438836
17892	-1821.116	-2102.968	281.8519	0.453191	0.415922	0.129824	0.00106292	0.1393918	1.143249	4.253861	1.438836
17898	-1813.921	-2095.386	281.4653	0.458029	0.415275	0.125668	0.00102889	0.1393918	1.29837	4.384735	1.438836
17904	-1816.071	-2098.175	282.1041	0.439715	0.438492	0.120643	0.00114987	0.1545361	1.3068	4.032942	1.45363
17910	-1808.406	-2090.454	282.0478	0.217627	0.716128	0.0660568	0.00018815	0.2458343	1.112135	4.191115	1.521711
17916	-1810.914	-2093.496	282.5825	0.266846	0.591758	0.140734	0.000661043	0.3117132	1.343319	4.100764	0.862726
17922	-1808.408	-2092.718	284.3098	0.266944	0.591975	0.140786	0.000294691	0.1502562	1.461596	2.543604	1.626079
17928	-1802.696	-2086.341	283.6451	0.297441	0.659604	0.0425575	0.000397278	0.2572678	1.416897	3.302172	1.123253
17934	-1805.071	-2087.919	282.8484	0.343834	0.515633	0.0283754	0.112157	1.034515	1.318853	3.43503	1.065904
17940	-1813.124	-2095.464	282.3398	0.385687	0.480994	0.0281661	0.105153	1.170211	1.431438	3.589065	1.065904
17946	-1806.52	-2088.044	281.5239	0.385785	0.436455	0.0208794	0.156881	1.082387	1.209101	3.934086	1.648091
17952	-1809.968	-2092.838	282.87	0.359855	0.334784	0.167118	0.138243	0.9994865	1.400148	3.312879	1.211688
17958	-1791.306	-2073.608	282.3022	0.563411	0.20215	0.0723081	0.162131	1.747487	1.517082	3.182459	1.211688
17964	-1812.389	-2094.691	282.3024	0.734247	0.142391	0.00530823	0.118054	1.12256	1.438269	3.418937	1.463425
17970	-1811.249	-2093.588	282.3388	0.578148	0.248563	0.00108631	0.172203	1.019745	1.74603	3.281103	1.453272
17976	-1806.501	-2090.6	284.0988	0.495164	0.34764	0.00107732	0.156118	1.605814	1.667478	2.20211	0.9670786
17982	-1800.081	-2084.469	284.3875	0.379624	0.427203	0.00132389	0.191849	1.316834	1.730063	2.089887	1.04027
17988	-1804.949	-2088.999	284.0506	0.363058	0.427168	0.00295182	0.206822	2.049297	1.857234	1.85455	0.9996609
17994	-1814.959	-2099.449	284.4894	0.452647	0.358126	0.00368022	0.185547	1.727525	1.793132	1.640107	1.184765
18000	-1812.724	-2094.839	282.115	0.601224	0.193189	0.0235471	0.18204	1.507419	1.550624	3.399256	1.196396
18006	-1825.355	-2108.467	283.1114	0.330369	0.518354	0.0512468	0.10003	0.8882272	1.345857	3.316317	1.12767
18012	-1819.374	-2101.633	282.2598	0.513417	0.223252	0.0536738	0.209657	1.205322	1.344941	3.623185	1.142692
18018	-1826.552	-2107.683	281.1315	0.542408	0.307448	0.0300361	0.120108	0.9720941	1.324282	3.956976	2.093719
18024	-1814.536	-2098.063	283.5277	0.488879	0.416871	0.000852702	0.093397	0.9996503	1.676331	2.491681	1.695316
18030	-1810.46	-2093.975	283.515	0.432805	0.496632	0.000848772	0.0697138	1.357486	1.621419	2.553336	1.267934
18036	-1811.825	-2095.809	283.9841	0.416608	0.540774	0.000512635	0.0421053	0.8698776	1.403788	2.596764	1.434703
18042	-1818.374	-2102.575	284.2004	0.517072	0.38843	0.0009946	0.0935033	1.211972	1.585981	2.2888	1.165156
18048	-1814.598	-2098.805	284.2065	0.319238	0.599271	0.000444774	0.0810461	1.391623	1.586291	2.226828	1.088116
18054	-1830.23	-2114.395	284.1652	0.667639	0.136944	0.0029424	0.192475	1.700815	1.825638	1.338721	2.034665
18060	-1822.351	-2107.204	284.8535	0.434594	0.349807	0.00324628	0.212353	1.06322	1.760941	1.306317	2.017602
18066	-1834.744	-2119.59	284.8461	0.349636	0.394336	0.0166435	0.239384	1.165134	1.764379	1.646373	1.354718
18072	-1806.619	-2089.184	282.5649	0.760299	0.144437	0.0498272	0.0454368	1.201702	1.54421	2.848622	2.108381
18078	-1810.735	-2093.58	282.8449	0.779332	0.128308	0.0457862	0.0465742	1.668004	1.541777	2.19155	2.638708
18084	-1811.574	-2093.816	282.2422	0.871425	0.0143067	0.0342564	0.0800115	1.853301	1.541777	2.205494	3.360092
18090	-1817.017	-2097.087	280.0696	0.638717	0.0121068	0.260706	0.088471	2.244159	1.324955	3.782877	2.511563
18096	-1815.335	-2096.14	280.8052	0.709664	0.0134516	0.217427	0.0594567	0.8853102	1.204261	4.221931	2.189725
18102	-1824.171	-2103.421	279.2502	0.775336	0.0200172	0.129415	0.0752326	1.350572	1.156455	4.221931	4.155477
18108	-1810.678	-2091.644	280.966	0.647132	0.0883021	0.257122	0.00744374	1.164627	1.045817	4.148947	1.984165
18114	-1822.484	-2104.635	282.1515	0.522709	0.326179	0.087298	0.0638135	1.837837	1.96587	2.850117	1.414015
18120	-1805.884	-2087.786	281.9016	0.553148	0.345174	0.024305	0.0773729	1.49567	1.422535	3.437896	1.513494
18126	-1816.346	-2098.144	281.7979	0.471118	0.394171	0.0277551	0.106956	0.7509457	1.189324	3.843601	1.953003
18132	-1809.973	-2092.407	282.4341	0.4754	0.391482	0.0280074	0.105111	0.7509457	1.428347	3.585706	1.428537
18138	-1801.055	-2082.969	281.9139	0.414823	0.341598	0.0740202	0.169559	1.019757	1.17552	3.829902	1.51378
18144	-1803.872	-2086.24	282.3679	0.443238	0.333491	0.221941	0.0013304	1.866591	1.26792	3.30512	1.08822
18150	-1815.506	-2095.344	279.8382	0.473702	0.32502	0.171493	0.0297848	1.450693	1.166037	5.045901	1.003344
18156	-1807.261	-2088.885	281.6236	0.533212	0.329307	0.119485	0.0179963	1.140202	1.430783	3.917442	1.250516
18162	-1809.078	-2090.091	281.0129	0.414075	0.389826	0.183885	0.0122142	1.140202	1.349154	4.257015	1.355893
18168	-1821.52	-2103.74	282.2198	0.455135	0.328412	0.202119	0.0143334	0.7367736	1.303854	3.875304	1.264863
18174	-1814.831	-2096.338	281.5074	0.454726	0.261207	0.222835	0.0612331	1.584533	1.403257	3.874322	1.061526
18180	-1809.389	-2090.502	281.1131	0.342476	0.492976	0.0373338	0.127215	1.561586	1.32328	4.156267	1.061526
18186	-1817.76	-2097.958	280.1981	0.341365	0.481316	0.0402312	0.137088	1.101011	1.062799	4.82489	1.501653
18192	-1813.81	-2094.795	280.9853	0.591907	0.05875	0.079261	0.270082	1.731515	1.260288	3.816978	1.789577
18198	-1813.541	-2092.26	278.719	0.752874	0.0221454	0.159959	0.0650222	1.686423	0.9422271	5.193569	2.017673
18204	-1810.453	-2090.307	279.8546	0.723777	0.0427442	0.14171	0.0917686	1.388205	1.229409	4.519736	2.072222
18210	-1820.922	-2101.912	280.9901	0.592174	0.160352	0.0679677	0.179507	1.318486	0.9684215	4.232758	1.681606
18216	-1800.617	-2083.801	283.1838	0.412212	0.408214	0.0473123	0.132262	0.9663824	1.258862	3.279306	1.125289
18222	-1817.717	-2100.001	282.2842	0.299169	0.424913	0.123848	0.15207	0.8012395	1.3311	3.703167	1.419018
18228	-1809.793	-2092.801	283.0081	0.682401	0.144693	0.128422	0.0444846	1.385066	1.37224	2.729693	1.787796
18234	-1796.629	-2080.178	283.5481	0.621079	0.236465	0.0687731	0.0736823	1.131995	1.598843	2.399142	1.787796
18240	-1806.478	-2087.076	280.5978	0.580952	0.157372	0.088367	0.173309	1.33611	0.9368882	4.440374	1.731345
18246	-1809.877	-2091.025	281.1478	0.583538	0.24176	0.0222768	0.152425	1.268308	1.359254	3.618877	2.448735
18252	-1797.89	-2080.063	282.1738	0.778744	0.103791	0.0520263	0.0654387	2.100562	1.392264	3.138178	1.272899
18258	-1794.233	-2076.547	282.3131	0.498496	0.301684	0.0465712	0.153249	1.40386	1.418217	3.37191	1.272899
18264	-1789.553	-2070.692	281.139	0.670916	0.174074	0.0890647	0.0659451	1.571102	1.347502	3.778883	1.736731
18270	-1802.722	-2086.026	283.3044	0.728092	0.0981612	0.0940852	0.0796616	1.494746	1.644674	2.542376	1.359961
18276	-1804.507	-2087.91	283.4031	0.537682	0.330791	0.0726984	0.0588286	1.020817	1.607478	2.663531	1.569368
18282	-1811.222	-2094.447	283.2247	0.478892	0.448709	0.0264843	0.0459155	0.8085672	1.62628	2.875044	1.604789
18288	-1814.447	-2098.059	283.6123	0.479814	0.399321	0.00882605	0.112039	1.513851	1.700709	2.338065	1.298739
18294	-1810.567	-2093.929	283.362	0.636026	0.211051	0.0111671	0.141756	1.187017	1.78513	2.185097	2.160363
18300	-1806.899	-2090.839	283.9404	0.609852	0.225467	0.0856152	0.0790662	1.329251	1.78345	2.012183	1.588041
18306	-1820.736	-2105.005	284.2691	0.474447	0.34051	0.0652604	0.119782	1.56319	1.990988	1.613611	1.397347
18312	-1824.632	-2108.907	284.2751	0.585245	0.277116	0.070592	0.0670468	1.049751	1.998375	2.045338	1.211263
18318	-1798.852	-2082.794	283.9412	0.571285	0.357513	0.0235798	0.0476224	1.655078	1.691696	1.798037	1.739753
18324	-1812.212	-2097.137	284.9258	0.527503	0.272665	0.0345127	0.165319	1.20585	1.848529	1.689235	1.075363
18330	-1813.033	-2097.518	284.4846	0.525581	0.252052	0.187399	0.034968	1.236722	1.7444	1.744034	1.55642
18336	-1827.048	-2112.034	284.9864	0.67775	0.244544	0.0326142	0.0450921	1.127544	1.665336	1.342328	1.82885
18342	-1819.079	-2103.148	284.0684	0.614114	0.221583	0.0385148	0.125788	1.220623	1.760026	1.686036	2.196371
18348	-1828.997	-2112.9	283.903	0.639681	0.245726	0.034354	0.0802395	1.560947	1.529912	2.116898	1.504661
18354	-1824.861	-2107.392	282.5307	0.829563	0.0452141	0.0211651	0.104058	1.560947	1.295543	2.916429	1.907734
18360	-1816.729	-2099.862	283.1326	0.699252	0.0989626	0.114074	0.0877119	1.175715	1.2636	2.916429	1.627359
18366	-1814.56	-2096.758	282.1985	0.67446	0.130908	0.110029	0.0846022	1.322874	1.39671	3.076541	2.13976
18372	-1805.801	-2086.384	280.5831	0.601515	0.185654	0.166899	0.0459324	1.544609	1.07412	4.245313	1.780825
18378	-1836.597	-2117.04	280.4434	0.621019	0.191673	0.14252	0.0447875	1.449948	1.324361	4.245313	1.744773
18384	-1811.967	-2093.582	281.6153	0.682988	0.0828472	0.067747	0.166418	1.19823	1.095319	3.936748	1.536662
18390	-1816.454	-2098.128	281.6741	0.556293	0.0610251	0.230642	0.15204	1.776233	1.127194	3.51584	1.700738
18396	-1804.352	-2085.978	281.6257	0.688915	0.050857	0.23112	0.029108	1.369481	1.328525	3.51584	1.942949
18402	-1813.802	-2095.235	281.4324	0.660914	0.10808	0.217053	0.013953	1.239589	1.045849	3.994983	1.64594
18408	-1821.25	-2101.83	280.5799	0.660914	0.10808	0.217053	0.013953	1.239589	1.142495	4.501833	1.482451
18414	-1813.782	-2093.672	279.8901	0.761291	0.109237	0.106452	0.0230207	1.239589	1.101107	4.501833	2.441259
18420	-1796.075	-2079.175	283.1003	0.814371	0.0656138	0.0508609	0.0691542	1.124597	1.378051	2.743205	1.944097
18426	-1801.97	-2083.95	281.9792	0.683519	0.202514	0.0602578	0.0537095	1.10452	1.383374	3.418991	1.949111
18432	-1796.656	-2075.3	278.6437	0.527286	0.280735	0.0280675	0.163912	1.208217	1.181602	4.988607	2.949606
18438	-1801.522	-2083.774	282.2526	0.449797	0.4553	0.0272098	0.0676941	1.340832	1.318107	3.466103	1.334417
18444	-1801.128	-2083.673	282.5451	0.67619	0.212995	0.0626764	0.0481381	1.377206	1.398282	2.994014	1.797472
18450	-1813.557	-2095.048	281.491	0.724974	0.147588	0.0512463	0.0761914	2.136644	1.458293	3.222378	1.797472
18456	-1811.809	-2093.42	281.6108	0.613057	0.109777	0.207262	0.0699046	1.148208	1.282303	3.525637	2.284597
18462	-1809.592	-2088.44	278.8487	0.603582	0.074236	0.20185	0.120332	1.185973	0.8810221	5.509339	1.758564
18468	-1807.843	-2087.543	279.6998	0.535372	0.198971	0.122712	0.142944	1.134351	1.038239	4.979236	1.758564
18474	-1819.261	-2101.046	281.7844	0.521751	0.193909	0.145032	0.139308	1.076573	0.9768328	4.026499	1.432124
18480	-1811.09	-2092.029	280.9391	0.641413	0.124646	0.0669705	0.16697	1.412976	1.148079	4.010414	1.90485
18486	-1825.147	-2105.981	280.8344	0.533297	0.235166	0.0799318	0.151605	1.412976	1.236219	4.010414	1.92646
18492	-1807.117	-2090.117	283.0005	0.434751	0.368423	0.0679487	0.128877	0.8667073	1.33333	3.277766	1.354082
18498	-1818.089	-2099.6	281.5113	0.483187	0.372565	0.0807509	0.063497	0.8879892	1.33333	4.225107	1.166693
18504	-1804.087	-2086.763	282.6767	0.308212	0.593926	0.00799627	0.0898655	1.004337	1.354189	3.404391	1.296397
18510	-1808.059	-2091.548	283.4891	0.297727	0.520159	0.162342	0.0197715	1.343921	1.396024	2.845787	1.045133
18516	-1816.591	-2099.676	283.0852	0.527425	0.319462	0.0984576	0.0546552	1.343921	1.404307	2.846985	1.469387
18522	-1813.544	-2095.803	282.2588	0.608618	0.203422	0.128098	0.0598618	1.073401	1.546999	3.18035	1.938741
18528	-1812.877	-2094.496	281.6194	0.623004	0.204985	0.134428	0.0375829	1.07928	1.356918	3.911543	1.413017
18534	-1793.322	-2075.864	282.5422	0.525464	0.279033	0.166251	0.0292523	1.07928	1.26276	3.582097	1.133833
18540	-1797.192	-2079.635	282.4436	0.391507	0.310965	0.253254	0.0442738	1.197805	1.238107	3.776438	0.809506
18546	-1803.65	-2086.442	282.792	0.474192	0.37664	0.104555	0.0446129	0.9102161	1.224448	3.629178	1.008037
18552	-1807.133	-2088.064	280.9303	0.36749	0.532789	0.0506656	0.0490554	0.9807486	1.421053	4.479666	1.112855
18558	-1820.231	-2102.399	282.1684	0.392317	0.432431	0.135438	0.0398151	1.390899	1.320727	3.505232	1.300967
18564	-1803.699	-2086.895	283.1956	0.593972	0.173714	0.13482	0.097494	1.430143	1.501608	2.667438	1.480102
18570	-1809.675	-2091.843	282.1683	0.583911	0.288613	0.0326931	0.094783	1.469739	1.584615	3.047899	1.821427
18576	-1801.396	-2083.487	282.0911	0.605344	0.203357	0.0603355	0.130964	1.469739	1.50638	2.714955	2.835175
18582	-1795.322	-2077.504	282.1823	0.733846	0.0162727	0.0756797	0.174201	1.367652	1.296759	3.173008	2.022323
18588	-1804.837	-2085.341	280.5035	0.675747	0.018294	0.169655	0.136303	1.894882	1.075009	4.073444	1.904929
18594	-1801.431	-2083.101	281.6692	0.718862	0.170115	0.0248847	0.0861385	1.250793	1.222215	3.674885	1.810658
18600	-1815.109	-2095.749	280.6396	0.604009	0.287935	0.0278938	0.080162	1.139108	1.350603	4.288478	1.727953
18606	-1819.246	-2101.588	282.341	0.70654	0.219256	0.0131628	0.0610414	1.528736	1.294533	3.299287	1.394723
18612	-1816.111	-2099.297	283.1861	0.643086	0.157541	0.113173	0.0862007	1.492807	1.786116	2.209748	1.970984
18618	-1806.256	-2088.724	282.4679	0.590804	0.304556	0.0489947	0.0556452	1.609771	1.441811	2.788506	2.02174
18624	-1828.113	-2111.484	283.3708	0.617831	0.203351	0.155568	0.0232503	1.207161	1.594798	2.718775	1.312655
18630	-1828.125	-2108.653	280.5286	0.5578	0.225472	0.199144	0.0175831	1.255073	1.225181	4.484185	1.465932
18636	-1825.514	-2105.011	279.4968	0.769349	0.154561	0.0567007	0.019389	1.535938	1.182303	4.614278	2.220922
18642	-1832.352	-2110.221	277.8691	0.630609	0.17168	0.118422	0.0792893	1.905674	1.364281	5.377987	1.912142
18648	-1808.162	-2088.562	280.3994	0.798848	0.0601744	0.0405351	0.100443	1.533198	1.28715	3.910654	2.567817
18654	-1800.516	-2081.124	280.6088	0.727449	0.11064	0.0465539	0.115357	1.533198	1.337849	3.771806	2.539642
18660	-1812.824	-2094.195	281.3713	0.69166	0.146224	0.0968074	0.0653091	1.124465	1.420681	3.539765	2.429546
18666	-1807.711	-2087.876	280.1651	0.819828	0.0872045	0.00951127	0.083456	2.037135	1.291416	3.865165	2.429546
18672	-1805.017	-2086.342	281.3248	0.732871	0.201478	0.00839455	0.0572564	0.984744	1.454985	3.470282	2.845792
18678	-1817.257	-2099.646	282.389	0.80254	0.118442	0.0102608	0.0687564	1.677774	1.276058	3.071622	1.663055
18684	-1806.938	-2088.14	281.2024	0.680926	0.154304	0.0101823	0.154588	1.310369	1.335802	3.987193	1.513569
18690	-1811.242	-2090.924	279.6821	0.643378	0.166871	0.00816968	0.181581	2.306272	1.22675	4.270636	1.932403
18696	-1804.944	-2082.293	277.3494	0.701337	0.181904	0.00148198	0.115277	2.784843	0.9433637	5.629689	1.752009
18702	-1796.961	-2074.888	277.927	0.625281	0.216059	0.0205183	0.138142	4.472741	1.06357	4.669749	1.915472
18708	-1792.732	-2073.306	280.5734	0.753705	0.0550473	0.0247325	0.166515	4.22071	1.453904	3.025642	1.834632
18714	-1797.816	-2078.934	281.118	0.766695	0.0388037	0.0655484	0.128953	2.403148	1.39284	3.418838	1.694838
18720	-1797.171	-2080.026	282.8547	0.819528	0.0414776	0.0700654	0.0689285	1.300198	1.264064	2.979149	1.696833
18726	-1800.476	-2082.385	281.9095	0.761729	0.0388118	0.129389	0.0700697	1.945456	1.329029	2.979149	2.14184
18732	-1820.527	-2103.122	282.5945	0.758932	0.0406405	0.128914	0.0715142	1.91982	1.530267	2.442	2.154021
18738	-1806.131	-2090.562	284.431	0.709458	0.104408	0.0886825	0.0974513	0.9403181	1.713674	1.803466	1.913083
18744	-1804.526	-2087.64	283.1145	0.56111	0.292948	0.0701389	0.0758039	1.415583	1.703459	2.550589	1.574752
18750	-1806.546	-2087.515	280.9693	0.622443	0.215514	0.104094	0.0579497	1.415583	1.189887	3.569935	2.915991
18756	-1808.564	-2089.678	281.1144	0.594369	0.190053	0.0755088	0.14007	1.306938	1.349327	3.569935	2.587723
18762	-1797.097	-2076.819	279.7215	0.695453	0.0712518	0.0354507	0.197845	1.292993	1.212175	4.451725	2.587723
18768	-1804.88	-2086.63	281.7497	0.666889	0.220448	0.0339946	0.0786682	1.462453	1.227831	3.685058	1.456335
18774	-1808.274	-2090.676	282.4027	0.777621	0.0325337	0.124994	0.064851	1.707598	1.427723	2.798035	1.999213
18780	-1823.917	-2107.524	283.6068	0.476688	0.27931	0.061558	0.182443	1.392457	1.463957	2.586074	1.248071
18786	-1827.944	-2109.591	281.6465	0.529818	0.251107	0.0550548	0.164021	2.345391	1.467336	3.428962	1.048081
18792	-1812.147	-2096.883	284.7359	0.445415	0.357789	0.0589042	0.137891	1.159239	1.523965	1.914939	1.321861
18798	-1798.354	-2082.68	284.3262	0.483169	0.388115	0.0212054	0.107511	1.186864	1.630251	2.03911	1.424103
18804	-1795.751	-2079.103	283.3514	0.338244	0.568377	0.0556375	0.0377418	0.2112599	1.305577	3.490021	1.200613
18810	-1804.314	-2084.922	280.6086	0.439255	0.383198	0.165458	0.012089	0.1586341	1.282315	4.804068	1.643792
18816	-1810.127	-2091.394	281.2666	0.4663	0.341959	0.144092	0.0476489	0.1754147	1.323492	4.588588	1.316455
18822	-1814.148	-2097.009	282.8609	0.146999	0.545729	0.198167	0.109106	0.1999452	1.370742	3.821418	1.040303
18828	-1827.009	-2110.161	283.152	0.384562	0.432971	0.0363526	0.146115	0.1999452	1.480331	3.228308	1.730031
18834	-1797.113	-2081.628	284.5153	0.54408	0.356908	0.0372544	0.0617578	0.1699138	1.637557	2.52477	1.271432
18840	-1812.125	-2094.454	282.3298	0.365907	0.542089	0.03535	0.0566537	0.1604425	1.65649	3.508399	1.875097
18846	-1789.087	-2072.237	283.15	0.329663	0.519231	0.100065	0.051042	0.1984429	1.305262	3.681712	1.057827
18852	-1803.8	-2087.625	283.8251	0.322414	0.532757	0.0949089	0.0499197	0.1463	1.486669	2.925019	1.423289
18858	-1804.867	-2086.328	281.4611	0.529933	0.346204	0.0970733	0.0267898	0.1463	1.469108	4.136288	1.788321
18864	-1808.272	-2091.065	282.7933	0.643188	0.264596	0.074191	0.0180254	0.1463	1.469697	3.366999	1.788321
18870	-1823.299	-2107.118	283.8191	0.773983	0.0818664	0.0151066	0.129044	1.333056	1.587876	1.798352	2.422959
18876	-1818.324	-2102.675	284.351	0.660355	0.165513	0.0305415	0.143591	1.461867	1.667804	1.672779	1.685928
18882	-1820.476	-2105.601	285.1243	0.438366	0.431801	0.0436062	0.0862261	1.234453	1.723219	1.585093	1.121292
18888	-1803.514	-2088.633	285.1189	0.322759	0.517122	0.0961771	0.0639421	1.47523	1.730026	1.585093	0.9021798
18894	-1808.334	-2092.786	284.452	0.599769	0.275067	0.0989714	0.026193	1.199121	1.719487	1.822618	1.532518
18900	-1813.636	-2097.941	284.3046	0.557201	0.255544	0.137953	0.0493023	1.238093	1.762477	1.786483	1.676037
18906	-1816.161	-2099.654	283.4926	0.544599	0.376168	0.062558	0.0166752	1.610622	1.663996	2.410654	1.255228
18912	-1822.802	-2104.26	281.4577	0.540286	0.379731	0.0631504	0.0168331	2.542398	1.419586	3.316999	1.360513
18918	-1822.892	-2106.489	283.5976	0.467761	0.467015	0.0445216	0.0207024	1.423909	1.681668	2.373633	1.360513
18924	-1797.574	-2082.091	284.5162	0.595231	0.30948	0.0712272	0.0240619	1.178246	1.616238	2.118071	1.112845
18930	-1790.524	-2075.385	284.8607	0.51983	0.33711	0.0867721	0.0562874	1.264631	1.936842	1.489432	1.281408
18936	-1796.613	-2081.167	284.5537	0.51983	0.33711	0.0867721	0.0562874	1.405665	1.500688	2.113466	0.9874396
18942	-1802.128	-2086.616	284.4873	0.419326	0.335123	0.180571	0.0649803	1.19938	1.782072	2.113466	0.9614358
18948	-1806.112	-2087.737	281.6249	0.542173	0.205303	0.165273	0.0872511	1.504736	1.672585	3.506233	1.401055
18954	-1815.822	-2097.38	281.5585	0.764854	0.148028	0.0743279	0.0127902	1.504736	1.459343	3.244754	2.327782
18960	-1814.79	-2096.148	281.3576	0.709398	0.0745864	0.204153	0.0118628	1.62169	1.197656	3.440261	2.372846
18966	-1809.824	-2090.317	280.4933	0.520117	0.238787	0.149681	0.0914149	1.366817	1.207923	4.613728	1.159047
18972	-1823.502	-2103.232	279.7298	0.498398	0.263862	0.206552	0.0311886	1.240062	1.01845	4.960684	1.663699
18978	-1816.221	-2095.198	278.9771	0.648087	0.0427698	0.268587	0.0405558	1.713573	1.193036	4.87083	2.085558
18984	-1808.455	-2088.72	280.2643	0.725424	0.0367653	0.23088	0.00693072	1.970019	1.128585	4.096157	2.021409
18990	-1803.456	-2084.555	281.0997	0.727168	0.0162419	0.231435	0.025155	1.082882	1.273205	4.063062	1.813924
18996	-1805.931	-2085.469	279.5379	0.772922	0.00991115	0.127719	0.0894475	2.053849	1.169858	4.284878	2.429502
19002	-1804.662	-2084.36	279.6981	0.817916	0.0104881	0.0769415	0.0946545	1.619729	1.195722	4.372404	2.429502
19008	-1815.885	-2096.69	280.8049	0.683357	0.00610787	0.13924	0.171295	1.348745	0.9766792	4.055007	2.293528
19014	-1809.11	-2089.939	280.8288	0.701622	0.0168705	0.136494	0.145013	1.577578	1.270937	3.887725	1.983048
19020	-1821.613	-2102.2	280.5871	0.74013	0.0146932	0.118878	0.126298	1.371516	1.049687	4.382641	1.69246
19026	-1813.739	-2093.905	280.1655	0.7748	0.120422	0.0365562	0.0682219	1.33046	1.122334	4.34113	2.302428
19032	-1801.882	-2082.82	280.938	0.66269	0.212596	0.0344153	0.0902988	1.516877	1.278425	3.934615	1.793187
19038	-1796.376	-2077.248	280.8719	0.620429	0.199038	0.0322206	0.148312	1.73741	1.1623	3.926413	1.809874
19044	-1802.4	-2085.633	283.2324	0.563445	0.165219	0.0481198	0.223216	1.208441	1.421006	2.598381	1.918579
19050	-1800.166	-2083.327	283.1609	0.656604	0.20206	0.0641301	0.0772056	0.8158652	1.421006	2.638747	2.472952
19056	-1788.11	-2071.735	283.6249	0.684734	0.18692	0.0569246	0.071421	1.115825	1.504999	2.411969	1.803308
19062	-1803.811	-2086.913	283.1018	0.730075	0.01367	0.055273	0.200982	1.855242	1.681303	1.984414	2.293918
19068	-1805.651	-2088.646	282.9944	0.652768	0.0248256	0.201108	0.121298	1.880441	1.69927	1.9288	2.518317
19074	-1818.934	-2102.385	283.4513	0.665665	0.0225328	0.117853	0.19395	1.457178	1.628273	1.787591	2.780122
19080	-1809.059	-2091.046	281.9863	0.423597	0.330968	0.144918	0.100518	1.03573	1.45776	3.647043	1.451855
19086	-1812.747	-2094.668	281.9212	0.43027	0.336182	0.131447	0.102101	1.244738	1.444788	3.575817	1.451855
19092	-1806.616	-2090.299	283.6826	0.564556	0.34526	0.045605	0.0445792	1.22677	1.538556	2.66089	1.121189
19098	-1806.402	-2089.778	283.3754	0.327409	0.590855	0.0413326	0.0404028	1.193226	1.488727	2.597333	1.673137
19104	-1808.119	-2092.472	284.3526	0.552366	0.208649	0.156283	0.0827022	1.334032	1.510342	1.956724	1.516843
19110	-1799.488	-2082.295	282.8067	0.635119	0.155666	0.1633	0.0459146	1.398682	1.510342	2.690756	1.934951
19116	-1808.691	-2092.32	283.629	0.670591	0.2168	0.0164875	0.096122	1.496684	1.425835	2.585871	1.168295
19122	-1811.717	-2095.176	283.4592	0.417598	0.306581	0.0933208	0.182501	1.352555	1.493209	2.300858	1.973265
19128	-1808.201	-2090.783	282.582	0.675758	0.220559	0.0430241	0.0606584	1.325296	1.493209	2.68067	2.383824
19134	-1822.631	-2105.037	282.4058	0.716241	0.173866	0.0456016	0.0642923	1.442918	1.507219	2.68067	2.468357
19140	-1808.725	-2091.308	282.5836	0.647349	0.16002	0.0799341	0.112697	1.137116	1.448877	3.085507	1.773326
19146	-1810.55	-2092.215	281.6651	0.628082	0.177269	0.104605	0.0900443	1.326416	1.435368	3.758363	1.312069
19152	-1790.415	-2073.346	282.9313	0.645887	0.166454	0.121247	0.0664108	1.546334	1.371211	2.937499	1.312069
19158	-1801.545	-2083.615	282.0704	0.422152	0.337943	0.21457	0.0253347	1.434047	1.317728	3.546493	1.292306
19164	-1803.501	-2085.444	281.943	0.373716	0.472251	0.139504	0.0145289	0.971594	1.526088	3.900067	1.023305
19170	-1796.527	-2079.207	282.6803	0.457019	0.45899	0.0770125	0.00697811	1.060993	1.258036	3.311043	1.516613
19176	-1793.73	-2076.866	283.1366	0.513441	0.389041	0.0820967	0.0154214	0.8569232	1.469934	3.329808	0.985562
19182	-1799.317	-2078.422	279.1047	0.458735	0.372719	0.160105	0.00844076	1.31118	1.262948	5.042178	1.874348
19188	-1797.511	-2078.146	280.6341	0.573514	0.272493	0.0377123	0.116281	1.120279	1.214508	4.313286	1.874348
19194	-1803.404	-2084.552	281.1481	0.670076	0.183623	0.0590952	0.087205	0.9180267	1.2627	4.348077	1.367682
19200	-1803.833	-2085.117	281.2834	0.5045	0.27585	0.114127	0.105523	1.11149	1.171704	4.170731	1.453602
19206	-1805.224	-2087.551	282.3273	0.619248	0.186394	0.0637637	0.130594	0.8718049	1.361285	3.193599	2.349759
19212	-1806.151	-2087.071	280.9197	0.508935	0.219	0.0658023	0.206262	1.524024	1.377943	3.880574	1.801872
19218	-1812.498	-2093.804	281.3059	0.818997	0.041003	0.0337735	0.106227	1.600044	1.279431	3.439155	2.358073
19224	-1814.192	-2093.739	279.5467	0.694194	0.134967	0.0630447	0.107795	1.943383	1.307347	4.240375	2.452105
19230	-1814.889	-2096.695	281.8063	0.529626	0.26817	0.0837675	0.118437	2.030771	1.730669	3.136854	1.363914
19236	-1805.847	-2088.814	282.9666	0.444399	0.439778	0.0704484	0.0453745	1.329765	1.385738	3.087037	1.194697
19242	-1819.303	-2101.858	282.5547	0.550153	0.363468	0.0153973	0.0709815	2.833607	1.569682	2.536836	1.207367
19248	-1800.614	-2082.389	281.7751	0.493801	0.301122	0.0719042	0.133173	1.711702	1.374888	3.480789	1.421505
19254	-1809.141	-2092.098	282.9564	0.632936	0.067776	0.104936	0.194352	1.127241	1.430052	2.524353	2.573187
19260	-1800.816	-2082.976	282.1603	0.607697	0.017734	0.353372	0.0211968	2.511305	1.527316	2.768391	1.504433
19266	-1799.153	-2081.976	282.8232	0.74879	0.0167612	0.214415	0.0200341	1.970662	1.492956	2.389051	1.956773
19272	-1796.874	-2080.753	283.8792	0.678335	0.0200679	0.259294	0.0423024	1.231199	1.464393	2.341521	1.544841
19278	-1813.103	-2096.786	283.6824	0.475234	0.313471	0.181659	0.0296366	1.285496	1.566389	2.250872	1.770833
19284	-1819.589	-2101.879	282.2901	0.426736	0.238498	0.304472	0.0302931	1.67695	1.338553	3.122649	1.604585
19290	-1817.167	-2098.474	281.3064	0.620706	0.0393218	0.132593	0.207379	1.680543	1.2894	3.503513	2.094188
19296	-1815.884	-2098.689	282.8051	0.50232	0.144004	0.301885	0.0517917	0.8659676	1.496305	3.157883	1.62642
19302	-1815.536	-2099.614	284.0783	0.578346	0.262377	0.147831	0.0114451	0.7054505	1.50779	2.733177	1.16458
19308	-1808.234	-2092.495	284.261	0.53993	0.30702	0.149322	0.00372747	1.120668	1.562917	2.12097	1.506175
19314	-1805.21	-2087.445	282.2357	0.424982	0.479637	0.092443	0.00293748	1.467672	1.319215	3.363196	1.422651
19320	-1805.788	-2087.251	281.463	0.627609	0.278242	0.0818195	0.0123291	2.183614	1.559625	3.37646	1.360665
19326	-1792.073	-2073.838	281.7647	0.657169	0.298957	0.032558	0.0113159	4.232298	1.46206	2.151456	2.101668
19332	-1808.734	-2089.455	280.7203	0.740369	0.197675	0.0313173	0.0306384	4.232298	1.387017	2.802023	2.21609
19338	-1801.996	-2084.116	282.1194	0.455903	0.432928	0.0618067	0.0493622	1.287061	1.348848	3.54173	1.358594
19344	-1800.894	-2081.738	280.8438	0.380158	0.361001	0.21768	0.0411611	1.467348	1.207318	4.419815	1.062085
19350	-1793.972	-2074.505	280.5327	0.475368	0.200965	0.272197	0.0514698	1.51487	1.303438	4.233812	1.617302
19356	-1807.712	-2087.207	279.4957	0.441683	0.137639	0.385427	0.0352511	1.778813	1.319166	4.304135	2.534498
19362	-1796.358	-2078.804	282.4461	0.433304	0.359171	0.195747	0.0117778	1.267314	1.395478	3.484167	1.085076
19368	-1801.247	-2083.598	282.3511	0.430307	0.415801	0.142196	0.0116963	1.267314	1.442348	3.558487	1.004611
19374	-1801.031	-2082.251	281.2195	0.61566	0.269969	0.10492	0.00945087	1.437747	1.335559	3.723393	1.917962
19380	-1798.582	-2079.096	280.5135	0.637151	0.173856	0.12571	0.0632832	1.60269	1.254751	4.093453	1.917962
19386	-1793.635	-2074.436	280.8012	0.572668	0.27076	0.120529	0.0360428	1.329122	1.349432	4.093453	1.735008
19392	-1794.521	-2075.788	281.2673	0.59075	0.31735	0.049655	0.0422448	1.329122	1.547996	3.843777	1.462702
19398	-1792.015	-2073.8	281.7851	0.505606	0.271611	0.06704	0.155743	1.329122	1.343867	3.354812	2.126822
19404	-1796.362	-2078.962	282.6004	0.650002	0.0981749	0.0820656	0.169757	1.15369	1.25724	3.232886	1.663241
19410	-1785.112	-2066.038	280.9251	0.606662	0.0916288	0.143271	0.158438	1.272812	1.300782	3.931622	2.071654
19416	-1798.3	-2077.178	278.8777	0.603414	0.0923855	0.144454	0.159746	1.473196	1.326656	4.76637	2.599046
19422	-1786.633	-2065.16	278.5264	0.574236	0.0814037	0.181605	0.162756	1.141441	1.031533	5.638693	1.732056
19428	-1795.026	-2072.668	277.6416	0.581873	0.095207	0.13828	0.18464	2.328564	1.135769	5.481338	1.860074
19434	-1806.159	-2082.265	276.106	0.661446	0.108227	0.0204372	0.20989	1.950088	1.115242	6.255155	2.43266
19440	-1826.68	-2103.166	276.4859	0.683628	0.0275632	0.0718806	0.216929	1.612173	1.173025	6.355932	1.939468
19446	-1809.689	-2090.217	280.5286	0.766751	0.109411	0.0422574	0.0815802	2.054078	1.266003	3.7046	2.324353
19452	-1810.226	-2090.835	280.6092	0.732796	0.0474531	0.120855	0.0988963	1.746024	1.140845	3.840147	2.392896
19458	-1823.962	-2101.978	278.0162	0.792876	0.0513436	0.0604189	0.0953619	2.066408	1.152292	4.669829	3.875048
19464	-1829.04	-2107.926	278.8867	0.811432	0.0530475	0.0369941	0.0985265	1.772365	1.254258	4.385521	3.421615
19470	-1827.383	-2107.669	280.2862	0.398378	0.466409	0.00263179	0.132581	0.772917	1.004796	4.700798	2.169277
19476	-1815.968	-2095.884	279.9159	0.479697	0.368698	0.006651	0.144954	2.037475	1.153536	4.245818	2.033938
19482	-1811.402	-2093.582	282.18	0.418248	0.414853	0.00379839	0.163101	2.010524	1.409309	2.685932	2.257855
19488	-1807.941	-2088.85	280.9092	0.396351	0.489343	0.00414408	0.110162	1.66422	1.364678	3.636664	2.241965
19494	-1805.252	-2088.375	283.1231	0.479468	0.405434	0.0357529	0.0793456	0.8144552	1.346636	3.027739	1.753056
19500	-1805.911	-2088.864	282.9525	0.645503	0.20389	0.0724693	0.0781383	0.9826572	1.583034	2.58442	2.418121
19506	-1819.015	-2102.047	283.0321	0.529667	0.331026	0.0899433	0.049364	1.297609	1.537949	2.720725	1.668996
19512	-1832.724	-2114.519	281.7953	0.570036	0.196501	0.126313	0.10715	1.417462	1.252714	3.489829	1.824408
19518	-1817.467	-2100.612	283.1448	0.516023	0.36235	0.0246297	0.0969967	1.19222	1.560861	2.757554	1.551961
19524	-1811.553	-2094.14	282.5862	0.486241	0.311198	0.0232082	0.179353	1.20335	1.506327	3.120705	1.551961
19530	-1816.768	-2098.948	282.1805	0.591008	0.257403	0.122109	0.0294798	1.35405	1.360679	3.301806	1.67988
19536	-1824.84	-2108.381	283.5412	0.556476	0.268023	0.0160226	0.159478	1.289334	1.518327	2.541504	1.443179
19542	-1818.577	-2101.077	282.5	0.667291	0.203874	0.00752558	0.121309	1.289334	1.502733	2.501732	3.000577
19548	-1812.709	-2095.614	282.9048	0.783852	0.0648087	0.00884013	0.142499	1.411561	1.309715	2.731767	1.966732
19554	-1823.842	-2106.586	282.7446	0.661358	0.165312	0.00712696	0.166203	1.476839	1.239071	2.779086	2.095751
19560	-1812.791	-2094.467	281.6757	0.695742	0.219401	0.0353406	0.0495166	1.064798	1.361554	2.943597	3.825774
19566	-1812.107	-2091.923	279.816	0.710744	0.209097	0.0314777	0.0486812	1.807695	1.343568	3.386443	4.825339
19572	-1810.561	-2091.813	281.2517	0.698057	0.146943	0.0221209	0.132879	3.126779	1.341909	2.865608	2.208963
19578	-1811.155	-2090.722	279.5665	0.657168	0.157869	0.0325599	0.152403	1.708232	0.981334	4.612207	2.208963
19584	-1799.693	-2080.298	280.605	0.768473	0.0438236	0.0878766	0.0998263	2.350912	1.140164	3.809229	1.856377
19590	-1817.505	-2098.248	280.7429	0.442823	0.281191	0.082857	0.193129	2.098765	1.220555	3.846829	1.724696
19596	-1800.736	-2083.697	282.9607	0.271407	0.559441	0.0507831	0.118369	1.266639	1.422721	3.165746	1.08483
19602	-1796.686	-2080.036	283.3498	0.547397	0.279161	0.129838	0.0436036	0.9515453	1.383332	3.073213	1.200576
19608	-1812.452	-2094.38	281.9274	0.486622	0.370683	0.0599332	0.0827622	0.8408879	1.374394	3.871516	1.396259
19614	-1819.346	-2102.359	283.0132	0.175839	0.619115	0.158197	0.046849	0.8264448	1.407507	3.481197	0.9450583
19620	-1800.57	-2081.843	281.273	0.484248	0.302911	0.163965	0.0488761	1.789561	1.048803	4.211502	0.8928674
19626	-1808.882	-2089.692	280.8095	0.585866	0.210885	0.018286	0.184963	1.457258	1.135322	3.958574	2.165522
19632	-1816.35	-2097.972	281.6217	0.633522	0.226435	0.0360084	0.104035	1.042308	1.104561	3.762469	2.091077
19638	-1809.03	-2089.322	280.2928	0.669515	0.128726	0.0497818	0.151978	1.899476	1.371349	4.181398	1.559559
19644	-1806.241	-2086.815	280.5736	0.571106	0.139005	0.194877	0.0950115	1.333602	1.306832	4.00996	2.2846
19650	-1811.852	-2091.768	279.9158	0.5968	0.164425	0.173328	0.0654465	1.217467	1.229958	4.652737	1.883532
19656	-1809.637	-2091.666	282.0291	0.58629	0.181959	0.116017	0.115733	1.138389	1.244853	3.718679	1.39086
19662	-1820.159	-2104.587	284.4275	0.449702	0.348609	0.11005	0.0916391	1.219532	1.586167	2.372731	0.8002154
19668	-1814.192	-2097.404	283.2115	0.53582	0.265711	0.101927	0.0965423	1.202208	1.527532	2.601115	1.810421
19674	-1823.099	-2105.97	282.8713	0.52491	0.320924	0.0190514	0.135115	1.097157	1.414253	3.059523	1.56522
19680	-1816.721	-2098.26	281.5391	0.690231	0.109124	0.10477	0.0958742	1.361514	1.360732	3.844741	1.332911
19686	-1814.725	-2096.044	281.319	0.721103	0.098249	0.094329	0.0863195	1.651201	1.400765	3.464238	2.050029
19692	-1820.665	-2101.237	280.5722	0.531631	0.15106	0.240042	0.0772665	1.921494	1.280548	4.02212	1.648243
19698	-1816.785	-2097.588	280.8033	0.553679	0.201898	0.141153	0.10327	1.379182	1.228674	4.175539	1.648243
19704	-1832.247	-2112.952	280.7054	0.664236	0.196032	0.0286372	0.111095	1.132147	0.9916396	4.291583	2.111457
19710	-1828.318	-2110.122	281.8036	0.501796	0.298572	0.133335	0.0662969	0.8432234	1.099645	4.205485	1.190261
19716	-1815.683	-2098.717	283.0345	0.511713	0.304473	0.146779	0.0370353	1.154298	1.358901	3.162378	1.190261
19722	-1814.802	-2096.003	281.2006	0.603925	0.313389	0.061874	0.0208121	1.997614	1.221142	3.860421	1.254899
19728	-1810.267	-2092.257	281.9901	0.492738	0.255691	0.0820946	0.169476	1.224729	1.124653	3.915855	1.105514
19734	-1806.683	-2089.975	283.2912	0.5463	0.363081	0.0828977	0.00772107	1.485031	1.630509	2.548619	1.388757
19740	-1813.274	-2096.405	283.1309	0.660541	0.147003	0.168359	0.0240964	1.202432	1.330323	2.889552	1.572739
19746	-1803.802	-2084.791	280.9883	0.612866	0.270053	0.0810518	0.0360288	2.57274	1.410415	3.432155	1.665762
19752	-1808.69	-2090.446	281.7564	0.562345	0.258384	0.0943009	0.0849699	0.9596823	1.100456	3.888833	1.742558
19758	-1822.407	-2102.414	280.0073	0.598529	0.080829	0.167065	0.153577	1.409592	1.232839	4.188948	2.669832
19764	-1806.824	-2088.655	281.8305	0.591166	0.124115	0.223053	0.0616649	1.24133	1.31447	3.540371	1.794183
19770	-1808.361	-2089.178	280.8171	0.740506	0.17175	0.034373	0.0533706	1.585543	1.180409	3.814497	2.290228
19776	-1808.213	-2090.278	282.0643	0.583342	0.134977	0.110347	0.171334	2.023505	1.401211	3.212199	1.30865
19782	-1816.412	-2098.164	281.7523	0.604442	0.233207	0.0478317	0.114519	0.9107101	1.055225	4.082403	1.456926
19788	-1795.215	-2078.053	282.8372	0.545358	0.301035	0.0609302	0.0926766	1.18168	1.325423	3.117161	1.500958
19794	-1799.521	-2082.508	282.9863	0.487117	0.37568	0.0544232	0.0827793	1.264477	1.391906	3.235662	0.9731056
19800	-1818.049	-2101.39	283.3402	0.450319	0.382304	0.0463233	0.121054	1.739719	1.609837	2.564337	1.10258
19806	-1807.409	-2090.608	283.1986	0.41075	0.513214	0.042253	0.0337821	0.7268005	1.368549	3.274377	1.265317
19812	-1809.825	-2091.392	281.5665	0.456623	0.502972	0.035195	0.00521007	1.476555	1.181435	3.991177	1.113786
19818	-1801.213	-2082.364	281.1508	0.553434	0.276541	0.0885256	0.0814993	1.695268	1.308066	4.068261	1.082933
19824	-1786.555	-2067.957	281.4021	0.486838	0.264785	0.128768	0.119609	1.47197	1.126838	3.920067	1.493249
19830	-1801.285	-2081.339	280.0537	0.54103	0.298616	0.00523025	0.155124	2.001658	1.111931	4.321912	1.769615
19836	-1799.399	-2080.192	280.7936	0.479651	0.327013	0.0150485	0.178287	1.160501	1.163139	4.321912	1.671372
19842	-1816.927	-2095.894	278.9671	0.6791	0.196073	0.0816592	0.0431681	3.510621	1.297478	4.62577	1.092541
19848	-1813.014	-2093.155	280.1409	0.607981	0.281655	0.0113152	0.0990481	1.702994	1.178471	4.693681	1.10902
19854	-1820.05	-2101.394	281.3437	0.544354	0.244608	0.00982682	0.201212	1.273257	0.9682029	4.214144	1.356403
19860	-1816.657	-2096.964	280.3073	0.516176	0.262379	0.0755124	0.145933	1.170366	1.327023	4.254302	2.239349
19866	-1823.213	-2104.304	281.0915	0.553778	0.281492	0.0813074	0.0834231	1.170366	1.160731	4.385941	1.196395
19872	-1812.927	-2094.912	281.9851	0.423124	0.389992	0.0181649	0.16872	0.9969605	1.210267	4.093948	0.9328776
19878	-1813.746	-2096.337	282.5909	0.492858	0.285659	0.0896078	0.131876	0.9714216	1.362223	3.558123	1.134047
19884	-1810.944	-2094.345	283.4009	0.460047	0.333214	0.0836425	0.123097	1.015396	1.362223	3.146644	0.9775454
19890	-1802.288	-2085.229	282.9416	0.361229	0.4806	0.0639926	0.094178	1.015396	1.417141	3.393039	0.9647078
19896	-1805.515	-2088.844	283.3295	0.486019	0.337999	0.0860994	0.0898826	1.015396	1.457711	2.94276	1.307551
19902	-1802.647	-2086.611	283.9637	0.518345	0.360481	0.0450109	0.0761636	0.9057031	1.45601	2.640704	1.279352
19908	-1801.362	-2084.486	283.1243	0.529417	0.335143	0.0372329	0.0982072	1.327876	1.481377	2.788719	1.462722
19914	-1800.619	-2084.26	283.6415	0.708094	0.149179	0.049799	0.0929281	1.070227	1.870166	2.410716	1.403099
19920	-1802.657	-2085.38	282.7225	0.604775	0.277856	0.0920888	0.0252798	1.521256	1.607052	3.090205	1.038132
19926	-1808.04	-2090.529	282.4885	0.400225	0.430044	0.142528	0.0272032	1.503936	1.434665	3.339628	1.038132
19932	-1801.788	-2083.748	281.9601	0.483888	0.301484	0.169233	0.0453954	1.140777	1.423633	3.621985	1.453082
19938	-1817.541	-2099.572	282.0303	0.483888	0.301484	0.169233	0.0453954	1.278908	1.461873	3.497063	1.426147
19944	-1811.218	-2091.963	280.7447	0.649094	0.165615	0.1461	0.0391903	1.695065	1.157668	4.127879	1.580915
19950	-1811.511	-2092.523	281.0118	0.587836	0.195093	0.124259	0.0928126	1.293085	1.316108	4.102601	1.541341
19956	-1807.292	-2088.816	281.5243	0.515617	0.221968	0.184546	0.0778694	0.9906539	1.19681	3.94186	1.757614
19962	-1805.45	-2088.62	283.1693	0.50234	0.265364	0.183844	0.0484521	1.114883	1.331019	2.966414	1.475801
19968	-1808.872	-2091.937	283.0651	0.640714	0.208847	0.115474	0.0349649	1.210924	1.445376	2.966414	1.360659
19974	-1813.249	-2096.338	283.0891	0.550024	0.179286	0.099129	0.171561	1.44835	1.634713	2.706097	1.360659
19980	-1804.623	-2086.072	281.449	0.700521	0.0459516	0.0637827	0.189745	1.809094	1.342867	3.284071	2.197454
19986	-1790.274	-2072.629	282.3544	0.72166	0.0948104	0.0925734	0.0909559	1.323717	1.553956	3.108611	1.663301
19992	-1806.735	-2088.313	281.5782	0.691288	0.106339	0.133811	0.0685616	1.751718	1.553956	3.461796	1.441921
19998	-1808.418	-2090.41	281.9913	0.6275	0.184725	0.138734	0.0490416	1.563299	1.511104	3.207096	1.699927
20004	-1810.642	-2093.429	282.7864	0.552307	0.234696	0.133211	0.0797864	1.956429	1.614263	2.765429	1.157852
20010	-1818.878	-2101.984	283.1061	0.511725	0.207885	0.192452	0.0879378	0.9267045	1.371764	3.358773	0.9930965
20016	-1818.133	-2101.802	283.669	0.492634	0.403316	0.0574416	0.0466085	0.911914	1.371764	3.062824	0.9454457
20022	-1813.571	-2097.033	283.462	0.563132	0.19408	0.128899	0.113889	0.9283177	1.256365	2.877077	1.611425
20028	-1821.976	-2104.281	282.3054	0.722336	0.0472976	0.0831617	0.147204	1.052338	1.345591	3.06525	2.453968
20034	-1800.106	-2082.531	282.4243	0.456888	0.295387	0.132692	0.115033	1.473476	1.553725	3.321628	1.040269
20040	-1798.754	-2080.544	281.7896	0.514221	0.286979	0.157197	0.0416031	1.022124	1.44011	3.641139	1.735314
20046	-1795.498	-2077.928	282.4298	0.623765	0.221746	0.149648	0.00484075	1.303262	1.468837	3.461086	1.033605
20052	-1795.287	-2076.046	280.7591	0.568012	0.286262	0.136272	0.00945429	1.460604	1.322005	4.449604	0.98462
20058	-1793.174	-2074.062	280.8874	0.529369	0.351186	0.0969226	0.0225227	1.015376	1.364705	4.201355	1.743998
20064	-1801.252	-2083.366	282.1133	0.459677	0.400708	0.0834996	0.0561153	1.015376	1.196377	3.861299	1.212672
20070	-1794.246	-2075.484	281.2377	0.519785	0.363305	0.0613899	0.0555195	1.117754	1.095233	4.381941	1.172009
20076	-1807.35	-2088.271	280.9213	0.516815	0.361229	0.0610391	0.0609164	1.117754	1.148896	4.477314	1.271786
20082	-1794.57	-2075.663	281.0929	0.647143	0.257218	0.0193608	0.076278	1.272592	1.17529	4.219578	1.395258
20088	-1804.275	-2085.442	281.1677	0.647143	0.257218	0.0193608	0.076278	1.416256	1.228992	3.870064	1.81848
20094	-1803.701	-2086.239	282.5379	0.582453	0.231507	0.0305061	0.155534	1.36219	1.403313	3.126136	1.547277
20100	-1812.016	-2092.816	280.7997	0.597719	0.237574	0.00967079	0.155035	1.604792	1.124857	4.076846	1.753658
20106	-1813.244	-2093.375	280.1315	0.499979	0.386391	0.0104294	0.1032	1.091126	1.122867	4.681283	1.833877
20112	-1802.365	-2084.422	282.0573	0.638407	0.234469	0.0169537	0.11017	1.668976	1.329887	3.192158	1.764776
20118	-1789.98	-2072.365	282.3854	0.675426	0.157098	0.0509176	0.116558	1.265305	1.502082	2.904125	2.206001
20124	-1808.895	-2090.466	281.571	0.754531	0.0898222	0.0280231	0.127624	1.265305	1.616058	3.27314	2.322602
20130	-1815.146	-2096.564	281.4187	0.754	0.101349	0.0247293	0.119922	1.254659	1.261934	3.633849	2.180009
20136	-1821.224	-2102.894	281.6702	0.603978	0.156913	0.166429	0.0726793	1.329463	1.262707	3.60736	1.81418
20142	-1812.047	-2094.765	282.7178	0.626812	0.147866	0.156833	0.0684888	1.527413	1.407515	2.782243	1.84429
20148	-1819.465	-2102.04	282.5754	0.739408	0.103253	0.109515	0.0478248	1.527413	1.527881	2.695135	2.060544
20154	-1826.829	-2108.886	282.0569	0.648829	0.0959902	0.187908	0.0672727	1.104732	1.409358	3.303361	2.07326
20160	-1814.983	-2097.318	282.3347	0.647308	0.219616	0.0457743	0.0873012	2.268258	1.633969	2.368774	2.176856
20166	-1820.221	-2101.826	281.6051	0.403955	0.345464	0.0720047	0.178576	1.233646	1.1309	3.852879	1.640838
20172	-1827.377	-2106.174	278.7971	0.49943	0.341424	0.0274113	0.131734	1.407987	1.125909	5.219858	1.92208
20178	-1815.075	-2097.184	282.1091	0.500408	0.266343	0.117522	0.115726	1.181321	1.345991	3.42607	1.721929
20184	-1807.505	-2089.758	282.2525	0.646577	0.0163368	0.221948	0.115138	1.970088	1.592597	2.434808	2.51958
20190	-1799.541	-2082.315	282.7742	0.722962	0.0572247	0.0910722	0.128741	1.639356	1.573709	2.297988	2.481759
20196	-1797.67	-2080.296	282.6262	0.785749	0.0290022	0.112061	0.073188	1.686782	1.641511	2.195682	2.791824
20202	-1801.526	-2084.773	283.247	0.66415	0.100565	0.101398	0.133887	1.264638	1.502711	2.172326	2.667176
20208	-1799.93	-2082.894	282.9645	0.788375	0.0817589	0.0579051	0.0719609	1.236498	1.328747	2.513747	2.583292
20214	-1811.172	-2093.54	282.3676	0.775635	0.0804377	0.0569693	0.0869585	2.094314	1.342599	2.690181	1.996852
20220	-1807.307	-2089.98	282.6731	0.563584	0.156472	0.0187979	0.261146	2.517809	1.696276	1.91097	2.361793
20226	-1803.423	-2087.14	283.7177	0.704559	0.048514	0.093303	0.153624	1.104798	1.650657	2.365888	1.612777
20232	-1818.748	-2101.248	282.4998	0.572647	0.163823	0.106543	0.156987	1.529555	1.59353	2.913996	1.612777
20238	-1809.01	-2091.692	282.6817	0.644904	0.160824	0.105381	0.0888905	1.909872	1.603851	2.722023	1.398311
20244	-1807.358	-2089.372	282.0143	0.729238	0.1262	0.0440473	0.100515	1.623271	1.552902	3.186811	1.601981
20250	-1825.562	-2107.966	282.4044	0.535523	0.21989	0.193339	0.0512487	1.623271	1.630051	3.181809	1.094091
20256	-1806.417	-2089.193	282.7761	0.514911	0.376178	0.0414842	0.0674265	1.5151	1.473521	2.969127	1.341752
20262	-1802.308	-2085.097	282.7894	0.483537	0.331343	0.142268	0.0428519	2.503592	1.679115	2.370192	1.351577
20268	-1792.817	-2076.393	283.5756	0.536618	0.274609	0.155446	0.0333272	1.293478	1.471676	2.7329	1.11584
20274	-1803.22	-2086.096	282.8755	0.613131	0.313764	0.0350262	0.0380791	1.948023	1.637587	2.192701	2.127905
20280	-1820.581	-2102.993	282.4115	0.720902	0.120042	0.0324954	0.126561	2.518474	1.696739	2.192701	2.127905
20286	-1811.161	-2094.09	282.9293	0.496887	0.305313	0.0300429	0.167758	1.428169	1.637702	2.737261	1.501066
20292	-1802.348	-2085.267	282.9186	0.533509	0.373417	0.0330633	0.0600105	1.859098	1.578947	2.70311	1.242499
20298	-1813.708	-2096.612	282.9039	0.507788	0.34244	0.0947401	0.0550323	0.8138021	1.549267	3.364899	1.12627
20304	-1804.885	-2086.51	281.6252	0.450667	0.392893	0.108699	0.0477414	0.7112097	1.448381	4.171347	1.220493
20310	-1816.798	-2100.337	283.5388	0.602805	0.18647	0.145394	0.0653307	1.333471	1.502865	2.54978	1.402727
20316	-1817.892	-2101.641	283.7496	0.567375	0.194209	0.0654454	0.172971	1.316338	1.649488	1.760423	2.539128
20322	-1823.425	-2105.572	282.1469	0.571823	0.141021	0.177042	0.110115	1.929105	1.48881	2.915453	1.774801
20328	-1812.065	-2094.908	282.8426	0.708169	0.0124718	0.21149	0.0678687	1.79831	1.584488	2.369136	2.028499
20334	-1806.528	-2090.449	283.9213	0.682566	0.106169	0.0484451	0.162821	1.311853	1.727139	1.450571	2.821791
20340	-1811.275	-2094.312	283.0377	0.715343	0.111267	0.0507715	0.122618	2.184662	1.455454	2.175382	1.955407
20346	-1819.597	-2100.897	281.2997	0.728572	0.0994551	0.0517104	0.120263	1.181541	1.385	3.338956	3.055859
20352	-1816.853	-2097.968	281.1151	0.523458	0.384813	0.0275818	0.0641472	1.660428	1.375788	3.776186	1.645877
20358	-1807.249	-2088.9	281.6501	0.615309	0.259087	0.0333027	0.0923014	1.463562	1.348677	3.558261	1.688832
20364	-1805.03	-2087.802	282.7729	0.42364	0.428584	0.0652824	0.0824932	1.274942	1.381277	3.190416	1.274404
20370	-1811.121	-2094.759	283.638	0.5836	0.342563	0.0143025	0.0595352	0.8717542	1.278021	2.871616	1.458491
20376	-1818.966	-2100.898	281.9316	0.650074	0.284105	0.00862381	0.0571968	1.473127	1.428516	3.085099	2.261817
20382	-1805.469	-2088.457	282.9879	0.624337	0.269943	0.00828239	0.0974377	1.535115	1.471271	2.745977	1.502039
20388	-1813.346	-2096.588	283.242	0.8218	0.0552249	0.0370127	0.0859627	1.493234	1.495994	2.358953	1.972016
20394	-1818.918	-2102.206	283.2874	0.557125	0.309511	0.0659404	0.0674242	1.565972	1.424338	2.619474	1.418428
20400	-1815.337	-2098.007	282.6699	0.797607	0.0948888	0.0209222	0.0865814	1.188946	1.307032	3.008361	1.946514
20406	-1806.013	-2086.992	280.9791	0.569976	0.273479	0.011376	0.145168	2.24621	1.299921	3.842832	1.246555
20412	-1813.36	-2095.701	282.3411	0.529502	0.415523	0.00330916	0.0516652	1.59508	1.662174	2.996473	1.49219
20418	-1803.163	-2086.761	283.5986	0.533078	0.416644	0.0118693	0.0384085	1.081577	1.567396	2.571222	1.49219
20424	-1820.679	-2104.156	283.4772	0.719414	0.187943	0.0279132	0.0647305	1.503017	1.464037	2.360363	1.699394
20430	-1811.271	-2092.363	281.0915	0.630407	0.0802699	0.233805	0.0555171	1.429185	1.423396	3.521547	2.470257
20436	-1812.964	-2091.512	278.5486	0.762487	0.0970876	0.0732767	0.0671488	1.176293	1.064829	4.79233	4.034879
20442	-1825.73	-2107.561	281.8308	0.467498	0.357135	0.0225221	0.152844	0.9857792	1.087355	4.256497	0.9350607
20448	-1809.524	-2091.211	281.6879	0.631122	0.213348	0.05374	0.10179	1.298936	1.103996	3.556837	2.152975
20454	-1793.35	-2073.501	280.1515	0.584413	0.194555	0.0246425	0.196389	1.409226	1.124261	4.366622	2.156246
20460	-1811.052	-2092.579	281.527	0.496826	0.358751	0.0284613	0.115962	1.440292	1.378551	3.666517	1.600618
20466	-1809.695	-2091.121	281.4264	0.476372	0.448152	0.0420973	0.0333786	1.580415	1.198425	4.089268	0.9744345
20472	-1808.354	-2088.262	279.9082	0.524289	0.341971	0.0444901	0.08925	1.230611	1.307001	4.991238	1.09099
20478	-1809.308	-2090.103	280.7955	0.518495	0.338192	0.0439985	0.0993144	1.713418	1.127967	4.230377	1.333151
20484	-1814.412	-2096.237	281.825	0.611525	0.293071	0.0349945	0.0604091	1.296461	1.475861	3.307338	2.043267
20490	-1805.629	-2086.943	281.3143	0.689832	0.190571	0.0394756	0.0801208	1.816264	1.504568	3.082756	2.649858
20496	-1808.217	-2089.415	281.1976	0.60254	0.32347	0.0156913	0.0582984	3.450318	1.467046	3.055076	1.483646
20502	-1821.515	-2102.938	281.4226	0.508768	0.273129	0.0409584	0.177145	1.779794	1.381614	3.618529	1.483646
20508	-1811.426	-2094.761	283.3342	0.565307	0.26289	0.073252	0.0985508	1.652108	1.45905	2.692095	1.124662
20514	-1818.802	-2100.664	281.8616	0.642896	0.118334	0.130021	0.108749	1.931967	1.510857	3.085314	1.747226
20520	-1808.416	-2088.482	280.0655	0.675187	0.0843658	0.136552	0.103896	1.250225	1.2976	3.903117	3.56027
20526	-1809.13	-2089.659	280.5295	0.746063	0.127573	0.0679207	0.0584436	1.250225	1.288218	3.917132	2.738243
20532	-1807.971	-2086.971	279.0007	0.797129	0.0396252	0.0118839	0.151362	1.093945	1.132919	4.934145	2.785348
20538	-1796.053	-2076.551	280.4983	0.767519	0.120823	0.00308508	0.108572	1.093945	1.0852	4.514005	1.791147
20544	-1800.047	-2081.709	281.6626	0.418272	0.389274	0.00531747	0.187136	1.379861	1.391113	3.755107	1.316732
20550	-1797.298	-2078.796	281.4986	0.452255	0.351911	0.0266595	0.169175	1.225328	1.241448	3.859892	1.630593
20556	-1797.523	-2079.823	282.2993	0.652221	0.17672	0.038447	0.132612	1.225328	1.36789	3.206346	1.872742
20562	-1803.949	-2086.173	282.224	0.636549	0.150476	0.0135585	0.199417	2.352925	1.457855	2.752094	1.670349
20568	-1808.689	-2090.321	281.6315	0.638295	0.307355	0.0135957	0.0407549	0.9300822	1.334031	3.765202	1.916004
20574	-1808.798	-2091.768	282.9692	0.629285	0.299394	0.00849239	0.0628289	1.094961	1.423252	3.08204	1.400875
20580	-1798.737	-2080.748	282.011	0.592922	0.265759	0.00800166	0.133318	1.094961	1.131099	3.821187	1.386354
20586	-1798.324	-2080.462	282.138	0.589876	0.355608	0.00466054	0.0498556	1.463369	1.398369	3.034778	2.144742
20592	-1817.416	-2098.917	281.5008	0.667894	0.122956	0.0121063	0.197043	1.948683	1.431504	3.401857	1.615321
20598	-1815.522	-2098.003	282.4809	0.548406	0.327185	0.01205	0.112359	1.210376	1.340759	2.791619	2.653025
20604	-1803.79	-2085.884	282.094	0.774595	0.0948608	0.0635755	0.0669691	1.277832	1.428932	2.936971	2.646655
20610	-1842.915	-2125.524	282.6086	0.695268	0.0810198	0.0287128	0.194999	1.233614	1.576386	1.964003	4.32013
20616	-1814.826	-2095.331	280.5052	0.723966	0.0443967	0.0486873	0.18295	1.768843	1.284468	3.738038	2.571483
20622	-1807.698	-2088.173	280.475	0.700236	0.0429415	0.0798694	0.176954	1.667938	1.260067	3.584633	3.227101
20628	-1833.117	-2111.213	278.0959	0.707419	0.0331229	0.0806888	0.178769	0.9122254	1.26573	4.999448	4.323458
20634	-1822.127	-2104.916	282.789	0.67389	0.0118106	0.117647	0.196652	1.591089	1.37528	2.815229	1.660954
20640	-1815.361	-2097.597	282.2366	0.730026	0.0381234	0.0867855	0.145065	0.9479113	1.46167	2.912602	2.942136
20646	-1811.391	-2092.926	281.5355	0.732348	0.0214822	0.0921451	0.154024	1.415628	1.206561	3.578434	2.02727
20652	-1797.774	-2078.663	280.8887	0.744268	0.0491891	0.0936449	0.112898	1.058384	1.229827	4.29873	1.644851
20658	-1802.325	-2083.253	280.928	0.709647	0.101775	0.0809323	0.107646	1.151103	1.241777	3.840294	2.545026
20664	-1810.765	-2092.639	281.8744	0.607358	0.0923778	0.163414	0.13685	1.231914	1.372476	3.213264	2.428578
20670	-1811.936	-2093.317	281.3812	0.590433	0.110929	0.19623	0.102409	1.255653	1.312125	3.85256	1.668396
20676	-1813.673	-2095.545	281.8719	0.606789	0.120667	0.201666	0.070878	1.25506	1.581755	3.23836	2.046242
20682	-1797.11	-2080.087	282.9772	0.588949	0.325493	0.0641103	0.0214476	1.227123	1.557168	2.981291	1.290385
20688	-1808.063	-2091.248	283.1848	0.325001	0.536008	0.123316	0.0156758	1.080604	1.521442	3.099587	1.049438
20694	-1788.988	-2072.236	283.2474	0.380228	0.531747	0.0782409	0.00978422	1.260264	1.505081	2.892702	1.181204
20700	-1798.6	-2082.663	284.063	0.358607	0.449003	0.129507	0.0628828	1.124572	1.530456	2.56485	0.9992757
20706	-1797.218	-2079.54	282.322	0.512456	0.356364	0.0321498	0.0990305	1.659418	1.452494	3.182197	1.33834
20712	-1791.162	-2072.161	280.9993	0.496645	0.34913	0.0377975	0.116427	2.018431	1.414598	3.788052	1.384662
20718	-1812.94	-2093.662	280.7216	0.660176	0.191777	0.0192724	0.128775	2.072664	1.305044	3.518846	2.432948
20724	-1802.111	-2084.994	282.8827	0.689345	0.122275	0.0260022	0.162378	1.157145	1.607191	2.597362	2.20769
20730	-1830.493	-2113.74	283.2475	0.323572	0.364796	0.0567034	0.254928	1.429662	1.8061	2.086896	2.19136
20736	-1820.198	-2103.313	283.1142	0.57566	0.323699	0.0612781	0.0393628	1.639801	1.606865	2.388632	1.773896
20742	-1820.469	-2103.902	283.433	0.587375	0.207604	0.0983298	0.106692	1.639801	1.587638	2.085263	1.99513
20748	-1812.661	-2095.705	283.0445	0.782647	0.100395	0.0475515	0.0694057	1.43723	1.561499	2.272193	2.414347
20754	-1796.687	-2079.047	282.3592	0.680333	0.0872709	0.189799	0.042597	2.427033	1.531009	2.268343	2.356836
20760	-1797.586	-2081.178	283.5917	0.745126	0.0955823	0.112637	0.0466538	1.389696	1.531009	2.117977	2.079664
20766	-1801.454	-2084.274	282.82	0.662565	0.112506	0.132581	0.0923476	1.578427	1.527307	2.082283	3.095707
20772	-1794.768	-2077.081	282.3134	0.658886	0.00836459	0.172314	0.160436	1.578427	1.366353	2.674545	2.661396
20778	-1801.76	-2083.486	281.7264	0.750283	0.0446943	0.10617	0.0988518	2.425881	1.49984	2.125086	3.856368
20784	-1799.423	-2081.953	282.5302	0.656677	0.0688787	0.18319	0.091254	1.519135	1.513525	2.478135	2.666134
20790	-1811.405	-2094.35	282.9455	0.7066	0.171057	0.0117527	0.11059	1.851078	1.687684	2.169232	2.115316
20796	-1797.394	-2081.602	284.2076	0.751115	0.203418	0.00421039	0.0412567	1.261385	1.71029	1.832982	1.750237
20802	-1806.218	-2090.718	284.5002	0.618714	0.276278	0.00923952	0.0957687	0.8456777	1.777691	1.567358	2.31866
20808	-1813.764	-2097.73	283.9654	0.736071	0.096538	0.0913385	0.0760526	1.788387	1.77193	1.321886	2.31866
20814	-1818.238	-2102.341	284.1033	0.573267	0.140479	0.175584	0.11067	1.517251	1.660481	1.760821	1.788041
20820	-1801.884	-2085.162	283.2779	0.670916	0.108334	0.135405	0.0853451	1.601344	1.578907	2.371035	1.679988
20826	-1809.004	-2092.798	283.7942	0.548436	0.154682	0.110686	0.186196	1.304932	1.42914	2.371035	1.551477
20832	-1801.683	-2083.94	282.2571	0.749962	0.127407	0.103054	0.019577	2.415766	1.42914	2.702341	1.71185
20838	-1802.063	-2083.345	281.2812	0.619772	0.193745	0.156712	0.0297704	1.797313	1.278313	3.688975	1.611956
20844	-1805.23	-2085.818	280.5876	0.643959	0.0870285	0.226067	0.0429456	2.110073	1.199196	3.842567	1.94872
20850	-1801.898	-2083.773	281.8745	0.493877	0.131603	0.278276	0.0962439	2.082555	1.474044	2.952491	1.916118
20856	-1799.525	-2082.461	282.9366	0.534675	0.142475	0.301264	0.0215869	1.578689	1.596079	2.952491	1.015818
20862	-1795.537	-2078.69	283.1521	0.373916	0.246739	0.317182	0.0621632	0.9154424	1.429935	3.304009	0.9935182
20868	-1815.561	-2098.359	282.7974	0.578547	0.107984	0.182367	0.131102	0.8606532	1.446362	3.119753	1.782816
20874	-1831.587	-2114.631	283.0449	0.58604	0.109382	0.184729	0.119849	1.044789	1.429095	3.119753	1.295005
20880	-1808.905	-2091.694	282.7891	0.612879	0.256579	0.0681336	0.0624086	1.411715	1.462715	2.837627	1.697957
20886	-1807.785	-2090.334	282.5486	0.518789	0.294435	0.0376475	0.149128	2.053993	1.644217	2.837627	1.174642
20892	-1827.336	-2107.511	280.1745	0.592042	0.279291	0.04479	0.0838772	3.794786	1.408796	3.682765	1.291806
20898	-1816.38	-2099.336	282.9558	0.684353	0.127831	0.0880388	0.0997774	1.500291	1.599972	2.819319	1.291806
20904	-1797.776	-2081.797	284.0213	0.639506	0.275495	0.0630216	0.0219772	1.1005	1.590572	2.499249	1.111258
20910	-1797.776	-2081.089	283.3136	0.709459	0.19841	0.0540443	0.0380874	1.402117	1.639002	2.670454	1.219082
20916	-1797.414	-2079.624	282.2102	0.638145	0.102268	0.152273	0.107314	2.31027	1.519921	2.980634	1.219082
20922	-1801.39	-2082.978	281.5879	0.735564	0.067755	0.0729394	0.123742	1.276187	1.285833	3.715131	1.716383
20928	-1805.964	-2088.349	282.3847	0.576245	0.257096	0.0742058	0.092453	1.745449	1.360755	3.011155	1.621592
20934	-1803.938	-2085.008	281.0703	0.634513	0.212113	0.0515729	0.101802	1.943455	1.597388	3.710785	1.314497
20940	-1799.562	-2083.239	283.6772	0.62975	0.21052	0.0511858	0.108544	1.16233	1.526925	2.611891	1.288222
20946	-1799.208	-2081.537	282.3289	0.641017	0.179917	0.022154	0.156911	1.451964	1.411101	2.611891	2.900951
20952	-1801.515	-2085.251	283.7355	0.557421	0.148944	0.0284532	0.265182	1.095331	1.568179	2.1487	2.143043
20958	-1807.823	-2090.83	283.0073	0.606845	0.16215	0.116332	0.114673	1.086856	1.616398	2.381171	2.61915
20964	-1801.762	-2084.467	282.7048	0.649072	0.150893	0.124427	0.0756074	1.473934	1.50671	2.646117	2.08426
20970	-1792.696	-2076.051	283.3554	0.488402	0.297608	0.0936263	0.120364	1.555217	1.480951	2.384227	1.727215
20976	-1796.837	-2081.665	284.8278	0.488402	0.297608	0.0936263	0.120364	1.263316	1.834838	1.637412	1.211416
20982	-1805.172	-2089.049	283.8769	0.565896	0.252527	0.0794443	0.102132	1.233954	1.658296	2.025017	1.907789
20988	-1803.14	-2086.522	283.3814	0.531637	0.238342	0.0952322	0.134789	1.701809	1.639226	2.176827	1.749184
20994	-1794.218	-2076.947	282.7293	0.555444	0.307271	0.057203	0.0800821	1.575587	1.533143	2.825139	1.539966
21000	-1808.891	-2091.541	282.6502	0.438712	0.33368	0.0458379	0.18177	1.378431	1.437062	2.963083	1.681497
21006	-1791.182	-2072.888	281.7058	0.580905	0.267808	0.0997903	0.0514966	2.141715	1.430045	3.246931	1.516478
21012	-1809.14	-2089.829	280.689	0.670049	0.207431	0.0826335	0.0398867	1.946415	1.257	4.05125	1.456008
21018	-1798.491	-2080.471	281.9795	0.605537	0.275983	0.0990701	0.01941	1.946415	1.425827	3.204288	1.456008
21024	-1817.724	-2100.778	283.0541	0.761898	0.125694	0.053337	0.0590712	1.882868	1.600932	2.357411	1.675768
21030	-1818.485	-2101.615	283.1307	0.683559	0.149447	0.113997	0.0529974	1.415847	1.48899	2.335525	2.278078
21036	-1812.57	-2094.349	281.7796	0.822068	0.0331345	0.0494858	0.0953113	2.41435	1.24346	2.644043	2.780122
21042	-1810.122	-2091.255	281.1335	0.749169	0.0377818	0.0970751	0.115974	3.842109	1.354045	2.795318	1.977628
21048	-1798.922	-2079.923	281.0011	0.48077	0.335125	0.0509394	0.133166	2.885514	1.465376	3.202925	1.819288
21054	-1803.685	-2084.385	280.6993	0.509592	0.22635	0.12291	0.141149	1.940646	1.172234	4.124514	1.399555
21060	-1808.913	-2089.827	280.9149	0.484498	0.215204	0.229769	0.070529	1.559453	1.307583	3.980192	1.642624
21066	-1820.137	-2100.816	280.6792	0.480421	0.364407	0.129265	0.0259078	1.217802	1.191321	4.216205	1.947903
21072	-1818.12	-2098.85	280.7305	0.529156	0.229373	0.211846	0.0296253	1.494986	1.219893	4.236294	1.497582
21078	-1814.895	-2097.502	282.6071	0.588942	0.255288	0.118621	0.0371484	1.359262	1.486624	2.779976	2.085379
21084	-1804.156	-2087.269	283.1136	0.671204	0.256186	0.0530883	0.0195221	0.9894945	1.329069	2.919041	1.788736
21090	-1818.386	-2100.773	282.3872	0.727752	0.205509	0.0504645	0.0162739	1.015288	1.445092	2.893205	2.669775
21096	-1816.559	-2097.417	280.8583	0.752955	0.115339	0.0522121	0.0794938	2.064087	1.278266	3.301595	2.846773
21102	-1830.756	-2110.044	279.2886	0.598562	0.295136	0.0256315	0.0806703	1.264106	1.104825	5.026952	1.932653
21108	-1819.839	-2100.997	281.1573	0.553271	0.309269	0.0854314	0.0520295	1.677167	1.250068	3.999042	1.280734
21114	-1807.283	-2086.096	278.8129	0.655088	0.187824	0.11041	0.0466773	1.457697	1.033338	5.15769	2.116593
21120	-1826.946	-2104.622	277.6753	0.74502	0.104148	0.0885613	0.0622705	1.365427	1.133985	5.339049	3.359941
21126	-1823.637	-2101.465	277.8282	0.624078	0.209948	0.120059	0.0459149	2.294915	1.042024	5.197975	2.475863
21132	-1811.896	-2095.395	283.4994	0.694256	0.272127	0.0227357	0.0108818	1.28066	1.523114	2.334682	1.897748
21138	-1811.823	-2096.736	284.9136	0.466195	0.468885	0.0434449	0.0214753	0.5463037	1.601023	1.872753	1.837376
21144	-1805.629	-2089.013	283.3844	0.635644	0.288331	0.0267155	0.0493095	1.179203	1.79942	1.974177	2.584615
21150	-1813.443	-2096.59	283.1464	0.636692	0.281607	0.0317317	0.0499694	0.8845263	1.594642	2.580042	2.275157
21156	-1803.045	-2086.652	283.6072	0.578189	0.224488	0.141535	0.0557876	1.255081	1.465228	2.571251	1.410203
21162	-1799.923	-2084.349	284.426	0.498353	0.294001	0.143467	0.0641783	1.636988	1.743509	1.807572	1.131875
21168	-1817.063	-2100.957	283.8935	0.643077	0.217959	0.101662	0.0373016	1.636988	1.641836	2.142601	1.274235
21174	-1803.968	-2087.853	283.8858	0.560641	0.287926	0.0971746	0.0542589	0.8323861	1.493629	2.274385	2.13616
21180	-1809.366	-2092.735	283.3687	0.54299	0.335616	0.0576367	0.0637579	1.278193	1.457851	2.673401	1.477605
21186	-1831.545	-2115.005	283.4595	0.59731	0.303307	0.0511534	0.0482304	0.9055023	1.497217	2.683139	1.737024
21192	-1823.621	-2106.747	283.1261	0.642238	0.147721	0.158183	0.0518582	1.598966	1.539565	2.279763	2.115495
21198	-1809.982	-2092.416	282.4339	0.61956	0.251295	0.079118	0.050027	1.781425	1.374419	2.989321	1.555856
21204	-1804.788	-2087.578	282.7903	0.617343	0.277682	0.0788349	0.02614	1.189687	1.347277	2.863194	2.052471
21210	-1808.282	-2092.317	284.0351	0.504203	0.319922	0.116261	0.0596135	1.092391	1.383293	2.615549	1.12596
21216	-1817.079	-2100.246	283.167	0.605801	0.249329	0.0906075	0.0542625	1.576579	1.505961	2.484971	1.709059
21222	-1812.259	-2094.08	281.8216	0.522239	0.308143	0.062447	0.107172	1.839075	1.412295	3.346152	1.472087
21228	-1796.842	-2080.557	283.7149	0.520675	0.310214	0.06226	0.106851	1.266322	1.772319	2.15468	1.681657
21234	-1804.833	-2087.977	283.1447	0.500777	0.419134	0.00507301	0.0750166	1.141498	1.624727	2.883985	1.298668
21240	-1793.274	-2076.108	282.8348	0.395601	0.513651	0.018214	0.0725336	1.141498	1.591469	2.865599	1.733201
21246	-1804.753	-2089.057	284.3044	0.602296	0.255085	0.0537415	0.0888769	1.141498	1.807675	1.762488	1.776056
21252	-1796.894	-2080.254	283.3601	0.714455	0.0895068	0.0637491	0.132289	1.031455	1.546767	2.415613	2.20257
21258	-1804.871	-2086.879	282.0079	0.611881	0.173978	0.13066	0.0834807	1.676364	1.427555	2.817393	2.552486
21264	-1812.52	-2094.297	281.7766	0.601397	0.210882	0.128421	0.0592996	1.140501	1.385121	3.660259	1.636551
21270	-1808.021	-2088.643	280.6214	0.62231	0.218215	0.0981136	0.0613616	0.9321948	1.193029	4.643399	1.431756
21276	-1809.149	-2091.218	282.0698	0.574388	0.205797	0.130554	0.0892608	1.259736	1.220561	3.475474	1.730249
21282	-1827.178	-2108.026	280.8484	0.579	0.207449	0.123573	0.0899775	1.128866	1.470891	3.731739	2.63745
21288	-1810.781	-2088.269	277.4883	0.66614	0.120809	0.160652	0.0523987	1.39524	1.209245	5.815156	2.128681
21294	-1791.511	-2071.707	280.1964	0.566522	0.194159	0.136627	0.102691	1.201068	1.134844	4.402239	2.256806
21300	-1803.359	-2082.663	279.3038	0.603711	0.206905	0.145596	0.0437874	1.276289	1.194076	5.038841	1.757429
21306	-1797.79	-2078.471	280.6808	0.514337	0.184733	0.251022	0.0499077	2.123915	1.24841	4.011981	1.403161
21312	-1805.869	-2086.405	280.5366	0.66942	0.166619	0.0720643	0.0918963	1.628154	1.251896	3.978677	2.131746
21318	-1814.734	-2097.999	283.2652	0.709018	0.128406	0.0555367	0.10704	1.628154	1.447949	2.612288	1.371393
21324	-1810.498	-2093.399	282.9005	0.398994	0.528354	0.0312528	0.0413988	1.000693	1.540631	3.214529	1.20576
21330	-1803.658	-2086.657	282.999	0.72622	0.120114	0.0948457	0.0588207	1.214888	1.493055	2.785536	1.728679
21336	-1807.995	-2089.965	281.97	0.653972	0.036371	0.256688	0.052969	1.265875	1.450438	3.347857	1.83331
21342	-1808.098	-2092.391	284.2931	0.40432	0.272145	0.29826	0.0252753	0.74106	1.452282	2.411353	1.51993
21348	-1821.602	-2105.141	283.5384	0.660005	0.187113	0.130916	0.0219658	1.562066	1.466037	2.582951	1.167361
21354	-1820.973	-2102.214	281.2407	0.660113	0.115526	0.119168	0.105192	1.450941	1.159692	3.448895	2.8109
21360	-1839.088	-2120.185	281.0968	0.687943	0.192822	0.035959	0.0832756	0.9885079	1.237313	4.08779	1.928234
21366	-1825.129	-2106.291	281.1621	0.548948	0.212459	0.0396578	0.198935	0.8761637	1.085109	4.309348	1.689054
21372	-1818.678	-2097.589	278.911	0.645132	0.219743	0.0539983	0.0811272	2.12405	1.255127	4.757491	1.941107
21378	-1805.189	-2084.991	279.8019	0.62989	0.225956	0.0527226	0.0914314	1.342521	1.216529	4.634733	1.941107
21384	-1805.774	-2085.621	279.8472	0.638719	0.17814	0.00989973	0.173241	1.460291	1.154922	4.464497	2.233446
21390	-1813.954	-2093.349	279.3952	0.675581	0.214959	0.0180236	0.0914355	4.729947	1.325172	3.443208	2.328348
21396	-1816.444	-2096.97	280.5266	0.70423	0.196376	0.0158633	0.0835307	2.377542	1.236364	3.58949	2.324508
21402	-1811.624	-2092.268	280.6435	0.501535	0.267225	0.0420476	0.189193	2.011746	1.291843	3.688972	2.207496
21408	-1812.668	-2095.201	282.5332	0.533731	0.266641	0.103757	0.0958718	1.105582	1.265996	3.269364	1.715933
21414	-1816.787	-2100.558	283.7705	0.472363	0.322939	0.116861	0.0878362	0.6613475	1.292997	2.983077	1.333509
21420	-1820.494	-2101.66	281.1657	0.526649	0.285615	0.0898058	0.0979307	1.033575	1.348422	4.044828	1.737709
21426	-1812.516	-2093.767	281.2513	0.509173	0.309321	0.0868257	0.094681	1.029138	1.188978	4.089419	1.737709
21432	-1819.742	-2100.632	280.8899	0.608339	0.202695	0.130659	0.0583062	1.208784	1.286009	4.124108	1.774943
21438	-1807.649	-2090.029	282.3807	0.626353	0.24331	0.0603468	0.0699895	1.304094	1.371265	3.223257	1.640586
21444	-1809.704	-2091.83	282.1253	0.626353	0.24331	0.0603468	0.0699895	1.308481	1.447806	3.223257	1.858126
21450	-1811.014	-2092.811	281.7964	0.56263	0.261634	0.0615679	0.114169	0.9993182	1.285167	3.930137	1.347478
21456	-1813.259	-2093.728	280.4691	0.45789	0.379201	0.057074	0.105835	0.715022	1.114766	5.100151	1.043025
21462	-1812.803	-2095.66	282.8571	0.437716	0.36168	0.0996582	0.100945	0.9470415	1.520169	3.282162	1.209365
21468	-1814.772	-2096.702	281.9295	0.508784	0.357185	0.00937829	0.124653	1.548906	1.421804	3.407436	1.489302
21474	-1814.505	-2098.384	283.8796	0.420091	0.402227	0.0373108	0.140371	1.652323	1.770915	2.095403	1.214265
21480	-1802.839	-2086.02	283.1803	0.76791	0.160978	0.0149324	0.0561791	1.361737	1.647194	2.384549	1.953516
21486	-1809.085	-2092.91	283.8257	0.694265	0.179146	0.0166177	0.109972	1.312326	1.517543	1.97011	2.179586
21492	-1805.93	-2088.474	282.5439	0.818025	0.0522654	0.01288	0.116829	1.369654	1.50364	2.458846	2.91912
21498	-1835.861	-2118.424	282.5634	0.632683	0.121204	0.0298688	0.216244	1.096836	1.487134	2.761478	2.544186
21504	-1832.181	-2115.279	283.0987	0.504035	0.16968	0.154011	0.172274	1.292535	1.710286	2.292402	2.262988
21510	-1811.585	-2095.583	283.9979	0.609837	0.230562	0.0501984	0.109402	1.309101	1.732936	2.040937	1.550211
21516	-1824.044	-2104.298	280.2537	0.577307	0.218264	0.0523194	0.15211	1.060829	1.290971	3.986639	3.29523
21522	-1800.776	-2081.82	281.0442	0.672889	0.129224	0.0928758	0.105011	1.330935	1.177565	3.668912	2.664237
21528	-1813.288	-2091.969	278.6811	0.706244	0.135629	0.0974796	0.0606469	1.426337	1.139111	5.132112	2.255719
21534	-1808.89	-2088.881	279.9909	0.775448	0.103677	0.0745151	0.0463595	2.103559	1.226441	3.564545	3.61541
21540	-1810.003	-2090.111	280.1086	0.80976	0.0882283	0.00718905	0.0948223	1.202441	1.145254	3.974374	3.61541
21546	-1814.805	-2094.416	279.6109	0.667508	0.154201	0.0125647	0.165726	1.987273	1.060062	4.144582	2.952026
21552	-1802.575	-2079.632	277.0577	0.648275	0.203242	0.00934003	0.139143	1.715487	0.8949655	5.575009	3.596279
21558	-1803.409	-2082.114	278.7052	0.802838	0.0993493	0.00615271	0.0916599	2.375481	0.9895264	4.423938	3.301226
21564	-1805.897	-2087.438	281.5411	0.374557	0.523454	0.056647	0.0453425	1.629974	1.427556	3.591345	1.488472
21570	-1794	-2076.341	282.3413	0.558228	0.289353	0.0846564	0.0677623	1.629974	1.391598	3.235284	1.312295
21576	-1799.572	-2080.613	281.0411	0.545654	0.305361	0.0827495	0.0662359	1.002517	1.205386	3.894617	2.505819
21582	-1794.797	-2077.311	282.5138	0.643404	0.0433287	0.277564	0.0357029	1.933405	1.548852	2.297669	2.559992
21588	-1809.499	-2092.146	282.6476	0.693346	0.0545508	0.170651	0.0814521	1.692235	1.56743	2.495119	2.161056
21594	-1815.152	-2095.586	280.4334	0.70175	0.0633929	0.110647	0.12421	1.238488	1.241851	4.21683	2.184583
21600	-1816.052	-2096.821	280.769	0.682915	0.0481694	0.18572	0.083195	1.558788	1.249871	3.940726	1.988681
21606	-1800.188	-2083.781	283.5926	0.697145	0.0700936	0.147833	0.0849284	1.321322	1.550896	2.212338	1.940405
21612	-1821.771	-2104.251	282.4791	0.685468	0.0670798	0.0618	0.185652	1.894341	1.365806	2.852705	1.677423
21618	-1824.982	-2107.708	282.7259	0.483777	0.225367	0.0810341	0.209822	1.187469	1.245911	3.013982	1.94275
21624	-1838.581	-2118.226	279.6444	0.476938	0.350794	0.0753374	0.0969309	1.612544	1.219886	5.035617	1.023552
21630	-1833.346	-2114.36	281.0136	0.500675	0.368252	0.0293176	0.101755	2.911388	1.268882	3.58412	1.255662
21636	-1817.154	-2099.025	281.8709	0.720174	0.1767	0.051659	0.0514669	1.115799	1.11697	3.478492	2.309465
21642	-1809.271	-2090.541	281.2699	0.631436	0.246364	0.0402641	0.0819355	1.6688	1.293478	3.52615	2.098604
21648	-1816.739	-2094.598	277.8593	0.731187	0.199718	0.0466247	0.0224707	3.241967	1.258188	4.439981	3.314999
21654	-1807.131	-2090.427	283.2969	0.44053	0.295631	0.121835	0.142004	1.374306	1.706642	2.301492	1.87973
21660	-1828.658	-2109.072	280.4137	0.689938	0.143057	0.00310254	0.163902	1.698605	1.217947	3.942798	2.360444
21666	-1803.531	-2084.548	281.0166	0.768184	0.13186	0.0428351	0.0571212	1.364088	1.316856	3.533978	2.80786
21672	-1811.289	-2094.821	283.5314	0.76082	0.0742943	0.0564854	0.1084	1.231551	1.499082	2.338922	1.938042
21678	-1808.124	-2091.956	283.8314	0.667452	0.0446641	0.12277	0.165113	1.303411	1.413739	2.338922	1.587196
21684	-1802.089	-2084.886	282.797	0.649329	0.0465555	0.121179	0.182937	1.069223	1.459407	2.457035	3.045349
21690	-1807.736	-2089.441	281.7049	0.772683	0.184877	0.00289621	0.0395447	2.078782	1.493501	2.667794	2.817266
21696	-1807.309	-2090.427	283.118	0.800609	0.0354608	0.00423098	0.159699	1.508147	1.512623	2.360546	2.095492
21702	-1817.199	-2099.517	282.3178	0.820716	0.0300316	0.0140041	0.135249	2.090295	1.39039	2.703939	1.973596
21708	-1811.621	-2095.782	284.1609	0.717248	0.0924267	0.138288	0.0520378	0.9795103	1.740525	1.709451	2.379873
21714	-1829.816	-2112.693	282.8767	0.688108	0.20914	0.0115151	0.0912375	1.057079	1.658502	2.290653	3.038294
21720	-1814.643	-2097.709	283.0665	0.685895	0.218603	0.0045576	0.0909441	1.4729	1.63625	2.477442	1.797523
21726	-1801.19	-2085.946	284.7565	0.429112	0.375413	0.0392949	0.15618	1.024622	1.63625	1.959463	1.24804
21732	-1816.739	-2101.349	284.6097	0.557335	0.320768	0.0307296	0.0911673	1.082631	1.710293	1.673764	1.744688
21738	-1819.087	-2102.754	283.6669	0.467446	0.385904	0.0369698	0.10968	1.082631	1.778737	2.448543	1.396159
21744	-1814.498	-2097.409	282.9114	0.456163	0.369324	0.0619088	0.112604	2.057861	1.618655	2.436316	1.517865
21750	-1820.435	-2097.893	277.4579	0.558955	0.223844	0.0502115	0.16699	1.769249	0.9335092	5.615813	2.64742
21756	-1809.933	-2087.381	277.4481	0.73198	0.0356135	0.0591965	0.17321	2.5412	1.015113	5.37977	2.344475
21762	-1824.382	-2103.167	278.7845	0.733674	0.0347202	0.0627405	0.168866	2.372202	1.003612	4.707388	2.344475
21768	-1835.68	-2115.019	279.3391	0.598158	0.170305	0.0508687	0.180669	0.9308863	1.087229	5.240195	1.811909
21774	-1815.3	-2097.432	282.1326	0.486093	0.307354	0.0817131	0.12484	1.188769	1.131434	3.828996	1.142586
21780	-1813.624	-2093.716	280.0914	0.45971	0.359041	0.0688513	0.112398	1.011581	1.049782	5.122014	1.142586
21786	-1815.78	-2094.954	279.1737	0.372041	0.417299	0.0800233	0.130636	1.667868	1.182495	5.122014	1.34695
21792	-1801.487	-2083.339	281.8519	0.420512	0.333937	0.0978953	0.147656	1.139634	1.209864	4.101845	0.9130649
21798	-1802.619	-2085.661	283.0423	0.491093	0.337472	0.104677	0.0667581	0.9242523	1.406586	3.097171	1.50198
21804	-1802.028	-2083.995	281.967	0.734941	0.0109001	0.155188	0.0989716	1.521211	1.208108	2.93462	2.861692
21810	-1805.292	-2088.761	283.4683	0.737619	0.0109398	0.152109	0.0993323	1.007128	1.354665	2.772443	1.59719
21816	-1826.044	-2107.387	281.343	0.736504	0.0124352	0.151879	0.0991821	1.045582	1.174298	4.064688	1.676377
21822	-1808.945	-2090.031	281.0854	0.659355	0.0389054	0.237662	0.0640776	2.218887	1.347836	3.298525	2.235626
21828	-1807.26	-2088.902	281.6419	0.580907	0.00499233	0.392207	0.0218941	1.765102	1.150073	3.288637	2.235626
21834	-1793.485	-2075.27	281.7849	0.757094	0.00257995	0.149744	0.090583	1.95333	1.28836	3.106897	2.0676
21840	-1793.831	-2075.692	281.8604	0.738334	0.00397079	0.0477836	0.209911	1.588656	1.240899	3.270936	2.049837
21846	-1798.929	-2079.711	280.7814	0.70413	0.0198479	0.051182	0.22484	1.671503	1.263288	3.84573	2.049837
21852	-1800.111	-2079.756	279.6443	0.698636	0.019693	0.0585847	0.223086	1.422426	1.383141	4.212864	2.924894
21858	-1812.571	-2092.275	279.7042	0.669575	0.078073	0.0251962	0.227156	0.9469047	1.175631	4.242722	3.90862
21864	-1808.98	-2090.123	281.1421	0.669575	0.078073	0.0251962	0.227156	1.186409	1.297911	3.823097	2.147981
21870	-1800.162	-2079.834	279.6716	0.666848	0.0818272	0.0250936	0.226231	1.813328	1.170152	4.555011	1.83936
21876	-1813.853	-2094.431	280.5777	0.674834	0.130162	0.0253941	0.169611	1.706449	1.067468	4.149455	1.83936
21882	-1826.259	-2106.621	280.3616	0.671912	0.120164	0.0513412	0.156583	1.706449	1.281073	4.162066	1.81437
21888	-1821.66	-2104.148	282.4878	0.680145	0.0604553	0.0679663	0.191433	1.384704	1.424571	2.992696	1.831166
21894	-1833.863	-2118.426	284.5638	0.611138	0.297852	0.0307453	0.0602647	0.5962737	1.649156	2.340723	1.29115
21900	-1811.329	-2092.878	281.5493	0.658247	0.0894029	0.18744	0.0649102	1.20839	1.264007	3.744124	1.808
21906	-1829.437	-2108.633	279.1954	0.677812	0.0920602	0.181503	0.0486245	1.253967	1.165286	5.099992	1.817393
21912	-1807.261	-2091.055	283.7938	0.607944	0.224277	0.115767	0.0520122	1.066156	1.546598	2.498265	1.443759
21918	-1811.052	-2095.25	284.1982	0.528701	0.343188	0.0103328	0.117779	1.066156	1.553729	2.323587	1.293596
21924	-1812.496	-2093.004	280.5089	0.605709	0.155912	0.203966	0.0344128	1.070075	1.227965	4.485265	1.693012
21930	-1836.53	-2117.551	281.0211	0.571816	0.397185	0.00574545	0.0252538	1.110918	1.255424	4.420249	1.166843
21936	-1820.374	-2100.493	280.1187	0.5726	0.323538	0.00242015	0.101442	1.296396	1.232411	4.420249	2.062198
21942	-1814.153	-2095.585	281.4318	0.780216	0.143642	0.00224617	0.0738958	1.919112	1.432031	3.524168	1.476432
21948	-1816.227	-2098.156	281.929	0.620074	0.196836	0.00802536	0.175065	1.969439	1.440479	2.910192	2.09421
21954	-1814.883	-2097.671	282.7878	0.644527	0.275277	0.0198873	0.0603085	1.144867	1.525678	3.046547	1.50397
21960	-1803.645	-2088.239	284.5936	0.530524	0.268331	0.160295	0.0408497	0.9689537	1.477039	2.211129	1.243091
21966	-1814.419	-2097.011	282.5921	0.575301	0.290979	0.111702	0.0220183	0.9710632	1.4304	3.100619	1.963758
21972	-1817.386	-2100.052	282.6669	0.598691	0.243466	0.125452	0.0323909	1.19742	1.438614	3.214969	1.361885
21978	-1813.043	-2095.752	282.7086	0.558683	0.280457	0.144513	0.0163472	1.215169	1.525005	3.266397	1.113434
21984	-1824.534	-2105.907	281.373	0.553135	0.31498	0.0302465	0.101639	1.480573	1.35044	3.973474	1.167934
21990	-1814.572	-2096.144	281.572	0.56252	0.270192	0.021837	0.145451	1.221324	1.173021	3.87194	1.603956
21996	-1814.358	-2096.19	281.8328	0.562926	0.270387	0.0218528	0.144834	1.124362	1.330852	3.501219	2.000821
22002	-1823.51	-2106.063	282.5536	0.649523	0.221284	0.0959155	0.0332772	1.20766	1.474702	2.942196	2.000821
22008	-1813.352	-2094.096	280.744	0.702159	0.138606	0.103688	0.0555461	2.228974	1.377238	3.460437	2.276678
22014	-1802.942	-2083.233	280.291	0.664373	0.131147	0.151924	0.0525569	1.882121	1.281352	3.888156	2.37331
22020	-1798.325	-2078.001	279.676	0.779206	0.0189686	0.159421	0.0424036	1.549433	1.053463	4.320949	2.920261
22026	-1806.263	-2088.11	281.8471	0.898253	0.0254515	0.029596	0.0466991	1.151783	1.381437	3.081813	2.920261
22032	-1803.408	-2085.876	282.4683	0.341658	0.517969	0.000491511	0.139882	1.4801	1.506657	3.041851	1.551348
22038	-1800.852	-2082.708	281.856	0.480482	0.413742	0.000310179	0.105466	1.392235	1.443222	3.486537	1.551348
22044	-1805.714	-2085.367	279.6534	0.752738	0.128711	0.0132115	0.10534	1.186473	1.228254	4.401878	2.970335
22050	-1804.238	-2083.62	279.3825	0.66345	0.167721	0.0315634	0.137266	1.221344	1.159772	4.843983	2.231339
22056	-1805.516	-2086.359	280.8434	0.51972	0.176387	0.159534	0.144359	1.431723	1.156619	4.300992	1.373959
22062	-1814.97	-2096.037	281.0669	0.62417	0.185565	0.0834525	0.106813	2.920155	1.517225	3.07376	1.920086
22068	-1799.91	-2081.629	281.7184	0.619085	0.184054	0.0827726	0.114089	1.681877	1.222999	3.377071	1.920086
22074	-1808.731	-2089.907	281.1754	0.539305	0.341124	0.0201843	0.0993866	1.738812	1.452498	3.341143	2.373545
22080	-1805.382	-2085.872	280.4898	0.716304	0.0721317	0.134145	0.077419	1.757647	1.245854	3.574038	3.131827
22086	-1799.062	-2081.898	282.8354	0.675869	0.137978	0.108694	0.0774582	1.434808	1.457635	2.282281	2.878639
22092	-1782.116	-2063.633	281.5174	0.694096	0.162424	0.0639326	0.0795471	1.608068	1.250206	3.455703	2.05364
22098	-1795.342	-2076.697	281.3554	0.67578	0.158138	0.0622456	0.103836	1.376803	1.333431	3.283501	2.906278
22104	-1810.222	-2092.09	281.8682	0.56707	0.226486	0.0522602	0.154184	1.542889	1.414568	3.128208	2.184355
22110	-1810.775	-2090.901	280.1268	0.754412	0.076459	0.0887971	0.0803319	1.610804	1.222174	4.041293	2.63487
22116	-1803.113	-2083.336	280.2233	0.659111	0.162451	0.0197689	0.15867	1.50361	1.147886	3.867855	3.247621
22122	-1797.378	-2077.076	279.6976	0.725024	0.147619	0.00513829	0.122218	1.897964	0.9923474	4.22474	2.801999
22128	-1800.839	-2080.18	279.3411	0.754811	0.0335439	0.0463418	0.165303	1.848363	1.246848	4.01952	3.676636
22134	-1797.57	-2079.129	281.5589	0.734999	0.0326634	0.086892	0.145446	1.744407	1.500236	2.940329	2.735445
22140	-1801.356	-2081.953	280.5975	0.653105	0.120934	0.096721	0.12924	1.041492	1.312815	4.001487	2.675681
22146	-1811.639	-2091.021	279.3826	0.688421	0.127473	0.127057	0.0570483	1.888887	1.168697	4.545357	2.170501
22152	-1821.537	-2098.37	276.8336	0.641558	0.118425	0.187018	0.052999	1.443665	1.219094	6.236711	1.900236
22158	-1821.008	-2100.962	279.9533	0.489902	0.377676	0.102961	0.0294614	1.443665	1.123209	4.456161	2.17029
22164	-1812.923	-2092.896	279.9722	0.626123	0.173727	0.0985979	0.101552	1.287195	1.01964	4.816315	1.629796
22170	-1793.918	-2073.387	279.4682	0.588626	0.282446	0.0606492	0.0682795	1.287195	1.247102	4.987297	1.59333
22176	-1790.522	-2071.149	280.6275	0.725136	0.126237	0.0699153	0.0787114	1.287195	1.474414	3.77381	2.630405
22182	-1805.807	-2083.081	277.2738	0.750367	0.0646092	0.131313	0.0537108	1.320932	1.181094	5.697416	2.918804
22188	-1795.822	-2075.438	279.6152	0.583981	0.233999	0.106934	0.0750869	1.961827	1.355894	4.517423	1.619743
22194	-1803.902	-2084.091	280.1891	0.749376	0.0959597	0.0908621	0.0638018	1.474995	1.355894	4.341602	1.783241
22200	-1800.273	-2079.426	279.1524	0.787	0.0464173	0.120847	0.045736	1.809951	1.147073	4.255315	3.497939
22206	-1818.19	-2098.94	280.7505	0.812026	0.0478934	0.0928906	0.0471904	1.809951	1.292537	3.57502	2.564447
22212	-1805.843	-2085.059	279.2153	0.769302	0.052819	0.103851	0.0740282	1.412195	1.261023	4.624591	2.652971
22218	-1814.723	-2095.465	280.7415	0.75477	0.0328696	0.123982	0.0883782	1.409958	1.198382	4.097871	1.900465
22224	-1807.499	-2086.536	279.0366	0.764638	0.0770008	0.0844237	0.0739373	1.721897	1.321101	4.184492	3.754934
22230	-1820.296	-2100.52	280.224	0.644134	0.146206	0.126616	0.0830447	1.168314	1.228922	4.006971	3.211322
22236	-1835.712	-2116.123	280.4105	0.69797	0.146555	0.0892957	0.0661795	1.163418	1.212305	3.840268	3.434726
22242	-1811.086	-2093.682	282.5959	0.587502	0.155928	0.0834087	0.173161	1.011099	1.297948	3.112859	2.054542
22248	-1826.19	-2110.652	284.4623	0.620314	0.159005	0.119474	0.101206	0.8155756	1.57941	1.993592	1.850677
22254	-1798.127	-2082.721	284.5943	0.735198	0.138505	0.0543991	0.0718981	1.354037	1.70446	1.461026	1.815165
22260	-1807.468	-2091.283	283.8156	0.5366	0.272042	0.138882	0.0524764	1.611249	1.602238	2.077655	1.542616
22266	-1821.902	-2106.051	284.1499	0.670877	0.0839807	0.0215783	0.223564	1.612676	1.751156	1.749514	1.542616
22272	-1807.837	-2091.352	283.5143	0.778157	0.0973162	0.0301287	0.0943978	1.403705	1.657345	1.955007	2.338475
22278	-1807.987	-2091.42	283.4334	0.723038	0.0423201	0.0954282	0.139213	1.469059	1.649662	1.868663	2.574497
22284	-1816.895	-2099.847	282.9514	0.808877	0.0563911	0.106757	0.027975	1.911521	1.684071	1.920896	2.588018
22290	-1812.563	-2096.149	283.5857	0.653947	0.189865	0.0648071	0.0913809	1.145881	1.517847	2.399964	1.824218
22296	-1825.409	-2108.883	283.474	0.618682	0.235155	0.0681157	0.0780469	1.145881	1.523405	2.565598	1.628363
22302	-1836.899	-2118.579	281.6803	0.806405	0.0918886	0.00929073	0.0924157	1.25359	1.306637	2.89512	3.730174
22308	-1818.885	-2099.451	280.5658	0.506564	0.190032	0.231581	0.0718229	0.8272911	1.36108	3.890543	3.335081
22314	-1810.178	-2091.483	281.3047	0.66677	0.250131	0.0251709	0.0579288	1.028058	1.465783	3.604627	2.435902
22320	-1837.176	-2117.971	280.7953	0.643851	0.162155	0.0183151	0.175679	1.676571	1.138319	4.071061	1.681651
22326	-1811.592	-2093.448	281.8559	0.65033	0.181113	0.0905212	0.078036	1.435861	1.204689	3.518984	1.725584
22332	-1812.982	-2094.254	281.2721	0.726438	0.168123	0.0395766	0.0658628	1.232605	1.182851	3.991648	1.689321
22338	-1824.178	-2108.131	283.9526	0.548431	0.196866	0.171698	0.0830051	0.907487	1.288414	2.914776	0.9958526
22344	-1816.073	-2100.578	284.5043	0.376569	0.462828	0.0432736	0.117329	0.5052467	1.288414	2.89383	0.9003389
22350	-1834.691	-2116.494	281.8035	0.489863	0.401758	0.0736274	0.0347516	1.941107	1.420535	3.532185	1.054293
22356	-1804.882	-2088.263	283.3808	0.533001	0.288298	0.11079	0.0679107	1.064089	1.341053	2.882732	1.437769
22362	-1826.783	-2109.652	282.8688	0.41033	0.322162	0.19162	0.0758877	1.361014	1.344694	2.882732	1.709168
22368	-1813.564	-2097.33	283.766	0.526636	0.364778	0.0318572	0.076729	1.361014	1.477576	2.270521	1.65488
22374	-1805.306	-2088.772	283.4662	0.632447	0.274025	0.0146932	0.078835	1.48296	1.477576	2.270521	1.895761
22380	-1812.229	-2096.067	283.8374	0.522003	0.339693	0.00847849	0.129825	1.037013	1.42267	2.334007	1.892939
22386	-1825.7	-2109.562	283.8625	0.62963	0.309585	0.00794675	0.0528381	0.9001462	1.378452	2.314183	2.144641
22392	-1817.894	-2100.61	282.7164	0.753246	0.0708567	0.0981101	0.0777869	1.373412	1.364475	3.040871	1.539326
22398	-1824.698	-2107.241	282.5429	0.577034	0.220583	0.134809	0.0675744	1.373412	1.249955	3.209226	1.545329
22404	-1824.851	-2108.369	283.5176	0.447104	0.374208	0.123081	0.0556071	1.591797	1.528372	2.111887	1.96079
22410	-1824.916	-2107.591	282.6748	0.701571	0.0540468	0.106905	0.137477	2.157963	1.513606	2.111887	2.552059
22416	-1813.914	-2096.591	282.6765	0.639147	0.242392	0.106968	0.0114917	1.813837	1.483155	2.434673	2.236909
22422	-1808.801	-2090.405	281.604	0.680532	0.119486	0.168988	0.0309935	2.103805	1.525101	3.232607	1.585361
22428	-1806.833	-2087.979	281.1461	0.658741	0.175104	0.163577	0.00257807	1.929473	1.362205	3.596768	1.743015
22434	-1807.787	-2088.986	281.1982	0.391577	0.225016	0.266071	0.117336	1.964689	1.25951	3.70222	1.5516
22440	-1800.432	-2082.131	281.6993	0.602464	0.0384528	0.347509	0.0115742	1.964689	1.159715	3.636825	1.228171
22446	-1802.156	-2082.902	280.7464	0.828546	0.0280352	0.131136	0.0122827	1.964689	1.196782	3.722922	2.164074
22452	-1800.235	-2081.764	281.5294	0.729741	0.024692	0.239074	0.00649289	1.034002	1.160559	3.733804	2.221541
22458	-1797.061	-2078.651	281.5903	0.639387	0.00749289	0.341271	0.0118485	0.9310994	1.33532	3.927513	1.611714
22464	-1809.1	-2091.357	282.2575	0.620181	0.0380244	0.322982	0.0188128	1.315706	1.202588	3.32433	1.775889
22470	-1818.774	-2101.636	282.8621	0.614473	0.0614731	0.320009	0.00404492	1.370919	1.299575	2.876203	1.775889
22476	-1798.983	-2081.005	282.0217	0.8184	0.0914178	0.0870922	0.00309	1.614863	1.272719	3.094999	2.16131
22482	-1807.065	-2090.311	283.2461	0.686589	0.093477	0.181688	0.0382452	1.614863	1.438368	2.487451	1.650858
22488	-1808.073	-2090.856	282.7827	0.731099	0.0636197	0.169584	0.0356973	1.596954	1.43442	2.789985	1.64125
22494	-1826.92	-2109.468	282.5481	0.59592	0.174082	0.1917	0.0382979	1.08859	1.344409	3.677929	0.8716069
22500	-1810.059	-2090.767	280.708	0.451407	0.321947	0.188907	0.0377399	0.9134284	1.273969	4.67941	1.198438
22506	-1816.025	-2096.638	280.6136	0.542886	0.194474	0.201676	0.0609639	0.6502467	1.036439	4.936997	1.356933
22512	-1801.838	-2082.3	280.462	0.487504	0.303884	0.181103	0.0275087	0.8667037	0.9603795	4.936997	1.356933
22518	-1813.339	-2090.393	277.054	0.591827	0.164654	0.210123	0.0333954	2.227656	0.8518419	5.911949	2.066596
22524	-1794.832	-2073.356	278.5238	0.619965	0.172482	0.120057	0.0874953	1.211723	1.035097	5.699519	1.517388
22530	-1804.125	-2083.207	279.0821	0.528933	0.28276	0.0174031	0.170904	1.389216	1.043444	5.175942	1.785781
22536	-1804.61	-2083.336	278.7265	0.494418	0.264309	0.0348125	0.206461	1.389216	0.9415361	5.433124	1.775327
22542	-1803.676	-2082.726	279.0498	0.721851	0.137938	0.0324625	0.107748	1.332755	1.312209	4.714377	2.692101
22548	-1811.533	-2091.162	279.629	0.489855	0.252988	0.0595386	0.197618	2.199287	1.090034	4.616231	1.503263
22554	-1808.926	-2089.363	280.4369	0.460219	0.28336	0.0350783	0.221342	1.314179	1.033874	4.594487	1.503263
22560	-1800.503	-2082.146	281.6432	0.495153	0.228962	0.037741	0.238144	1.314179	1.640308	3.37423	1.894602
22566	-1796.559	-2079.806	283.2468	0.527243	0.289168	0.122386	0.0612022	1.314179	1.741188	2.625056	1.346656
22572	-1807.388	-2090.814	283.4267	0.394873	0.352876	0.150099	0.102152	1.250512	1.507761	2.743185	1.259037
22578	-1806.298	-2089.785	283.4869	0.470549	0.158588	0.330962	0.0399006	1.250512	1.874164	2.495066	1.232015
22584	-1800.751	-2083.087	282.3361	0.591283	0.0756442	0.297238	0.0358349	1.338216	1.562955	3.330203	1.232015
22590	-1824.409	-2105.752	281.3426	0.528305	0.279593	0.0786811	0.113421	1.585957	1.257269	3.738416	1.668227
22596	-1830.596	-2110.55	279.9542	0.711561	0.0427638	0.0929116	0.152764	1.781443	1.185478	4.191226	2.345213
22602	-1808.95	-2089.605	280.6548	0.615081	0.221782	0.0751672	0.0879703	1.563353	1.397206	3.766174	2.359654
22608	-1802.655	-2085.594	282.9392	0.71667	0.10587	0.0857866	0.0916732	1.248202	1.159367	3.068848	1.598191
22614	-1805.151	-2087.674	282.5223	0.50715	0.330219	0.0771526	0.0854781	1.300372	1.268737	3.223069	1.598191
22620	-1800.189	-2083.2	283.0108	0.49535	0.291481	0.105789	0.10738	1.575231	1.456138	2.670208	1.598191
22626	-1801.534	-2083.808	282.2741	0.627789	0.211092	0.100882	0.0602368	1.575231	1.470225	3.293234	1.243211
22632	-1811.843	-2093.179	281.3365	0.48522	0.339858	0.0543292	0.120593	1.141403	1.448671	4.065185	1.260897
22638	-1815.98	-2097.549	281.5685	0.388937	0.470851	0.0435486	0.0966635	1.326297	1.220922	4.065185	1.075112
22644	-1811.278	-2095.119	283.8411	0.554795	0.326796	0.059183	0.0592262	1.133059	1.435348	2.596179	1.267737
22650	-1811.723	-2094.1	282.3774	0.41448	0.509794	0.0314787	0.0442471	1.874047	1.636354	2.962079	1.291968
22656	-1820.143	-2103.291	283.1476	0.331327	0.407518	0.249987	0.0111684	0.7277452	1.541654	3.058613	1.535698
22662	-1820.043	-2102.37	282.3268	0.325539	0.399673	0.249357	0.0254316	1.666523	1.389257	3.110353	1.535698
22668	-1816.108	-2099.084	282.9758	0.559889	0.311868	0.0731051	0.0551377	0.9927755	1.394332	2.714373	2.336916
22674	-1811.239	-2092.554	281.3146	0.618728	0.239552	0.0807877	0.0609321	1.393049	1.456422	3.157898	3.099348
22680	-1810.248	-2090.743	280.4944	0.500644	0.3046	0.126465	0.0682907	1.013147	1.143564	4.117182	2.830537
22686	-1809.166	-2089.291	280.1247	0.706104	0.0668241	0.146071	0.0810012	1.626393	1.40344	3.860429	2.830537
22692	-1824.271	-2104.448	280.1768	0.521527	0.31795	0.076402	0.084121	1.016973	1.186398	4.835409	1.457329
22698	-1817.458	-2098.083	280.6251	0.702511	0.170674	0.0885777	0.0382376	1.116803	1.129144	4.499773	1.586048
22704	-1833.646	-2113.864	280.2178	0.617139	0.176973	0.188017	0.0178702	2.571258	1.288261	4.024781	1.508388
22710	-1813.667	-2095.335	281.6687	0.735882	0.0429559	0.208629	0.0125332	1.272696	1.160114	3.637645	1.948139
22716	-1805.871	-2086.712	280.8403	0.727837	0.0319055	0.206349	0.0339088	1.34897	1.347466	4.075233	1.706359
22722	-1811.62	-2092.136	280.5165	0.758033	0.0736312	0.13302	0.0353155	1.34897	1.634175	4.075233	1.752298
22728	-1798.932	-2079.976	281.044	0.76352	0.0608558	0.133983	0.0416409	1.305727	1.282169	3.997477	1.752298
22734	-1805.573	-2087.362	281.7887	0.544815	0.0996526	0.216432	0.1391	1.42649	1.220121	3.524975	1.78759
22740	-1818.753	-2097.985	279.2324	0.668316	0.122242	0.0623453	0.147097	1.585063	1.163317	4.792722	2.113699
22746	-1815.886	-2094.375	278.4894	0.733994	0.0562092	0.0660573	0.14374	1.706687	1.114937	4.965666	2.67041
22752	-1819.334	-2099.753	280.4188	0.56087	0.0429514	0.32389	0.0722887	1.344744	1.215527	4.508413	1.459382
22758	-1820.707	-2099.568	278.8606	0.728737	0.0151272	0.154664	0.101471	1.701982	0.9631179	4.931378	2.436395
22764	-1815.633	-2094.773	279.14	0.745083	0.0180182	0.162137	0.0747619	1.341219	0.9631179	4.931378	2.481237
22770	-1827.686	-2111.457	283.7705	0.481832	0.294027	0.172179	0.0519627	1.554001	1.456049	2.558384	0.9878086
22776	-1826.533	-2107.831	281.2982	0.565613	0.19177	0.186221	0.0563967	2.473978	1.366005	3.360639	1.572055
22782	-1815.112	-2097.068	281.9565	0.792683	0.0029076	0.166702	0.0377075	1.242126	1.285162	2.972014	3.0618
22788	-1804.861	-2088.128	283.2679	0.792683	0.0029076	0.166702	0.0377075	1.169067	1.427745	2.564279	1.984333
22794	-1807.871	-2090.478	282.6067	0.768793	0.00226482	0.0768737	0.152068	1.403866	1.40649	2.764213	2.176908
22800	-1804.868	-2086.483	281.6154	0.768448	0.00271305	0.0768392	0.152	2.977962	1.476641	2.628863	2.176908
22806	-1805.858	-2087.394	281.5353	0.727091	0.000531681	0.112936	0.159441	1.973496	1.180015	3.262972	2.176908
22812	-1814.164	-2094.898	280.7344	0.455824	0.302328	0.167152	0.0746966	1.367461	1.451309	4.059821	1.721792
22818	-1819.269	-2101.761	282.4921	0.449469	0.395555	0.0482493	0.106727	0.9720801	1.469373	3.358161	1.499512
22824	-1834.91	-2118.794	283.8838	0.38398	0.418874	0.0856373	0.111509	1.228562	1.479143	2.74958	0.8346396
22830	-1822.743	-2107.142	284.3986	0.458915	0.382017	0.0558224	0.103246	0.9371811	1.516988	2.448986	1.048729
22836	-1807.412	-2090.591	283.1791	0.409608	0.34894	0.130187	0.111265	1.18826	1.355397	3.066901	1.176433
22842	-1805.092	-2087.322	282.23	0.401553	0.349499	0.0894473	0.159501	1.36386	1.424701	3.338754	1.460953
22848	-1814.501	-2094.752	280.2503	0.569923	0.30659	0.100027	0.0234595	0.8834827	1.055824	4.940754	1.460953
22854	-1796.443	-2075.547	279.1044	0.450039	0.320527	0.157137	0.0722968	0.8834827	1.01396	5.59702	1.460953
22860	-1798.652	-2080.491	281.839	0.426741	0.303934	0.202866	0.0664596	0.8834827	1.187553	4.064824	1.27835
22866	-1805.612	-2087.089	281.4776	0.493449	0.177904	0.245795	0.0828529	1.395316	1.271822	3.395714	2.486252
22872	-1791.756	-2072.004	280.2481	0.808796	0.0528451	0.0923209	0.0460375	1.395316	1.030491	4.242465	2.486252
22878	-1803.459	-2084.82	281.3612	0.663778	0.0444152	0.268624	0.0231821	1.225894	1.006131	4.108818	1.555358
22884	-1817.769	-2097.069	279.3004	0.76109	0.0289892	0.189675	0.0202456	1.787897	1.030546	4.45797	2.85441
22890	-1830.733	-2111.679	280.9456	0.703294	0.116179	0.175272	0.00525551	1.623218	1.23205	3.758442	2.129624
22896	-1818.305	-2099.12	280.8156	0.848769	0.0134172	0.132613	0.00520054	2.277681	1.299659	3.362194	2.480276
22902	-1813.279	-2095.084	281.805	0.845505	0.00758331	0.132103	0.0148092	1.648183	1.40963	2.904792	2.706836
22908	-1818.298	-2099.296	280.9983	0.825671	0.0151011	0.0916035	0.0676246	1.968204	1.227745	3.342741	2.706836
22914	-1814.752	-2094.659	279.9072	0.583889	0.266246	0.0994149	0.0504497	1.002725	1.09893	4.916694	1.725471
22920	-1817.215	-2098.915	281.6998	0.711217	0.132889	0.093854	0.0620406	1.696451	1.315137	3.530538	1.492632
22926	-1822.781	-2104.124	281.3439	0.718327	0.142794	0.0947922	0.0440867	1.608229	1.523712	3.026566	2.994777
22932	-1812.174	-2094.331	282.1564	0.678279	0.149281	0.1177	0.0547408	1.229537	1.364558	3.169405	2.145736
22938	-1823.681	-2105.602	281.9206	0.678279	0.149281	0.1177	0.0547408	1.339273	1.364558	3.301502	2.025211
22944	-1831.185	-2111.775	280.5906	0.659878	0.182931	0.017574	0.139618	1.665041	1.480772	3.484262	2.952545
22950	-1817.199	-2097.205	280.0052	0.64997	0.150172	0.135264	0.0645937	1.377124	1.129564	4.165447	2.952095
22956	-1817.068	-2097.617	280.5484	0.604988	0.13831	0.126396	0.130305	2.130145	1.193298	3.576394	2.651319
22962	-1815.82	-2099.251	283.431	0.536334	0.162982	0.148052	0.152631	1.023457	1.292717	2.790563	1.66131
22968	-1817.741	-2100.323	282.5826	0.575907	0.127445	0.223757	0.0728905	1.044627	1.49574	2.742572	2.627317
22974	-1825.117	-2108.281	283.1646	0.651423	0.144156	0.121973	0.0824483	1.46577	1.537918	2.298022	2.182366
22980	-1810.862	-2093.943	283.0809	0.588879	0.178479	0.151014	0.0816276	1.522442	1.559516	2.413846	1.95303
22986	-1813.057	-2096.592	283.5349	0.461118	0.351435	0.0267182	0.160729	1.546147	1.369319	2.565163	1.320357
22992	-1807.442	-2090.49	283.0474	0.437932	0.384046	0.0253747	0.152647	1.209553	1.323071	3.343462	0.8520823
22998	-1802.344	-2085.507	283.1629	0.406728	0.408582	0.144748	0.0399416	1.325651	1.634146	2.833637	1.173719
23004	-1822.613	-2106.109	283.4969	0.70962	0.193041	0.0849432	0.0123959	1.034947	1.518058	2.700044	1.478486
23010	-1815.719	-2100.266	284.5471	0.542937	0.313597	0.0886308	0.0548352	1.393219	1.9159	1.301779	1.819932
23016	-1817.658	-2101.994	284.3358	0.798009	0.0868236	0.0711487	0.0440192	1.680759	1.903056	1.284397	1.819932
23022	-1840.602	-2124.557	283.9558	0.639247	0.154832	0.149642	0.0562791	1.126126	1.745404	1.73814	2.401852
23028	-1818.782	-2102.301	283.5192	0.664563	0.154389	0.155568	0.0254801	1.474843	1.745404	1.819706	2.401852
23034	-1825.05	-2109.764	284.7135	0.794192	0.0510113	0.0727542	0.0820428	0.9309316	1.73824	1.381938	2.294676
23040	-1812.113	-2096.298	284.1852	0.639794	0.137951	0.169764	0.0524912	1.391241	1.896628	1.29329	2.354648
23046	-1810.799	-2095.171	284.3715	0.610272	0.097606	0.232762	0.05936	1.777696	2.009367	0.98176	1.970509
23052	-1816.653	-2100.912	284.2585	0.779489	0.0905911	0.0590953	0.0708249	1.390868	2.155677	1.037387	2.295821
23058	-1819.423	-2104.589	285.1662	0.701261	0.0849485	0.182489	0.0313015	1.02736	2.192364	1.013482	1.544966
23064	-1820.506	-2100.681	280.1745	0.651519	0.130831	0.0825496	0.1351	1.180758	1.169113	4.331182	2.449547
23070	-1831.323	-2115.69	284.3665	0.74869	0.12356	0.079718	0.0480311	1.60036	2.106626	0.8690569	2.182342
23076	-1814.416	-2098.811	284.395	0.784702	0.0946005	0.0139086	0.106789	1.122136	2.106626	0.9900157	2.607613
23082	-1811.643	-2095.954	284.3111	0.77686	0.0504387	0.0237404	0.14896	1.305914	2.325942	0.7801586	2.416851
23088	-1811.25	-2094.922	283.6728	0.829898	0.0330789	0.0336561	0.103367	1.280723	2.325942	0.7918222	3.493125
23094	-1805.162	-2087.182	282.0195	0.764297	0.104946	0.0339145	0.0968425	1.134634	1.299803	3.4805	1.831423
23100	-1802.407	-2085.305	282.898	0.687217	0.0943617	0.131346	0.0870758	1.169018	1.267503	2.947909	1.856904
23106	-1824.781	-2107.811	283.0304	0.698354	0.082265	0.0430378	0.176343	1.770011	1.604054	2.423082	1.682395
23112	-1812.129	-2095.853	283.7242	0.710434	0.0533654	0.0463375	0.189863	1.596774	1.512812	2.077937	1.776278
23118	-1805.227	-2086.683	281.4562	0.708332	0.0142355	0.0544263	0.223006	1.779727	1.333695	3.304781	2.183773
23124	-1814.929	-2097.563	282.6341	0.770067	0.00944665	0.0724995	0.147987	1.367781	1.193694	2.992134	1.961482
23130	-1806.229	-2088.979	282.7502	0.743885	0.0535008	0.0357804	0.166834	1.413568	1.358806	2.651499	2.289046
23136	-1822.118	-2103.812	281.6938	0.768486	0.0303921	0.0369637	0.164158	2.128945	1.502894	2.756128	2.537603
23142	-1813.845	-2095.99	282.1447	0.697053	0.0620258	0.107223	0.133698	2.759217	1.303637	2.732191	1.668942
23148	-1812.111	-2093.76	281.649	0.697053	0.0620258	0.107223	0.133698	1.542985	1.203724	3.409215	2.120546
23154	-1802.206	-2081.913	279.7066	0.725889	0.0645917	0.111659	0.0978602	2.349431	1.077684	4.222836	2.173923
23160	-1795.886	-2076.881	280.9943	0.631917	0.106333	0.174234	0.0875164	1.391104	1.105581	3.693466	2.703895
23166	-1812.012	-2090.598	278.5859	0.670047	0.0181724	0.189761	0.12202	2.793947	1.144922	4.502011	2.56405
23172	-1816.187	-2096.093	279.9059	0.7567	0.0205225	0.0849776	0.1378	1.265193	1.050794	4.701337	1.958925
23178	-1811.468	-2092.081	280.6131	0.685801	0.0261109	0.19333	0.0947583	1.215195	0.9772853	4.248427	2.256257
23184	-1819.762	-2099.398	279.6365	0.800158	0.00583252	0.065223	0.128787	1.525856	0.938728	4.59486	2.433222
23190	-1824.846	-2105.288	280.4416	0.808101	0.00589043	0.0559428	0.130065	2.212027	1.039796	4.008349	1.87395
23196	-1821.202	-2103.189	281.9873	0.818441	0.00858007	0.018642	0.154336	1.872269	1.407944	3.15618	1.629956
23202	-1802.928	-2085.688	282.7603	0.732118	0.0191291	0.155657	0.0930955	1.347084	1.254239	3.049061	1.629956
23208	-1797.521	-2078.985	281.4641	0.689021	0.116824	0.0367908	0.157365	1.969708	1.163925	3.317829	2.172802
23214	-1818.055	-2099.052	280.9975	0.613807	0.145079	0.045689	0.195425	2.391813	1.542703	3.448754	1.606795
23220	-1814.005	-2096.92	282.9147	0.673914	0.138495	0.055395	0.132196	0.9577942	1.362326	2.979049	1.913955
23226	-1819.232	-2101.139	281.907	0.798896	0.0867974	0.0314568	0.0828498	1.559584	1.208953	3.185094	2.264436
23232	-1811.162	-2093.101	281.9387	0.728321	0.103244	0.0534	0.115035	1.726871	1.451103	2.694482	2.876388
23238	-1820.149	-2102.586	282.4366	0.684648	0.0977861	0.0689761	0.148589	1.648357	1.32586	3.033624	1.651327
23244	-1809.647	-2091.903	282.2561	0.512784	0.226411	0.166718	0.0940866	1.877663	1.449297	3.056123	1.458051
23250	-1809.983	-2091	281.0167	0.466108	0.307406	0.151543	0.0749428	1.923881	1.301523	3.585177	2.019387
23256	-1820.832	-2100.463	279.6309	0.612203	0.145158	0.108953	0.133686	1.651553	1.382002	4.662604	1.554375
23262	-1813.849	-2097.751	283.902	0.70303	0.029918	0.158728	0.108324	1.549369	1.680047	1.883362	1.758512
23268	-1796.72	-2078.549	281.8292	0.752734	0.0555223	0.0758162	0.115927	1.628254	1.492914	2.778786	2.893877
23274	-1800.521	-2082.34	281.8188	0.742877	0.0653143	0.131098	0.0607105	2.308682	1.552199	2.614033	2.431567
23280	-1807.005	-2088.67	281.6648	0.714008	0.0985168	0.157286	0.0301893	1.737398	1.771676	2.832851	2.438416
23286	-1804.878	-2087.708	282.83	0.740217	0.0784918	0.169568	0.0117226	1.340358	1.364601	2.832851	1.859794
23292	-1816.012	-2096.547	280.5354	0.576786	0.0987999	0.282261	0.0421538	1.008364	1.347683	3.95951	2.88899
23298	-1826.418	-2106.374	279.9555	0.747378	0.104334	0.0844184	0.0638698	1.008364	1.038029	4.414433	3.035593
23304	-1821.235	-2105.478	284.2425	0.375071	0.422852	0.135858	0.0662186	1.440354	1.536722	2.205401	1.091871
23310	-1808.323	-2092.025	283.7018	0.495086	0.28806	0.10814	0.108714	0.703347	1.528583	2.663122	1.700305
23316	-1821.461	-2105.252	283.7908	0.647349	0.171927	0.0929176	0.0878068	1.259399	1.629565	2.427838	1.274596
23322	-1824.877	-2109.318	284.4405	0.383355	0.389852	0.177319	0.0494747	0.706327	1.770879	2.388671	1.089965
23328	-1817.934	-2103.467	285.5325	0.461877	0.331423	0.169115	0.0375843	0.706327	1.719845	1.888875	0.8170682
23334	-1804.208	-2089.762	285.5547	0.560023	0.300181	0.113974	0.0258219	0.845804	1.931126	1.084255	1.525313
23340	-1808.636	-2093.49	284.8537	0.49849	0.313771	0.15816	0.0295781	1.471159	2.002554	1.190556	1.425349
23346	-1797.504	-2082.45	284.9459	0.55605	0.248681	0.176423	0.0188457	1.279638	1.825934	1.399264	1.425349
23352	-1814.5	-2099.252	284.7516	0.561423	0.119339	0.216004	0.103233	0.9984288	1.837703	1.464019	1.87063
23358	-1825.189	-2109.154	283.9649	0.819753	0.0524265	0.0669942	0.0608266	2.375512	1.895149	1.130299	1.87063
23364	-1812.716	-2097.16	284.4436	0.822434	0.0323345	0.0728879	0.0723438	1.728188	1.929336	1.101359	1.87063
23370	-1801.713	-2086.641	284.9285	0.810867	0.0097385	0.108068	0.0713263	1.324624	1.89955	1.101359	1.732473
23376	-1803.512	-2087.835	284.323	0.692052	0.0525308	0.204319	0.0510976	1.636866	1.89955	1.096382	2.179329
23382	-1814.894	-2099.863	284.9685	0.821728	0.0165792	0.132924	0.0287683	1.169676	1.984905	1.123451	1.725656
23388	-1808.85	-2093.904	285.054	0.653627	0.0992257	0.176887	0.0702603	1.345351	1.924186	1.055472	1.587216
23394	-1796.468	-2080.892	284.424	0.680337	0.0157361	0.230796	0.0731314	1.011605	1.843616	1.462502	2.292407
23400	-1809.461	-2093.209	283.7476	0.867944	0.00752413	0.0881014	0.0364303	1.288296	1.673275	1.852859	2.346599
23406	-1799.448	-2083.103	283.6552	0.735785	0.00637845	0.226953	0.0308831	0.8330705	1.627111	2.220504	2.392424
23412	-1798.081	-2080.618	282.5371	0.770196	0.00776333	0.143528	0.0785128	1.45449	1.381666	2.656473	2.503489
23418	-1811.003	-2093.891	282.8878	0.761838	0.0185301	0.141971	0.0776609	1.119367	1.505707	2.974894	1.579188
23424	-1815.782	-2098.479	282.6972	0.626368	0.00408031	0.316469	0.0530826	1.022691	1.474732	2.913921	2.111943
23430	-1800.641	-2083.16	282.519	0.647308	0.00228225	0.326457	0.0239532	0.8409627	1.313321	3.232183	2.100584
23436	-1801.374	-2082.646	281.2723	0.706727	0.00356301	0.190991	0.0987191	0.7930162	1.047353	4.220448	1.904738
23442	-1811.541	-2091.504	279.9625	0.667085	0.00835621	0.231377	0.0931817	1.447461	1.327905	4.191069	2.535568
23448	-1813.272	-2094.331	281.0592	0.661405	0.00828505	0.237922	0.0923882	1.540063	1.311321	3.499767	2.599938
23454	-1818.259	-2099.797	281.5379	0.678248	0.0163216	0.220001	0.0854293	1.204886	1.356476	3.339686	2.677211
23460	-1807.787	-2090.848	283.0618	0.572818	0.0709214	0.223123	0.133138	1.328724	1.379785	2.689849	1.856842
23466	-1807.274	-2090.647	283.3732	0.595146	0.0935156	0.0681629	0.243175	0.9332237	1.316709	2.770971	1.856842
23472	-1823.134	-2107.143	284.0083	0.755303	0.0430037	0.0782938	0.123399	0.8908522	1.492485	2.159093	2.131652
23478	-1814.946	-2097.444	282.4976	0.627282	0.266035	0.0370538	0.0696296	1.327742	1.442646	2.870016	2.131652
23484	-1806.264	-2089.392	283.1278	0.597978	0.139974	0.163859	0.0981891	1.191065	1.503847	2.523246	2.131652
23490	-1822.068	-2104.427	282.359	0.706862	0.113794	0.112144	0.0672002	1.224955	1.391304	2.870502	2.542017
23496	-1805.545	-2088.346	282.8017	0.699362	0.0914617	0.130798	0.0783781	1.496266	1.444018	2.604478	2.103274
23502	-1812.25	-2093.917	281.6672	0.599402	0.140074	0.200317	0.0602074	2.280544	1.531439	2.604478	2.749327
23508	-1808.037	-2090.846	282.8087	0.558618	0.219821	0.170358	0.0512027	1.16123	1.582286	2.430211	2.749327
23514	-1811.19	-2094.05	282.8596	0.618174	0.235414	0.0567256	0.0896863	1.16123	1.463922	2.786193	2.009193
23520	-1802.572	-2084.518	281.9462	0.713101	0.196265	0.0632303	0.0274037	1.16123	1.463831	3.365524	1.934949
23526	-1795.402	-2076.393	280.9903	0.833441	0.0831517	0.0507098	0.0326979	1.596296	1.228726	3.625331	2.43119
23532	-1802.324	-2084.224	281.8998	0.64974	0.196216	0.0707654	0.0832794	1.220071	1.345865	3.39966	2.001567
23538	-1816.196	-2097.385	281.1886	0.661799	0.16308	0.0926348	0.0824863	1.826039	1.514808	3.412577	2.001567
23544	-1799.502	-2077.797	278.2949	0.593412	0.272134	0.0850736	0.0493807	1.295662	1.036373	5.660364	1.785085
23550	-1800.88	-2082.485	281.6043	0.541111	0.248149	0.133846	0.0768931	1.647295	1.246714	3.785415	1.230363
23556	-1803.521	-2085.081	281.5601	0.572381	0.241406	0.0428458	0.143368	1.549981	1.128435	3.785415	1.502237
23562	-1809.696	-2090	280.3036	0.531827	0.276005	0.0965518	0.0956162	1.23249	1.110904	4.668394	1.502992
23568	-1803.347	-2084.002	280.655	0.496978	0.398413	0.0674985	0.0371101	0.8854731	1.087188	4.653464	1.549862
23574	-1798.177	-2078.587	280.4098	0.697649	0.154478	0.0957779	0.0520945	1.063657	1.153062	4.653464	1.549862
23580	-1810.794	-2093.121	282.3263	0.704627	0.156023	0.0967359	0.0426134	0.7914209	1.320268	3.27688	2.327968
23586	-1818.158	-2101.274	283.1161	0.530831	0.212579	0.198531	0.0580601	0.9771139	1.388314	3.069129	1.430641
23592	-1827.36	-2109.652	282.2917	0.529539	0.212062	0.198048	0.0603514	1.674843	1.291418	3.425675	1.088857
23598	-1816.501	-2096.658	280.157	0.547538	0.180357	0.0438284	0.228276	1.363118	1.043095	4.664483	1.623062
23604	-1797.557	-2076.696	279.1388	0.634168	0.174486	0.0303805	0.160966	1.265391	1.066671	4.924766	2.449617
23610	-1801.821	-2079.794	277.9731	0.767948	0.103947	0.0131286	0.114976	2.997839	0.9741451	4.924766	2.418769
23616	-1801.24	-2077.538	276.298	0.652801	0.0916855	0.154099	0.101414	1.561214	0.9285674	6.426832	2.418769
23622	-1811.607	-2089.934	278.3264	0.654389	0.0919085	0.154474	0.0992285	1.646077	0.9067057	5.308397	2.37196
23628	-1808.296	-2087.932	279.6355	0.613168	0.16396	0.144744	0.0781285	1.646077	1.068051	4.79926	1.637169
23634	-1798.465	-2079.274	280.8089	0.599053	0.244496	0.0857202	0.0707312	1.058267	1.137228	4.430672	1.57172
23640	-1808.234	-2088.585	280.351	0.592934	0.241999	0.0950586	0.0700088	1.519841	1.15566	4.28815	1.90341
23646	-1810.559	-2090.385	279.8263	0.628045	0.209646	0.0601342	0.102175	1.207372	1.128424	4.822493	1.752665
23652	-1820.544	-2100.806	280.2616	0.540691	0.180487	0.190859	0.0879633	1.34941	1.063032	4.603402	1.619233
23658	-1809.562	-2089.93	280.3686	0.749652	0.0674043	0.0363391	0.146605	1.34941	1.151199	4.204655	2.29079
23664	-1822.692	-2102.745	280.0527	0.773515	0.0695499	0.0224951	0.13444	1.300977	1.181085	4.332674	2.442364
23670	-1825.538	-2107.141	281.6032	0.610889	0.215547	0.103278	0.0702866	1.130072	1.488516	3.718961	1.610813
23676	-1816.958	-2100.815	283.8564	0.563598	0.258017	0.0952825	0.0831023	1.308664	1.551169	2.219115	1.610813
23682	-1829.625	-2113.478	283.853	0.568006	0.353633	0.0270227	0.0513384	1.269918	1.6051	2.150747	1.720806
23688	-1808.692	-2090.596	281.9042	0.810084	0.0408433	0.0381541	0.110918	1.634751	1.509207	2.733169	2.858023
23694	-1803.327	-2086.126	282.7991	0.683181	0.175686	0.0685671	0.0725652	1.716741	1.460618	2.642752	1.762825
23700	-1799.023	-2080.497	281.474	0.780439	0.0814796	0.040165	0.0979169	1.377604	1.217458	3.495283	2.344033
23706	-1806.257	-2087.499	281.2421	0.745625	0.122228	0.0385989	0.093549	1.224524	1.177887	3.650679	2.558494
23712	-1807.007	-2088.182	281.1753	0.681299	0.157978	0.0469452	0.113777	1.630744	1.322595	3.650679	1.941568
23718	-1818.101	-2099.356	281.2553	0.688862	0.210338	0.0458995	0.0549007	1.518509	1.26958	3.577019	2.205582
23724	-1810.899	-2093.669	282.7698	0.688492	0.0996694	0.0481729	0.163665	1.523808	1.361886	2.884883	1.630512
23730	-1799.649	-2082.853	283.2037	0.674423	0.188578	0.0471885	0.0898103	1.362122	1.611238	2.665055	1.41914
23736	-1800.436	-2083.277	282.8415	0.628116	0.17563	0.147517	0.0487383	1.362122	1.38089	2.610967	2.286331
23742	-1792.991	-2075.28	282.2888	0.79505	0.100337	0.0429211	0.0616914	1.731333	1.619252	2.610967	2.286331
23748	-1801.531	-2084.5	282.9697	0.824013	0.041208	0.0407439	0.0940348	1.296357	1.769346	1.912379	3.288014
23754	-1789.49	-2072.546	283.0556	0.798344	0.0446275	0.055419	0.10161	1.296357	1.66877	2.246304	2.486249
23760	-1788.723	-2071.557	282.834	0.767457	0.016624	0.0437196	0.172199	2.09277	1.661862	1.955272	2.515909
23766	-1803.748	-2086.9	283.1525	0.697771	0.0622612	0.047036	0.192932	1.144139	1.67704	2.305581	2.404769
23772	-1796.627	-2080.532	283.9049	0.29109	0.601055	0.0682912	0.0395642	0.2351758	1.519497	2.49898	2.300932
23778	-1794.786	-2079.502	284.7167	0.203246	0.592348	0.11668	0.0877257	0.213597	1.701241	2.49898	1.084288
23784	-1799.12	-2084.481	285.3619	0.332767	0.518708	0.102175	0.0463508	0.1617475	1.831813	1.577925	1.695546
23790	-1799.964	-2085.697	285.7325	0.329555	0.507729	0.111937	0.0507795	0.1504147	1.755607	1.726943	1.103156
23796	-1820.188	-2105.106	284.9183	0.354855	0.469936	0.120531	0.0546779	0.168047	1.625955	2.088887	1.598388
23802	-1803.245	-2086.768	283.5232	0.37645	0.480366	0.0917508	0.0514338	0.168047	1.787339	2.322949	2.81097
23808	-1823.904	-2108.416	284.5122	0.435125	0.473138	0.0563383	0.0353988	0.1554548	1.692826	2.262139	1.655506
23814	-1814.683	-2098.041	283.358	0.482885	0.425106	0.0557893	0.0362196	0.162667	1.409249	2.763523	2.539212
23820	-1816.14	-2099.629	283.489	0.544022	0.331553	0.0344655	0.0899598	0.162319	1.235324	3.230634	1.553223
23826	-1817.526	-2098.769	281.2424	0.441623	0.41284	0.0343805	0.111156	0.1771531	1.23359	4.086637	2.631959
23832	-1823.205	-2105.996	282.7914	0.415632	0.388543	0.091211	0.104614	0.2010236	1.323346	3.481745	1.839615
23838	-1822.375	-2106.462	284.0875	0.433991	0.36738	0.09524	0.103389	0.1719686	1.503858	2.556297	1.879521
23844	-1830.087	-2113.883	283.7957	0.270545	0.569247	0.0230201	0.137188	0.2097417	1.637844	2.835822	1.562223
23850	-1818.631	-2103.482	284.8513	0.338646	0.537378	0.0292261	0.0947497	0.2367635	1.576968	2.39867	1.249855
23856	-1820.797	-2105.392	284.5944	0.319442	0.506904	0.0275687	0.146085	0.2367635	1.576968	2.578934	1.216482
23862	-1813.22	-2096.047	282.8263	0.105259	0.727254	0.0716221	0.0958647	0.1648268	1.324136	3.59794	1.496942
23868	-1818.511	-2102.845	284.3335	0.331144	0.519407	0.0181578	0.131291	0.2449529	1.435397	2.697354	1.449897
23874	-1802.028	-2086.478	284.4501	0.4833	0.334533	0.0125001	0.169666	0.2022468	1.653072	2.508722	1.397209
23880	-1798.437	-2082.744	284.3071	0.348569	0.518346	0.00871109	0.124374	0.1866951	1.861329	2.534265	1.263648
23886	-1798.954	-2083.167	284.2137	0.324812	0.483017	0.0676233	0.124547	0.1426143	1.551718	2.830819	1.091023
23892	-1807.152	-2091.27	284.1176	0.353077	0.342458	0.16908	0.135385	0.1880685	1.54508	2.918206	1.136911
23898	-1816.036	-2101.247	285.211	0.234728	0.517799	0.155268	0.0922047	0.2285862	1.460417	2.313884	1.131876
23904	-1818.241	-2103.646	285.4054	0.233599	0.548774	0.0453785	0.172248	0.2147189	1.817996	2.07649	0.9387786
23910	-1794.588	-2078.922	284.3341	0.278255	0.65368	0.0503364	0.0177287	0.1766891	1.607615	2.680806	1.238689
23916	-1793.68	-2077.953	284.2732	0.378111	0.519487	0.0684005	0.0340015	0.1766891	1.607615	2.719545	1.236258
23922	-1800.103	-2085.048	284.9448	0.35784	0.524211	0.0832737	0.0346759	0.2294317	1.639148	2.21516	1.392734
23928	-1807.562	-2092.111	284.5486	0.491889	0.345977	0.114469	0.0476657	0.2284382	1.786021	2.429688	1.29579
23934	-1797.019	-2082.548	285.5296	0.265449	0.514476	0.170217	0.049858	0.2617334	1.792485	2.073182	0.8558063
23940	-1799.301	-2085.209	285.9076	0.453808	0.456374	0.0590453	0.0307729	0.2025341	1.792485	1.731963	0.9615118
23946	-1796.984	-2082.504	285.5197	0.323603	0.59865	0.0558032	0.0219436	0.1901467	1.725442	2.009337	0.9986676
23952	-1808.834	-2093.368	284.5336	0.181252	0.703099	0.0898774	0.0257722	0.370887	1.562638	2.815807	0.8487786
23958	-1811.896	-2096.548	284.6522	0.230754	0.645917	0.0905182	0.0328109	0.1829521	1.553539	2.746611	0.869944
23964	-1795.502	-2079.924	284.4226	0.375239	0.461478	0.104241	0.059041	0.2231005	1.553539	2.6527	1.294046
23970	-1795.929	-2080.185	284.2563	0.305569	0.571387	0.103478	0.0195651	0.1677822	1.553539	2.636714	1.448098
23976	-1802.933	-2086.536	283.6038	0.296144	0.638642	0.0567326	0.00848145	0.2139163	1.486249	2.960349	1.731433
23982	-1813.695	-2097.531	283.8364	0.444097	0.498442	0.0284985	0.0289626	1.086714	1.617436	2.333344	1.592904
23988	-1798.378	-2082.148	283.7701	0.507019	0.414772	0.0492732	0.0289359	1.498811	1.697067	2.333344	1.155814
23994	-1795.584	-2077.033	281.4482	0.523956	0.372023	0.0804865	0.0235347	1.726738	1.254964	3.879089	1.14588
24000	-1803.145	-2086.286	283.1412	0.562708	0.13164	0.28018	0.025472	1.388261	1.297563	2.924906	1.336535
24006	-1789.421	-2071.392	281.9701	0.578664	0.235557	0.175373	0.0104062	1.547494	1.435809	3.455331	1.336535
24012	-1800.991	-2083.005	282.0137	0.552319	0.22471	0.213039	0.00993242	1.056236	1.306363	3.724729	1.417054
24018	-1819.57	-2097.264	277.694	0.550952	0.355062	0.0819204	0.0120654	1.383167	1.406671	5.117232	3.530512
24024	-1816.8	-2097.842	281.0418	0.830428	0.0567547	0.105956	0.00686199	1.183046	1.317243	4.001978	1.844979
24030	-1811.211	-2093.523	282.3119	0.60945	0.170164	0.21535	0.005036	1.970851	1.572321	2.725623	1.815169
24036	-1819.964	-2101.545	281.5808	0.676223	0.138603	0.175409	0.00976547	1.261699	1.424184	3.200138	2.792278
24042	-1803.61	-2085.253	281.6429	0.481606	0.386513	0.124926	0.00695497	1.418036	1.161898	3.498769	2.124918
24048	-1798.223	-2081.632	283.4095	0.488494	0.294222	0.210229	0.00705444	1.42946	1.236417	3.032471	0.899264
24054	-1793.106	-2077.212	284.1053	0.595854	0.150811	0.236603	0.0167317	1.025565	1.642506	2.35507	1.287796
24060	-1798.475	-2083.005	284.5301	0.600125	0.213345	0.158583	0.0279465	1.025565	1.591281	1.936445	1.592875
24066	-1781.462	-2064.952	283.4898	0.75887	0.0595009	0.124629	0.0570006	1.249468	1.550893	2.197505	2.20024
24072	-1800.645	-2082.219	281.5738	0.595937	0.120303	0.202232	0.0815283	1.249468	1.43546	2.854352	3.824115
24078	-1813.948	-2094.285	280.3367	0.801843	0.0608184	0.0961228	0.0412161	2.981293	1.46564	3.154712	2.802804
24084	-1802.946	-2084.429	281.4825	0.75857	0.121182	0.101159	0.0190896	2.981293	1.305332	2.808807	2.188813
24090	-1803.762	-2086.116	282.3541	0.732677	0.0967636	0.148882	0.0216778	1.576127	1.428185	2.808807	2.189052
24096	-1812.778	-2093.783	281.0054	0.685382	0.150495	0.155451	0.0086721	1.411902	1.212181	4.136856	1.475212
24102	-1804.095	-2083.971	279.8769	0.682501	0.116759	0.14884	0.0518996	1.411902	1.092884	4.799725	1.557527
24108	-1809.092	-2088.609	279.517	0.704939	0.0683977	0.196261	0.0304028	1.944882	1.332509	4.212094	2.532072
24114	-1818.845	-2100.883	282.0382	0.750769	0.056969	0.166474	0.0257885	0.9744092	1.365483	3.74322	1.378599
24120	-1797.154	-2079.885	282.7307	0.643124	0.222121	0.0925486	0.0422063	1.49968	1.467984	2.980772	1.391815
24126	-1799.321	-2080.604	281.2832	0.607698	0.199521	0.0811263	0.111655	1.491239	1.290722	3.729228	1.820753
24132	-1800.976	-2081.205	280.2292	0.581825	0.280923	0.0395447	0.0977066	1.502882	1.373517	4.111676	2.213374
24138	-1810.439	-2092.925	282.485	0.662037	0.176882	0.0395517	0.121529	2.0129	1.750595	1.837598	3.323755
24144	-1826.546	-2109.531	282.9854	0.601586	0.222862	0.0224315	0.15312	1.321502	1.824761	2.298544	2.2103
24150	-1817.817	-2102.485	284.6676	0.526498	0.264865	0.0266591	0.181978	1.042564	1.626012	1.992362	1.282876
24156	-1807.125	-2088.852	281.7268	0.558607	0.209027	0.0392899	0.193076	2.962863	1.43253	2.472071	2.455892
24162	-1813.481	-2094.267	280.7863	0.654182	0.103052	0.109723	0.133043	1.198848	1.427887	3.611824	3.033829
24168	-1799.709	-2081.713	282.0041	0.743281	0.0497841	0.0925941	0.114341	1.719193	1.468509	2.720065	2.687403
24174	-1807.391	-2090.333	282.9422	0.718065	0.0201186	0.112407	0.149409	1.359398	1.408655	2.684272	1.950473
24180	-1824.258	-2102.09	277.8318	0.605089	0.155352	0.113657	0.125902	1.292431	1.093694	5.1941	3.753385
24186	-1804.985	-2086.086	281.101	0.584906	0.274531	0.0740378	0.0665254	1.56637	1.186433	3.655293	2.29311
24192	-1806.816	-2089.376	282.5591	0.534106	0.250688	0.154458	0.0607476	1.802212	1.383158	2.986061	1.389167
24198	-1820.279	-2105.401	285.1218	0.348429	0.414532	0.200415	0.036624	1.233677	1.592925	1.903701	0.8036259
24204	-1820.87	-2104.764	283.894	0.649018	0.194912	0.0616278	0.0944417	1.795656	1.878831	1.783391	1.462342
24210	-1808.06	-2092.452	284.3927	0.605438	0.232009	0.0896532	0.0729007	1.192292	1.628221	1.821324	1.723657
24216	-1821.691	-2103.643	281.9519	0.463857	0.349617	0.0426089	0.143917	1.960408	1.628221	3.079563	1.48394
24222	-1816.313	-2099.205	282.8921	0.433901	0.391618	0.0398572	0.134623	1.121417	1.48611	3.119906	1.31765
24228	-1808.118	-2091.375	283.2567	0.516582	0.355812	0.00546394	0.122141	1.253703	1.262908	3.125974	1.026655
24234	-1801.349	-2083.763	282.414	0.483377	0.371104	0.0181288	0.12739	1.253703	1.31588	3.428484	1.317883
24240	-1801.227	-2084.208	282.9815	0.503124	0.386264	0.00916577	0.101446	0.8268321	1.236634	3.059765	1.991318
24246	-1779.281	-2062.061	282.7804	0.557814	0.362785	0.0103469	0.0690538	1.205517	1.378099	2.80275	2.139319
24252	-1811.922	-2094.839	282.9166	0.581059	0.198514	0.177075	0.0433522	1.190431	1.604078	2.958738	1.385109
24258	-1794.833	-2077.034	282.2005	0.73321	0.0610464	0.151039	0.054704	1.455528	1.647468	3.216307	1.385109
24264	-1804.4	-2085.141	280.7416	0.701951	0.0584437	0.212063	0.0275424	1.455528	1.207973	4.07442	1.889277
24270	-1796.317	-2077.68	281.3624	0.740178	0.0551205	0.171987	0.0327149	1.219018	1.353147	3.611122	2.232709
24276	-1806.528	-2088.274	281.746	0.825464	0.104609	0.0605236	0.00940413	1.524076	1.365442	3.321744	1.994074
24282	-1810.966	-2093.182	282.2165	0.650832	0.0669721	0.275111	0.00708503	0.9386955	1.144521	3.444715	2.113374
24288	-1804.029	-2086.165	282.1363	0.652759	0.0671703	0.275925	0.00414609	1.325306	1.294201	3.115034	2.27717
24294	-1802.966	-2082.288	279.3219	0.697676	0.074941	0.211572	0.0158113	1.855175	1.198984	4.382576	2.680457
24300	-1813.801	-2097.607	283.8055	0.689535	0.122573	0.152538	0.0353535	1.378635	1.516236	1.91643	2.237612
24306	-1808.67	-2091.271	282.6013	0.612269	0.214507	0.119871	0.053353	1.707781	1.464746	2.546007	2.237612
24312	-1824.416	-2107.368	282.9517	0.867387	0.114619	0.00979837	0.00819532	1.332625	1.370824	2.395142	2.693538
24318	-1808.978	-2092.131	283.1523	0.603824	0.294099	0.0797401	0.0223367	1.332625	1.382072	2.608918	1.901975
24324	-1809.527	-2091.223	281.6958	0.562616	0.238497	0.184667	0.0142195	2.373662	1.353473	3.41571	1.117401
24330	-1818.049	-2096.799	278.75	0.659899	0.175344	0.13069	0.0340678	1.320428	0.9789079	5.223772	2.285097
24336	-1826.487	-2107.014	280.5271	0.762453	0.0471845	0.151	0.0393622	1.437337	1.151613	3.877906	2.799264
24342	-1814.586	-2096.329	281.743	0.492654	0.358376	0.133931	0.0150388	1.437337	1.289033	3.087262	2.799264
24348	-1825.955	-2107.983	282.0289	0.471869	0.436773	0.0759501	0.0154087	1.125735	1.40653	3.448457	1.764902
24354	-1825.659	-2106.778	281.119	0.516756	0.356227	0.0064211	0.120596	1.401803	1.351616	3.948715	1.57526
24360	-1796.292	-2077.742	281.4504	0.517256	0.356571	0.00546027	0.120712	1.168661	1.256126	3.938526	1.570888
24366	-1798.624	-2079.708	281.0843	0.500124	0.368447	0.00471132	0.126717	1.168661	1.247046	4.189095	1.495581
24372	-1809.17	-2090.016	280.8466	0.540526	0.31673	0.00565903	0.137085	1.489625	1.224471	4.189095	1.459707
24378	-1796.243	-2078.748	282.5055	0.377824	0.506395	0.0045901	0.111191	0.8916068	1.431027	3.441069	1.459707
24384	-1806.392	-2087.947	281.5549	0.465044	0.42162	0.00604818	0.107289	1.182501	1.32493	3.617356	2.038947
24390	-1808.728	-2089.298	280.5694	0.575261	0.268573	0.0159829	0.140183	1.182501	1.142668	3.858089	3.189189
24396	-1814.506	-2094.906	280.4005	0.609198	0.225424	0.0169257	0.148453	1.575736	1.142668	3.989378	2.521987
24402	-1811.131	-2088.528	277.3973	0.735535	0.0790934	0.0554859	0.129885	2.217609	0.9915507	5.652178	2.064935
24408	-1811.336	-2089.399	278.0625	0.602328	0.201996	0.0935128	0.102164	1.028278	0.9512884	5.795116	2.219838
24414	-1799.526	-2078.852	279.3266	0.582459	0.177331	0.177531	0.0626794	1.173631	1.059916	5.145103	1.777259
24420	-1806.721	-2086.32	279.5985	0.603126	0.183623	0.0683992	0.144852	1.417153	1.332655	4.560086	2.14793
24426	-1793.769	-2072.038	278.2694	0.653412	0.17599	0.0741021	0.0964956	1.247635	1.025728	5.437141	2.451256
24432	-1805.86	-2085.335	279.4756	0.749323	0.0550386	0.0849791	0.11066	1.60229	1.023627	4.780934	1.983122
24438	-1806.492	-2085.276	278.7842	0.701362	0.0173815	0.122169	0.159088	1.265467	0.9397735	5.309976	2.143557
24444	-1796.458	-2078.915	282.4574	0.701153	0.0286711	0.111135	0.159041	1.01224	1.432321	3.221405	1.819086
24450	-1798.121	-2079.395	281.274	0.69067	0.0575154	0.0684902	0.183324	1.609398	1.278962	3.36251	2.589991
24456	-1790.083	-2071.894	281.811	0.768183	0.111796	0.049975	0.0700459	1.41499	1.15941	3.521203	1.857478
24462	-1793.425	-2074.357	280.9321	0.608573	0.207756	0.0327426	0.150929	1.154378	1.368582	3.996979	1.967647
24468	-1815.411	-2095.928	280.517	0.600101	0.204864	0.0462073	0.148828	1.704179	1.328443	4.040609	1.830001
24474	-1805.404	-2086.783	281.3799	0.5783	0.246323	0.0415499	0.133827	1.467923	1.452237	3.228127	2.69773
24480	-1794.864	-2076.894	282.0293	0.597282	0.254408	0.0507701	0.0975404	1.546813	1.487866	3.203568	1.70629
24486	-1795.855	-2078.304	282.4492	0.580521	0.149214	0.0926409	0.177624	1.647998	1.381361	2.77989	2.105077
24492	-1795.723	-2076.599	280.8755	0.649856	0.14441	0.103706	0.102028	1.280108	1.168161	3.857073	2.508366
24498	-1794.929	-2074.169	279.2401	0.634812	0.223619	0.119726	0.0218428	1.394641	0.9841921	4.932076	2.23361
24504	-1789.162	-2068.076	278.9141	0.641866	0.214991	0.121057	0.0220855	1.151637	0.9177558	5.293373	2.184234
24510	-1810.284	-2088.422	278.1381	0.623461	0.070512	0.262749	0.0432777	1.299978	0.9726476	5.568585	2.30093
24516	-1803.535	-2082.312	278.7771	0.670067	0.0422279	0.280385	0.00731991	1.299978	1.005969	5.308212	2.02434
24522	-1806.499	-2087.705	281.2062	0.596318	0.0520931	0.342644	0.00894528	1.163525	1.179006	3.96353	1.921991
24528	-1799.587	-2078.084	278.497	0.659638	0.0764842	0.225618	0.0382601	1.607766	1.224504	4.678057	3.4824
24534	-1791.808	-2069.027	277.2193	0.694422	0.111666	0.165796	0.0281156	2.598275	1.243595	4.914564	3.680162
24540	-1793.867	-2074.444	280.5771	0.622315	0.156635	0.0356366	0.185413	2.148641	1.271493	3.576879	2.466846
24546	-1795.839	-2073.284	277.4455	0.727487	0.0977606	0.0642095	0.110543	1.67531	1.140975	5.363454	3.20594
24552	-1811.361	-2090.027	278.6665	0.515594	0.273351	0.0383601	0.172695	1.956298	1.077493	5.157367	1.722006
24558	-1803.303	-2084.069	280.7662	0.494666	0.243666	0.0534027	0.208265	1.011744	1.20383	4.373091	1.722006
24564	-1812.049	-2095.454	283.4054	0.595277	0.314699	0.0594797	0.0305448	0.1296658	1.431683	2.982326	1.815138
24570	-1812.085	-2093.781	281.6954	0.447739	0.48343	0.0192878	0.0495432	0.2174068	1.266159	4.244761	1.635941
24576	-1811.24	-2091.67	280.4293	0.373413	0.556155	0.0291133	0.0413189	0.1755219	1.171909	5.27594	1.056664
24582	-1815.946	-2094.942	278.9959	0.311352	0.531153	0.0340451	0.12345	0.1755219	1.171909	5.590892	2.067778
24588	-1822.82	-2102.272	279.4528	0.211468	0.747099	0.0231232	0.0183095	0.1568981	1.135033	5.72702	1.222641
24594	-1816.201	-2096.527	280.3261	0.443563	0.404411	0.133216	0.01881	0.1704422	1.171053	4.969909	1.78943
24600	-1820.446	-2103.489	283.0436	0.612983	0.225904	0.0853126	0.0758007	1.147186	1.655979	2.742054	1.640523
24606	-1800.239	-2084.533	284.2944	0.664996	0.217827	0.0478096	0.0693677	1.094096	1.497578	1.937413	1.917658
24612	-1803.767	-2087.86	284.0931	0.574833	0.257362	0.120183	0.0476221	0.9423886	1.512524	2.370865	1.513812
24618	-1815.601	-2099.117	283.5155	0.823328	0.095812	0.0453841	0.0354757	1.2894	1.586306	2.249381	1.957999
24624	-1808.782	-2093.129	284.3462	0.406455	0.495113	0.0959323	0.00249943	0.1566897	1.529279	2.63973	1.344324
24630	-1813.672	-2096.989	283.317	0.280749	0.564534	0.139348	0.0153697	0.1566897	1.475355	3.31823	1.294741
24636	-1812.978	-2095.954	282.9765	0.318329	0.490313	0.180355	0.0110031	0.1660232	1.404193	3.50122	1.425983
24642	-1824.881	-2109.036	284.1544	0.318329	0.490313	0.180355	0.0110031	0.1453594	1.421746	3.056457	0.9133205
24648	-1791.508	-2075.86	284.3526	0.313974	0.620445	0.0128296	0.0527514	0.2014479	1.556929	2.690553	1.285817
24654	-1805.805	-2090.754	284.9485	0.230538	0.649125	0.0774375	0.0428995	0.1528859	1.570507	2.39211	1.072892
24660	-1802.986	-2085.059	282.0726	0.387091	0.535192	0.0729774	0.00473963	0.1624316	1.27082	4.079205	1.457179
24666	-1810.932	-2095.068	284.1366	0.281092	0.594851	0.112978	0.0110782	0.1592296	1.334361	3.150544	0.894357
24672	-1812.843	-2096.515	283.6726	0.291337	0.616532	0.0806488	0.011482	0.2400853	1.334361	3.423324	0.9694203
24678	-1798.774	-2081.756	282.9823	0.49976	0.46295	0.0325945	0.00469513	0.1982183	1.334361	3.449389	1.654427
24684	-1804.092	-2087.818	283.7261	0.279217	0.623608	0.0942425	0.00293238	0.3116811	1.303301	3.449389	0.8880488
24690	-1806.194	-2089.097	282.902	0.273335	0.625473	0.0831256	0.018066	0.3874021	1.19045	3.968888	0.875736
24696	-1800.693	-2083.351	282.6585	0.237556	0.616129	0.120192	0.0261218	0.1579169	1.214161	4.040796	0.9570071
24702	-1794.964	-2079.26	284.2966	0.080953	0.771006	0.115353	0.032688	0.2615107	1.335336	3.116708	0.866293
24708	-1789.911	-2074.231	284.3198	0.153818	0.703216	0.120632	0.0223337	0.2265613	1.377749	3.075541	0.866293
24714	-1809.389	-2093.499	284.1104	0.227618	0.668909	0.0973897	0.00608363	0.2553281	1.498466	3.008515	1.069221
24720	-1799.917	-2083.214	283.2968	0.382769	0.464816	0.141262	0.0111528	0.1946646	1.322129	3.577298	1.071058
24726	-1792.315	-2076.389	284.0742	0.258029	0.586761	0.0990173	0.0561929	0.1814941	1.277628	3.258451	0.8692063
24732	-1792.189	-2076.364	284.1753	0.168612	0.69249	0.124444	0.014454	0.1510195	1.475939	2.956584	1.018468
24738	-1808.519	-2092.821	284.3025	0.265184	0.567635	0.160907	0.00627416	0.1477399	1.367837	2.834321	1.198853
24744	-1803.478	-2087.191	283.7129	0.393307	0.531423	0.0659165	0.00935362	0.3042438	1.38726	2.987388	1.659374
24750	-1787.836	-2069.981	282.1451	0.245091	0.589006	0.0464441	0.119459	0.4039246	1.308265	3.518279	2.590142
24756	-1804.27	-2086.462	282.1918	0.405795	0.505474	0.0399133	0.0488185	0.5755769	1.365837	3.887693	1.391111
24762	-1820.652	-2103.967	283.3153	0.73515	0.224117	0.0091177	0.0316155	1.122143	1.668898	2.256883	2.32115
24768	-1809.83	-2092.919	283.0885	0.509899	0.438517	0.0296558	0.0219285	2.286779	1.501532	2.475575	1.198861
24774	-1818.101	-2101.272	283.1707	0.42758	0.360699	0.127993	0.0837285	1.423459	1.34263	2.710709	1.620479
24780	-1824.759	-2107.321	282.5628	0.555493	0.341632	0.0285192	0.0743554	3.063929	1.514773	2.413755	1.319566
24786	-1821.072	-2102.435	281.3631	0.568258	0.269496	0.101292	0.060954	1.168203	1.423879	3.694808	2.002531
24792	-1810.596	-2093.874	283.2788	0.597326	0.280475	0.0658201	0.0563795	0.9107442	1.393029	2.756744	1.940309
24798	-1796.989	-2079.215	282.2253	0.668447	0.087248	0.182362	0.0619423	1.761717	1.494154	2.637008	2.464473
24804	-1793.521	-2076.126	282.6052	0.610251	0.0992636	0.193605	0.096881	1.475257	1.688656	2.444792	2.424648
24810	-1809.777	-2094.046	284.2693	0.585938	0.131094	0.255687	0.0272809	1.09142	1.633453	2.006022	1.652987
24816	-1805.734	-2089.178	283.4436	0.681439	0.0476461	0.244796	0.0261189	1.197826	1.756937	2.208574	2.024105
24822	-1813.541	-2095.292	281.7513	0.417881	0.430585	0.0886365	0.0628974	0.9611865	1.232263	3.894414	1.575081
24828	-1808.093	-2091.692	283.5991	0.48428	0.402005	0.0386251	0.0750903	0.9611865	1.343916	2.653299	1.743852
24834	-1814.562	-2097.818	283.2567	0.489884	0.406657	0.0275004	0.0759593	1.955415	1.449384	2.521361	1.254515
24840	-1809.893	-2094.568	284.675	0.541711	0.309098	0.0304098	0.118781	0.8060531	1.578898	2.162556	1.307319
24846	-1810.755	-2093.626	282.8704	0.616478	0.199319	0.107608	0.076595	1.104283	1.291784	2.82232	2.224266
24852	-1799.571	-2081.037	281.4665	0.501001	0.375303	0.061448	0.0622475	1.099651	1.221122	3.858301	1.847992
24858	-1796.528	-2075.075	278.5472	0.639375	0.136204	0.144981	0.07944	1.778659	1.120285	5.253707	1.77234
24864	-1806.855	-2088.705	281.85	0.6012	0.200573	0.149456	0.0487712	1.268351	1.227446	3.780617	1.353583
24870	-1809.27	-2089.527	280.2561	0.632301	0.181726	0.155048	0.0309252	1.855978	1.507994	4.208991	1.426773
24876	-1817.434	-2100.131	282.6974	0.596845	0.163801	0.0951805	0.144173	1.843535	1.734935	2.269777	2.185765
24882	-1807.081	-2090.992	283.9106	0.693309	0.272806	0.00329685	0.0305878	0.9479366	1.580071	2.158161	2.067698
24888	-1801.436	-2085.745	284.3088	0.629254	0.234224	0.10876	0.0277618	1.063376	1.707714	2.087317	1.408355
24894	-1807.164	-2091.443	284.279	0.55971	0.312647	0.121797	0.00584611	1.00354	1.8424	1.291401	2.860079
24900	-1810.595	-2095.929	285.3336	0.45723	0.249127	0.246778	0.0468648	1.078074	1.830608	1.32432	1.307122
24906	-1808.777	-2093.335	284.5581	0.602211	0.132495	0.222954	0.0423405	1.366053	1.859845	1.270384	1.959175
24912	-1810.394	-2094.857	284.4631	0.433994	0.197445	0.332246	0.0363145	1.552548	1.849842	1.630783	1.322137
24918	-1803.693	-2087.505	283.8125	0.497017	0.173431	0.305898	0.0236539	1.552548	2.015555	1.966928	1.322137
24924	-1809.431	-2092.621	283.1898	0.537346	0.280252	0.175458	0.00694459	1.210247	1.818373	1.891507	3.015539
24930	-1815.231	-2099.673	284.4417	0.642943	0.185934	0.116408	0.0547145	1.159532	1.915501	1.491974	1.919348
24936	-1840.115	-2123.933	283.8179	0.729666	0.175838	0.0146428	0.079853	0.7795959	1.600205	2.653219	1.403665
24942	-1823.216	-2104.646	281.4303	0.681857	0.150213	0.0653567	0.102574	1.376799	1.443543	3.844363	1.347185
24948	-1816.33	-2098.568	282.2386	0.649246	0.214425	0.0730613	0.0632673	1.214456	1.585237	3.347238	1.408245
24954	-1810.031	-2092.467	282.4354	0.56083	0.187991	0.177674	0.0735052	1.345793	1.693201	2.910176	1.775296
24960	-1814.245	-2096.232	281.987	0.602624	0.202001	0.116392	0.078983	1.309403	1.630922	3.234914	1.775296
24966	-1801.344	-2083.544	282.1995	0.630625	0.268497	0.0644365	0.0364421	1.637434	1.41862	3.297738	1.315394
24972	-1790.893	-2072.632	281.7389	0.662024	0.185231	0.112776	0.0399692	1.710546	1.289893	3.629776	1.273079
24978	-1805.827	-2085.112	279.285	0.541227	0.179052	0.206526	0.0731953	2.877017	1.198953	4.408436	1.689797
24984	-1798.136	-2078.475	280.3391	0.564112	0.207393	0.168704	0.0597909	2.895497	1.200156	3.753834	1.791432
24990	-1797.452	-2079.418	281.9662	0.64744	0.0821015	0.164238	0.10622	1.797466	1.478206	3.144518	1.665289
24996	-1795.301	-2078.507	283.2063	0.449144	0.252752	0.151197	0.146907	1.123861	1.365028	2.991345	1.339117
25002	-1801.205	-2083.837	282.6316	0.398128	0.417678	0.0921797	0.0920137	1.123861	1.303085	3.580775	0.96084
25008	-1788.939	-2070.815	281.8759	0.29924	0.531993	0.069284	0.0994828	1.123861	1.261985	3.714185	1.572736
25014	-1801.883	-2080.95	279.0673	0.420841	0.293671	0.164266	0.121222	2.269051	1.035415	5.030535	1.305233
25020	-1792.342	-2073.854	281.5117	0.527607	0.289905	0.136838	0.0456501	1.598939	1.23512	3.670928	1.61862
25026	-1808.137	-2089.554	281.417	0.538952	0.296139	0.118277	0.0466318	1.598939	1.541521	3.499294	1.720417
25032	-1807.428	-2090.548	283.1207	0.385822	0.499074	0.0825556	0.0325483	0.8397722	1.416115	3.027052	1.639856
25038	-1819.313	-2101.938	282.6246	0.385822	0.499074	0.0825556	0.0325483	1.102906	1.242861	3.223355	1.730999
25044	-1812.949	-2095.579	282.6304	0.431897	0.373782	0.13156	0.0627602	1.102906	1.274443	3.297747	1.534293
25050	-1817.817	-2100.094	282.2771	0.318681	0.472285	0.182304	0.0267299	0.9986245	1.362682	3.782435	1.030183
25056	-1819.134	-2100.238	281.1036	0.365505	0.524422	0.0946014	0.0154714	1.284751	1.191439	4.31632	1.168381
25062	-1810.479	-2090.68	280.2015	0.38319	0.38234	0.227039	0.00743061	1.947078	1.18035	4.31632	1.568688
25068	-1823.096	-2102.841	279.7453	0.346312	0.373365	0.27144	0.00888377	1.947078	1.18493	4.619552	1.467404
25074	-1814.674	-2094.201	279.5272	0.680427	0.181803	0.132173	0.0055962	1.339551	1.194823	4.91851	1.67678
25080	-1806.97	-2087.852	280.8821	0.629827	0.205584	0.149462	0.0151273	2.115554	1.463182	3.475732	2.04301
25086	-1805.943	-2086.251	280.3075	0.654433	0.174548	0.155301	0.0157183	1.081601	1.252428	4.309374	2.329092
25092	-1808.476	-2088.5	280.024	0.548027	0.245123	0.145241	0.0616086	1.659079	1.310847	4.432375	1.651931
25098	-1811.343	-2091.04	279.6971	0.613369	0.19926	0.0944118	0.0929592	1.564546	1.442847	4.631598	1.555553
25104	-1805.158	-2086.284	281.1254	0.658238	0.117421	0.101318	0.123023	1.157752	1.247949	4.139695	1.560306
25110	-1796.766	-2077.685	280.9196	0.589794	0.209192	0.0907831	0.110231	1.612907	1.478115	3.445572	2.606219
25116	-1786.357	-2068.33	281.9725	0.697931	0.0296461	0.141982	0.130441	2.182708	1.658709	2.523106	2.395027
25122	-1810.819	-2091.649	280.8299	0.788952	0.048998	0.0793814	0.082669	1.897434	1.550229	3.12997	3.133598
25128	-1807.582	-2088.505	280.9231	0.788952	0.048998	0.0793814	0.082669	1.823037	1.39905	3.198802	3.133598
25134	-1809.57	-2088.759	279.1892	0.824604	0.0512122	0.0443762	0.0798074	1.431615	1.322835	4.550908	2.776442
25140	-1804.736	-2082.539	277.8022	0.667468	0.0436055	0.0425469	0.24638	1.259982	1.413111	5.330645	2.857561
25146	-1794.417	-2075.561	281.1431	0.505053	0.298865	0.140772	0.0553107	1.147175	1.266552	4.362262	1.099022
25152	-1794.612	-2078.026	283.4138	0.552094	0.289148	0.0601093	0.0986487	1.022897	1.542611	2.806997	1.360068
25158	-1803.783	-2085.405	281.6217	0.633622	0.231398	0.0217637	0.113216	1.233096	1.537327	3.560546	1.742873
25164	-1811.01	-2092.31	281.3002	0.367741	0.515586	0.0199788	0.0966939	1.605352	1.494215	3.765499	1.367937
25170	-1805.455	-2085.597	280.1419	0.451631	0.371526	0.0188139	0.15803	1.090266	1.296412	4.56926	1.855222
25176	-1792.799	-2074.038	281.239	0.452004	0.371833	0.0180028	0.15816	1.449916	1.238245	3.819348	1.790746
25182	-1802.398	-2081.809	279.4111	0.654881	0.210776	0.0053653	0.128977	1.328482	1.209686	4.635741	2.516231
25188	-1792.882	-2073.19	280.308	0.780619	0.0571975	0.00844223	0.153741	1.839533	1.311446	3.628883	3.058346
25194	-1788.481	-2069.592	281.1113	0.656469	0.265866	0.00259121	0.0750737	1.580118	1.555672	3.396615	2.369445
25200	-1808.565	-2087.711	279.1466	0.507855	0.373587	0.0130666	0.105491	2.448673	1.49329	3.646836	3.98931
25206	-1806.857	-2089.925	283.0675	0.519173	0.37862	0.0117018	0.0905056	0.7015519	1.570127	2.84611	2.081778
25212	-1806.366	-2087.727	281.3612	0.684513	0.179811	0.0163481	0.119329	1.320067	1.277191	3.61034	2.211772
25218	-1816.697	-2097.893	281.1963	0.601532	0.280174	0.0254729	0.0928217	1.233825	0.9838715	4.250862	1.473471
25224	-1808.918	-2088.601	279.6831	0.528951	0.30677	0.0419062	0.122373	2.033058	1.127946	4.614429	1.541108
25230	-1813.937	-2093.974	280.0377	0.512177	0.266622	0.0723331	0.148867	1.318044	1.047463	4.341024	2.621307
25236	-1821.693	-2100.87	279.178	0.496866	0.258652	0.118951	0.125531	1.147362	0.9512125	5.497984	1.355682
25242	-1824.225	-2102.909	278.6839	0.546958	0.207618	0.130943	0.114481	2.137904	1.124021	5.014808	1.794828
25248	-1811.044	-2091.329	280.2847	0.557669	0.250331	0.0664451	0.125555	1.313809	1.310224	4.06227	2.598564
25254	-1816.885	-2098.597	281.7122	0.605396	0.25415	0.0363242	0.10413	1.872651	1.334142	3.321143	1.714873
25260	-1816.652	-2095.255	278.6029	0.46976	0.278866	0.0968925	0.154481	2.328462	1.153476	5.143835	1.417181
25266	-1815.137	-2094.343	279.2065	0.632298	0.0155829	0.296236	0.055883	1.364255	1.069748	4.952334	2.148092
25272	-1817.428	-2098.383	280.955	0.781009	0.0192478	0.130717	0.0690262	2.040584	1.281538	3.496676	2.219213
25278	-1804.198	-2084.904	280.706	0.695508	0.147906	0.0534178	0.103168	1.11825	1.346179	3.617986	3.432723
25284	-1817.2	-2100.572	283.3729	0.647743	0.234349	0.06698	0.050928	1.239314	1.470033	2.643348	1.557387
25290	-1831.616	-2114.303	282.6868	0.633149	0.0708658	0.26754	0.0284454	2.026359	1.471809	2.721314	1.443559
25296	-1808.319	-2091.401	283.0822	0.624496	0.195553	0.0399488	0.140002	1.519329	1.421813	2.635781	1.678295
25302	-1813.261	-2096.269	283.0083	0.507382	0.203137	0.225835	0.0636464	1.888801	1.473207	2.501562	1.603237
25308	-1837.489	-2119.828	282.3387	0.590544	0.212561	0.15398	0.0429153	1.938864	1.556968	2.851046	1.578548
25314	-1801.106	-2082.984	281.878	0.562074	0.331191	0.0238747	0.0828608	1.404125	1.513493	3.445872	1.512436
25320	-1800.742	-2083.19	282.4475	0.481062	0.283457	0.120742	0.114739	1.473565	1.442709	3.206393	1.339139
25326	-1797.194	-2080.342	283.1485	0.494301	0.259241	0.0878076	0.15865	1.021754	1.570173	2.9091	1.439289
25332	-1795.972	-2076.606	280.6343	0.451816	0.355064	0.0461314	0.146989	1.17671	1.363208	4.36946	1.504458
25338	-1798.879	-2080.656	281.7769	0.559463	0.322196	0.010853	0.107489	1.17671	1.61594	3.570848	1.504458
25344	-1786.47	-2068.939	282.4689	0.587831	0.297919	0.0013112	0.112939	1.804047	1.562366	2.857131	1.530353
25350	-1807.838	-2090.431	282.5926	0.694095	0.169566	0.0029842	0.133355	1.804047	1.571035	2.857131	1.378951
25356	-1805.688	-2086.829	281.1413	0.714688	0.150363	0.0166966	0.118253	1.996368	1.618061	3.217614	2.19846
25362	-1806.997	-2089.432	282.4357	0.582922	0.126455	0.208367	0.0822559	1.996368	1.342149	2.498533	2.438541
25368	-1814.887	-2097.451	282.5637	0.667913	0.0408576	0.237675	0.0535549	1.645171	1.439437	2.730559	1.984524
25374	-1819.155	-2101.263	282.1081	0.79932	0.00906723	0.131139	0.0604731	1.238181	1.263663	3.235941	2.185662
25380	-1804.4	-2084.282	279.8828	0.63706	0.0126499	0.248209	0.102081	1.347883	1.260322	4.306693	2.583881
25386	-1794.489	-2075.088	280.5984	0.659709	0.0130996	0.203528	0.123664	1.444495	1.349715	3.904929	2.30898
25392	-1795.478	-2077.403	281.9256	0.736193	0.0160338	0.157926	0.0898465	1.453095	1.484421	3.269665	1.80133
25398	-1814.815	-2097.458	282.6433	0.685715	0.0220485	0.256894	0.0353426	2.33351	1.550378	2.319061	1.917879
25404	-1805.527	-2088.588	283.0617	0.830286	0.0266971	0.0223439	0.120673	1.521147	1.475074	2.361078	2.208817
25410	-1803.66	-2086.749	283.0892	0.498465	0.354723	0.0399364	0.106875	1.644737	1.433163	2.537357	1.721047
25416	-1805.555	-2089.174	283.6187	0.51005	0.359905	0.0631854	0.0668596	1.571626	1.309788	2.598769	1.212189
25422	-1802.803	-2084.369	281.566	0.57608	0.196074	0.0939042	0.133942	1.441551	1.435087	3.543526	1.740949
25428	-1804.332	-2083.366	279.0345	0.488358	0.278675	0.133463	0.099504	1.833572	1.174856	5.018134	1.577308
25434	-1798.45	-2079.567	281.1171	0.778697	0.100826	0.053074	0.0674033	1.54115	1.584848	3.497895	2.121575
25440	-1800.924	-2083.881	282.9576	0.737505	0.0212126	0.087041	0.154242	1.833352	1.325756	2.666637	1.573671
25446	-1796.792	-2080.079	283.2872	0.642269	0.150907	0.0931496	0.113675	1.540945	1.446204	2.456334	1.728031
25452	-1797.063	-2080.745	283.6821	0.648277	0.223166	0.0789347	0.0496216	1.241798	1.51438	2.310942	1.769511
25458	-1807.811	-2091.411	283.6007	0.68536	0.111454	0.0834499	0.119736	1.323333	1.468511	2.331621	1.794335
25464	-1812.174	-2096.584	284.4096	0.632738	0.0963817	0.135047	0.135833	1.323333	1.612804	1.624939	1.921431
25470	-1800.703	-2083.22	282.5175	0.702061	0.102466	0.0510644	0.144408	1.429812	1.446948	2.732557	2.286401
25476	-1795.287	-2078.169	282.8819	0.666084	0.170023	0.00921255	0.154681	1.551812	1.446948	2.57186	1.99798
25482	-1802.931	-2086.124	283.1936	0.625088	0.237898	0.0518864	0.0851279	1.341019	1.584909	2.830255	1.184519
25488	-1807.46	-2089.332	281.8723	0.412862	0.431209	0.0940484	0.0618805	1.394212	1.26263	3.74267	1.238165
25494	-1796.391	-2077.15	280.759	0.399346	0.35466	0.184088	0.0619054	1.395615	1.097945	4.320641	1.53443
25500	-1813.622	-2092.797	279.1749	0.36654	0.444772	0.0908565	0.0978319	1.183626	1.275206	5.276838	1.406874
25506	-1821.462	-2104.347	282.8855	0.496703	0.219732	0.0941235	0.189442	1.017119	1.350187	3.025463	1.791685
25512	-1798.696	-2082.565	283.8684	0.529339	0.198239	0.10151	0.170912	1.12386	1.38139	2.67236	1.173909
25518	-1807.899	-2091.219	283.32	0.361561	0.521658	0.0860817	0.0306997	1.126686	1.499098	2.932845	1.173909
25524	-1808.885	-2094.352	285.4672	0.403128	0.334976	0.159902	0.101994	0.9496737	1.749361	1.59612	1.012439
25530	-1810.858	-2095.79	284.9319	0.435975	0.362269	0.0914513	0.110304	0.8672561	1.694448	1.874861	1.303514
25536	-1786.004	-2070.956	284.9517	0.30733	0.550447	0.0644664	0.0777564	1.004455	1.522362	2.140211	0.9060878
25542	-1804.544	-2087.571	283.0269	0.658596	0.139136	0.0563678	0.1459	1.276389	1.42243	2.876721	1.530452
25548	-1812.633	-2095.292	282.6586	0.659219	0.117576	0.0365967	0.186608	1.878333	1.717919	2.73622	1.298788
25554	-1810.383	-2092.444	282.0612	0.603987	0.208001	0.0308265	0.157186	1.385968	1.260911	3.588261	1.332538
25560	-1809.693	-2090.637	280.9442	0.519699	0.228082	0.181693	0.0705261	1.385968	1.270066	3.836352	2.174645
25566	-1793.185	-2075.173	281.988	0.60782	0.163753	0.133541	0.0948857	0.8332076	1.301246	3.479264	2.283107
25572	-1798.64	-2080.881	282.2409	0.612806	0.242109	0.122506	0.0225786	1.211661	1.266458	3.677209	1.140739
25578	-1794.329	-2074.516	280.1876	0.498824	0.219585	0.221286	0.0603048	1.310377	1.243789	4.698303	1.341802
25584	-1797.755	-2077.723	279.9683	0.392058	0.481561	0.0999727	0.026408	1.041071	1.206917	5.150391	1.025235
25590	-1786.42	-2065.717	279.2972	0.365457	0.434676	0.158691	0.0411767	1.31912	1.116741	5.400155	1.071099
25596	-1782.364	-2061.447	279.0828	0.365457	0.434676	0.158691	0.0411767	0.8962465	1.156495	5.438921	1.641516
25602	-1792.921	-2072.272	279.3511	0.628499	0.200917	0.0997695	0.0708141	1.297974	1.186695	5.169795	1.406182
25608	-1798.163	-2079.407	281.2434	0.616671	0.234176	0.0973531	0.0517995	1.017578	1.360715	4.084762	1.563241
25614	-1805.265	-2084.907	279.6414	0.633403	0.24053	0.102473	0.0235936	0.8334689	1.141439	4.844939	2.437178
25620	-1810.452	-2091.884	281.4324	0.54876	0.244985	0.0887795	0.117475	1.789774	1.263625	3.4864	1.883201
25626	-1807.978	-2089.771	281.7923	0.698744	0.18313	0.0643282	0.0537976	1.439234	1.250517	3.282529	2.281813
25632	-1800.64	-2082.794	282.1548	0.721026	0.124466	0.0989957	0.0555131	1.256031	1.354149	3.052496	2.407403
25638	-1814.591	-2098.071	283.4794	0.514831	0.307301	0.126224	0.0516439	0.7920024	1.578838	2.896723	1.345171
25644	-1810.153	-2094.208	284.0548	0.567384	0.226816	0.139108	0.0666921	0.6394976	1.484782	2.896723	1.008147
25650	-1808.795	-2092.858	284.0621	0.443198	0.401958	0.036654	0.11819	1.487008	1.674247	2.248449	1.026243
25656	-1807.437	-2091.064	283.6265	0.588922	0.199081	0.0866952	0.125301	1.156441	1.62327	2.194778	2.039487
25662	-1802.897	-2083.685	280.7877	0.531323	0.293577	0.035934	0.139167	2.145809	1.489762	3.609965	1.802054
25668	-1803.225	-2083.816	280.5905	0.489141	0.345986	0.036755	0.128118	1.058599	1.260186	4.536903	1.462617
25674	-1817.27	-2100.151	282.8805	0.552352	0.273669	0.0458476	0.128131	0.8954497	1.514306	3.208331	1.38397
25680	-1817.294	-2099.193	281.899	0.567101	0.280976	0.0453703	0.106552	1.715964	1.306675	3.542289	1.239949
25686	-1803.941	-2086.878	282.9366	0.543668	0.281101	0.0680692	0.107162	1.068331	1.6037	3.017983	1.384348
25692	-1814.084	-2096.793	282.7094	0.511223	0.337299	0.0846528	0.0668248	0.9482866	1.573393	3.39061	1.113826
25698	-1811.859	-2092.556	280.6964	0.641673	0.201386	0.0730647	0.0838765	1.092214	1.312223	4.536986	1.250392
25704	-1817.002	-2098.095	281.093	0.637867	0.220775	0.0494066	0.0919519	1.438312	1.47587	3.939753	1.441729
25710	-1828.524	-2114.838	286.3146	0.156476	0.691921	0.126763	0.0248403	0.2314426	1.452924	2.123661	0.3161839
25716	-1802.397	-2088.609	286.2121	0.108359	0.742024	0.135942	0.0136738	0.2471914	1.568717	2.123661	0.2168195
25722	-1799.983	-2085.473	285.4894	0.0349282	0.761615	0.167434	0.0360233	0.2169601	1.48179	2.627564	0.3081591
25728	-1806.356	-2091.842	285.4865	0.137945	0.677569	0.130172	0.0543139	0.3652957	1.433752	2.61985	0.3445873
25734	-1812.913	-2098.406	285.4931	0.105357	0.668736	0.186532	0.0393744	0.1747586	1.470298	2.613956	0.2816332
25740	-1793.86	-2080.53	286.6705	0.0622517	0.817282	0.110215	0.0102511	0.4292848	1.77579	1.586734	0.3209151
25746	-1791.053	-2077.947	286.8945	0.157375	0.669619	0.149802	0.0232042	0.3366765	1.814651	1.444844	0.3209151
25752	-1788.685	-2075.443	286.7578	0.127249	0.713559	0.131869	0.0273232	0.8349992	1.873009	1.121698	0.2324829
25758	-1796.787	-2083.239	286.4519	0.193299	0.665967	0.0779265	0.0628083	1.079278	1.873009	1.173875	0.2324829
25764	-1803.601	-2090.571	286.9701	0.192237	0.662308	0.122419	0.0230371	0.8051167	2.049007	0.728398	0.2515455
25770	-1804.65	-2091.855	287.2052	0.380157	0.490251	0.0968142	0.032778	0.1913364	2.337756	0.477755	0.2001411
25776	-1815.746	-2102.929	287.1838	0.192938	0.642773	0.0660266	0.0982621	0.2050409	2.382345	0.477755	0.2173718
25782	-1809.355	-2096.512	287.1573	0.0613772	0.729756	0.0800231	0.128844	0.3210904	2.382345	0.4431784	0.1968232
25788	-1807.014	-2093.796	286.7818	0.126682	0.658204	0.14378	0.0713347	0.7409814	2.382345	0.4660024	0.2420613
25794	-1823.528	-2110.244	286.7161	0.188858	0.648921	0.078758	0.0834637	0.7018464	2.484923	0.4460671	0.2667027
25800	-1811.824	-2098.577	286.7528	0.193354	0.702016	0.0806333	0.0239967	0.7385128	2.374932	0.4715184	0.1802229
25806	-1802.914	-2089.016	286.1017	0.439094	0.485838	0.0600603	0.0150076	1.434638	2.369419	0.4902565	0.1982749
25812	-1802.612	-2089.229	286.6177	0.0868772	0.757921	0.149547	0.00565449	0.9065346	2.366222	0.5567825	0.2245816
25818	-1809.066	-2096.102	287.0353	0.0907961	0.690088	0.213206	0.00590956	0.5651602	2.306967	0.5288997	0.2155037
25824	-1805.312	-2092.2	286.8883	0.0784032	0.798385	0.119889	0.00332304	0.7700213	2.137751	0.7546256	0.3036208
25830	-1817.218	-2103.962	286.7442	0.0998388	0.790522	0.104239	0.00540059	0.8593651	2.17904	0.7801865	0.2811683
25836	-1809.128	-2096.482	287.3536	0.11365	0.784427	0.0920338	0.0098893	0.2494435	2.17904	0.6859584	0.235546
25842	-1817.477	-2099.206	281.7292	0.335847	0.47985	0.0490671	0.135235	1.350642	1.35716	3.806781	1.212916
25848	-1817.962	-2099.73	281.7677	0.560038	0.320585	0.0239752	0.0954011	1.903743	1.326467	3.451742	1.369388
25854	-1805.812	-2087.004	281.192	0.594527	0.274386	0.026327	0.10476	1.261509	1.315857	4.062798	1.447593
25860	-1797.669	-2080.39	282.7203	0.36784	0.511804	0.0241719	0.0961839	1.19198	1.401319	3.412222	0.9974526
25866	-1806.316	-2089.668	283.3515	0.552396	0.344419	0.0207233	0.0824613	1.057191	1.49755	3.05888	0.9974526
25872	-1803.346	-2085.205	281.8595	0.451622	0.281587	0.199373	0.0674179	1.14251	1.503912	3.400247	1.941866
25878	-1798.202	-2080.754	282.5525	0.389717	0.418159	0.133948	0.0581766	1.137089	1.489286	3.412004	1.132512
25884	-1804.886	-2088.502	283.6161	0.420168	0.372696	0.144414	0.0627224	0.9299585	1.609399	2.877685	1.050112
25890	-1788.747	-2071.857	283.1101	0.502778	0.411186	0.044424	0.0416114	1.233053	1.603057	3.031984	1.009642
25896	-1799.523	-2082.084	282.561	0.483044	0.318915	0.0675232	0.130518	1.556579	1.521749	3.031984	1.371494
25902	-1793.924	-2078.064	284.1394	0.50028	0.279801	0.0749826	0.144936	0.9096901	1.481451	2.689186	0.9844287
25908	-1788.458	-2071.988	283.5298	0.522957	0.242913	0.0754961	0.158635	1.261879	1.535528	2.738313	1.118129
25914	-1803.404	-2084.012	280.6076	0.602598	0.276366	0.0857	0.0353366	1.896016	1.375899	3.94354	1.680103
25920	-1806.444	-2089.072	282.6277	0.569216	0.356549	0.0392578	0.0349769	0.9396669	1.274112	3.506296	1.318256
25926	-1837.38	-2120.845	283.4654	0.60698	0.252024	0.0695465	0.0714494	0.8392796	1.667329	2.659874	1.651414
25932	-1818.202	-2099.077	280.8749	0.608773	0.184448	0.0894614	0.117317	1.00557	1.135015	4.37717	1.671762
25938	-1815.308	-2096.309	281.0007	0.449168	0.266894	0.105355	0.178583	1.879405	1.374992	3.797848	1.530029
25944	-1787.23	-2068.793	281.5623	0.608042	0.215597	0.110956	0.0654051	0.9879584	1.36712	3.817059	1.772277
25950	-1803.008	-2086.047	283.039	0.437877	0.277501	0.174848	0.109774	1.281072	1.622438	2.910152	1.226702
25956	-1793.295	-2076.173	282.8777	0.478779	0.354794	0.122473	0.0439547	1.284111	1.612332	2.960632	1.318665
25962	-1796.584	-2078.833	282.2491	0.503097	0.35056	0.0514972	0.0948453	1.284111	1.488504	3.446565	1.245371
25968	-1800.095	-2080.147	280.0525	0.537862	0.401166	0.0333434	0.0276284	1.190769	1.169198	4.766819	1.568667
25974	-1827.622	-2107.743	280.1216	0.702466	0.19947	0.0364082	0.0616558	2.036668	1.071353	4.16084	2.070133
25980	-1811.403	-2091.539	280.1363	0.425411	0.451161	0.0886707	0.0347576	1.637624	1.365935	4.610239	1.129492
25986	-1791.77	-2073.601	281.8314	0.452419	0.479803	0.0566443	0.0111337	1.637624	1.243715	3.715963	1.129492
25992	-1806.905	-2089.234	282.3289	0.431111	0.457206	0.101074	0.0106093	1.208325	1.473949	3.715963	0.7845131
25998	-1812.977	-2096.478	283.5012	0.411276	0.39444	0.169887	0.0243966	1.325528	1.516397	2.788157	1.023962
26004	-1824.807	-2106.767	281.9592	0.429448	0.341637	0.183646	0.0452692	1.080207	1.422142	3.205445	2.463867
26010	-1826.846	-2108.863	282.0175	0.667719	0.213909	0.0416336	0.0767378	1.267198	1.342218	3.246079	2.141294
26016	-1815.276	-2098.842	283.5651	0.627687	0.197447	0.104534	0.0703316	1.090687	1.624527	2.222281	2.149963
26022	-1801.473	-2083.799	282.326	0.642419	0.121031	0.131471	0.105079	1.845089	1.650171	2.491965	2.33351
26028	-1803.74	-2085.076	281.336	0.575819	0.28005	0.0499457	0.094185	1.421363	1.406972	3.585929	2.002012
26034	-1801.432	-2084.841	283.4093	0.620679	0.280067	0.0353828	0.0638709	0.9285568	1.13942	3.125705	1.329979
26040	-1792.793	-2075.63	282.8371	0.41882	0.401439	0.120483	0.0592584	1.109321	1.47486	3.117248	1.4094
26046	-1806.215	-2087.213	280.9982	0.686309	0.108669	0.155228	0.0497944	1.782517	1.222851	3.619285	2.223665
26052	-1792.377	-2074.671	282.2944	0.69345	0.0813884	0.155716	0.0694448	1.197724	1.2891	2.913334	2.730322
26058	-1795.594	-2078.053	282.459	0.630727	0.147471	0.141062	0.0807399	1.213977	1.30517	3.23079	1.712065
26064	-1802.948	-2085.7	282.7517	0.60129	0.140588	0.18115	0.0769716	1.341944	1.224605	2.944923	1.900359
26070	-1797.752	-2078.591	280.8394	0.635564	0.11441	0.169713	0.0803122	1.244055	1.1778	4.075991	2.048316
26076	-1803.187	-2084.791	281.6046	0.78758	0.0303425	0.0702528	0.111825	1.244055	1.128935	3.534771	2.361561
26082	-1827.833	-2108.385	280.5513	0.713205	0.0785912	0.142173	0.0660309	1.538618	1.308564	3.573453	3.231941
26088	-1819.83	-2101.698	281.8679	0.734803	0.0506873	0.146479	0.0680306	1.081831	1.376061	3.185312	2.724169
26094	-1809.51	-2092.705	283.1952	0.458213	0.388261	0.111102	0.042423	1.081831	1.376061	2.78396	1.792135
26100	-1817.116	-2100.281	283.1645	0.480831	0.407426	0.0672268	0.0445169	1.208734	1.76939	2.497342	1.767386
26106	-1822.564	-2104.089	281.5251	0.66724	0.121386	0.130583	0.0807908	2.394842	1.457262	3.109145	1.767386
26112	-1825.151	-2108.686	283.535	0.542698	0.36588	0.00561053	0.0858108	1.474589	1.714339	2.377992	1.336858
26118	-1806.523	-2091.654	285.131	0.481381	0.423653	0.014004	0.0809619	0.7233731	1.650174	1.717168	1.557266
26124	-1823.674	-2109.568	285.8943	0.338442	0.573225	0.0193323	0.0690004	0.3994179	1.651804	1.746881	1.033704
26130	-1818.543	-2102.323	283.7802	0.351069	0.529897	0.0222036	0.0968303	0.2372917	1.417383	3.12069	1.303909
26136	-1836.955	-2119.71	282.755	0.512472	0.36075	0.0312181	0.0955593	0.2040141	1.439123	3.784684	1.147711
26142	-1808.421	-2091.345	282.9231	0.683432	0.130633	0.0953796	0.0905548	1.678146	1.423947	2.951365	1.122757
26148	-1811.798	-2095.038	283.24	0.448145	0.435372	0.0625429	0.0539405	1.645857	1.68091	2.617779	1.122757
26154	-1818.244	-2101.108	282.8641	0.438249	0.425758	0.0611619	0.0748316	2.047051	1.534591	2.826214	0.9884847
26160	-1819.904	-2103.047	283.1437	0.436658	0.436393	0.0523885	0.07456	1.653822	1.500271	2.878802	0.9641196
26166	-1814.403	-2097.485	283.0824	0.330617	0.463213	0.0997282	0.106441	1.360598	1.392099	3.116132	0.9905329
26172	-1806.398	-2090.73	284.3314	0.40247	0.420523	0.0861153	0.090892	1.226566	1.469869	2.379351	0.9905329
26178	-1820.754	-2105.271	284.517	0.485189	0.301424	0.103815	0.109573	1.226566	1.75525	2.075562	0.9905329
26184	-1828.785	-2112.657	283.8716	0.496593	0.308508	0.0827501	0.112148	1.346487	1.581268	2.277053	1.413303
26190	-1824.03	-2108.058	284.0274	0.537452	0.271201	0.0857948	0.105552	1.346487	1.595545	2.544261	0.8007994
26196	-1824.92	-2108.188	283.2679	0.397888	0.354473	0.0812793	0.166359	1.955088	1.523329	2.688232	0.892428
26202	-1829.369	-2111.877	282.5087	0.617054	0.127682	0.0906376	0.164626	1.258116	1.518798	3.063917	1.682867
26208	-1824.206	-2106.701	282.4951	0.458338	0.317719	0.101661	0.122282	1.050116	1.49792	3.409271	1.279093
26214	-1810.597	-2092.608	282.0109	0.578823	0.294375	0.094192	0.0326093	0.9064178	1.201035	4.03327	1.115719
26220	-1821.745	-2103.183	281.4383	0.560708	0.273468	0.107688	0.058136	1.430477	1.178845	4.087758	1.115719
26226	-1814.607	-2098.868	284.2614	0.661206	0.130866	0.125659	0.0822689	1.059093	1.625209	2.359987	1.097728
26232	-1800.071	-2084.019	283.9475	0.484842	0.328155	0.094693	0.0923105	1.350756	1.503329	2.454746	1.10894
26238	-1800.518	-2084.517	283.999	0.486696	0.353879	0.098988	0.0604366	1.12744	1.550281	2.48221	1.177638
26244	-1806.485	-2089.979	283.4936	0.425848	0.420606	0.0866123	0.0669329	0.9718551	1.457278	2.839692	1.363282
26250	-1814.073	-2097.586	283.5125	0.606421	0.277447	0.0164941	0.0996375	0.9998527	1.401512	2.857003	1.341299
26256	-1811.475	-2093.704	282.2293	0.508269	0.394396	0.0138245	0.0835108	1.026239	1.256983	3.426191	1.87221
26262	-1814.666	-2095.905	281.239	0.541918	0.303703	0.0932009	0.0611783	0.9876794	1.318336	4.293035	1.236807
26268	-1805.587	-2085.026	279.4388	0.449518	0.347907	0.130945	0.0716307	1.403808	1.140174	5.179442	1.236807
26274	-1802.961	-2081.288	278.3273	0.664325	0.215537	0.0600847	0.0600537	1.444318	1.124789	5.428896	2.001353
26280	-1810.839	-2091.976	281.1365	0.537113	0.174264	0.12673	0.161893	0.9978958	1.156697	4.209101	1.697843
26286	-1807.01	-2087.45	280.4397	0.569517	0.258118	0.00776725	0.164597	1.606486	1.106998	4.690687	0.9651743
26292	-1824.931	-2106.718	281.7869	0.593303	0.292914	0.069869	0.0439144	1.190354	1.294723	3.814089	1.365388
26298	-1820.422	-2102.307	281.8851	0.506099	0.386224	0.0780272	0.0296498	1.108367	1.253053	4.006319	1.033479
26304	-1816.097	-2098.287	282.1898	0.555607	0.300966	0.0686352	0.0747926	1.137529	1.31461	3.642117	1.283365
26310	-1806.95	-2088.67	281.7201	0.655351	0.103943	0.100033	0.140673	1.240252	1.349959	3.943501	1.086858
26316	-1820.833	-2101.667	280.8341	0.557028	0.253942	0.0785574	0.110473	1.452806	1.415789	3.943501	1.801472
26322	-1816.953	-2096.969	280.0156	0.668907	0.135606	0.154735	0.0407513	1.627842	1.295398	4.292953	2.030141
26328	-1822.111	-2103.673	281.5624	0.486161	0.210544	0.268412	0.0348827	1.472074	1.29382	3.547329	1.882285
26334	-1825.269	-2105.487	280.2185	0.573967	0.264829	0.124652	0.0365524	1.500113	1.148885	4.190854	2.354061
26340	-1812.638	-2093.55	280.9115	0.550543	0.299242	0.079502	0.0707129	1.211511	1.532473	4.09228	1.515465
26346	-1812.43	-2094.211	281.7809	0.496269	0.360238	0.079751	0.0637419	1.79144	1.294736	3.666974	1.087628
26352	-1810.584	-2092.398	281.8142	0.432084	0.364285	0.127142	0.0764884	1.909146	1.495812	3.413875	1.200585
26358	-1807.469	-2090.039	282.5705	0.461987	0.389497	0.0667339	0.0817819	1.297478	1.360497	3.350567	1.200585
26364	-1809.188	-2092.232	283.0439	0.470072	0.396312	0.0504029	0.083213	1.214125	1.436283	3.071108	1.200585
26370	-1812.185	-2095.186	283.0005	0.502782	0.384897	0.0486894	0.0636316	0.9428393	1.317516	3.08926	1.650433
26376	-1807.693	-2089.259	281.5661	0.578876	0.285055	0.0666767	0.0693927	1.337868	1.438628	3.721747	1.479341
26382	-1813.45	-2095.671	282.2211	0.418763	0.404085	0.0945189	0.0826338	1.337868	1.566595	3.559312	0.9448466
26388	-1809.958	-2093.515	283.5576	0.505203	0.28288	0.136398	0.0755185	0.8392886	1.461278	2.89717	1.333251
26394	-1822.813	-2105.055	282.2418	0.689664	0.166619	0.0605614	0.0831558	1.054813	1.506507	3.530396	1.314819
26400	-1810.257	-2092.174	281.9167	0.579527	0.286154	0.0508899	0.0834297	1.300934	1.362644	3.653644	1.340153
26406	-1815.385	-2098.361	282.9766	0.367039	0.535624	0.0118402	0.0854963	1.108479	1.453043	3.276683	0.9999515
26412	-1809.27	-2093.09	283.82	0.361005	0.526818	0.0116455	0.100531	0.6126201	1.41485	3.101515	0.9999515
26418	-1819.259	-2102.774	283.515	0.479273	0.271603	0.00825381	0.24087	1.075386	1.345646	3.039799	0.9999515
26424	-1809.976	-2092.292	282.3163	0.575716	0.310076	0.00852812	0.10568	1.095763	1.358642	3.61261	1.198325
26430	-1810.549	-2093.06	282.5106	0.822103	0.0244956	0.103226	0.0501758	1.694468	1.541286	2.322351	2.811439
26436	-1820.25	-2103.865	283.6147	0.706611	0.0226916	0.141602	0.129095	1.300266	1.685958	1.717394	2.811439
26442	-1800.504	-2083.618	283.1138	0.752389	0.0148417	0.178356	0.0544132	1.177437	1.551739	2.207663	2.843985
26448	-1808.546	-2091.061	282.5145	0.587453	0.035417	0.303013	0.0741165	1.243184	1.519512	2.720177	2.461076
26454	-1801.149	-2083.583	282.4341	0.70309	0.0992181	0.179599	0.0180929	1.072129	1.304198	3.156917	2.083222
26460	-1818.229	-2101.061	282.8325	0.520981	0.16309	0.131158	0.184771	1.530194	1.480577	2.831002	1.514504
26466	-1810.864	-2093.698	282.8331	0.520122	0.289027	0.1116	0.07925	1.530194	1.66905	2.612627	1.715115
26472	-1806.748	-2088.727	281.9796	0.57074	0.287362	0.110957	0.0309413	1.053373	1.305075	3.534107	1.859281
26478	-1801.647	-2086.082	284.4342	0.396274	0.467022	0.0293904	0.107313	1.034343	1.547984	1.972039	1.686433
26484	-1813.302	-2098.388	285.0859	0.480597	0.437345	0.0323692	0.0496888	1.130592	1.914772	1.338017	1.413222
26490	-1809.342	-2093.628	284.2863	0.299937	0.649557	0.0326137	0.0178931	1.058228	1.677595	2.101154	1.44983
26496	-1829.573	-2115.078	285.5053	0.561117	0.331537	0.101311	0.00603539	1.351918	1.891074	1.366545	0.7585312
26502	-1822.783	-2107.508	284.7244	0.65048	0.20668	0.117446	0.0253946	1.506817	1.865023	1.333648	1.497917
26508	-1800.747	-2085.026	284.2788	0.65048	0.20668	0.117446	0.0253946	1.506817	1.830675	1.663002	1.546873
26514	-1816.455	-2100.906	284.4515	0.601845	0.279575	0.0774593	0.0411207	1.020364	1.765528	1.656482	1.986966
26520	-1815.108	-2098.569	283.4611	0.598499	0.256721	0.0550257	0.0897542	1.95476	1.704145	1.824211	1.986966
26526	-1826.034	-2109.82	283.7854	0.560325	0.38933	0.0303467	0.0199986	1.601607	1.684716	1.824211	1.95624
26532	-1820.914	-2106.084	285.1703	0.28835	0.572036	0.048338	0.0912761	1.1427	1.672779	1.777862	0.9402125
26538	-1802.864	-2087.174	284.3099	0.391794	0.393686	0.0550105	0.15951	1.04287	1.564895	2.305809	1.215965
26544	-1826.048	-2107.055	281.0069	0.670799	0.0477938	0.23599	0.0454167	1.441978	1.281977	3.842362	1.991546
26550	-1813.122	-2094.361	281.2395	0.670799	0.0477938	0.23599	0.0454167	1.396431	1.210993	3.772519	1.991546
26556	-1808.343	-2088.622	280.2786	0.771504	0.0246746	0.173372	0.0304496	1.396431	1.359266	3.790205	3.181838
26562	-1803.61	-2085.296	281.6862	0.707372	0.0377004	0.213903	0.0410243	1.410269	1.244429	3.02491	3.181838
26568	-1795.369	-2078.533	283.1639	0.508487	0.24526	0.153762	0.0924909	1.27174	1.403978	2.433726	2.316482
26574	-1804.664	-2086.744	282.0797	0.804746	0.081474	0.0450464	0.0687331	1.404109	1.387809	2.795306	2.926604
26580	-1803.085	-2085.138	282.053	0.774516	0.0751352	0.0796334	0.0707157	1.442644	1.453016	2.837555	2.69842
26586	-1812.803	-2095.868	283.0652	0.792829	0.0421172	0.0973623	0.067691	1.745745	1.602349	2.075869	2.387154
26592	-1810.888	-2093.287	282.3983	0.850858	0.0397018	0.0369539	0.0724859	1.739901	1.511055	2.471742	2.605907
26598	-1812.935	-2093.484	280.5485	0.805943	0.037606	0.0350032	0.121448	2.398145	1.115133	3.562736	2.518196
26604	-1812.027	-2093.309	281.2827	0.751514	0.00222838	0.133012	0.113246	1.678516	1.1548	3.562736	2.174548
26610	-1816.274	-2097.668	281.394	0.802682	0.0124269	0.140515	0.0443767	1.219911	1.202313	3.481562	2.743056
26616	-1830.487	-2112.957	282.4698	0.777188	0.00546979	0.0954577	0.121884	1.133579	1.38288	3.317744	1.520881
26622	-1832.085	-2115.475	283.3891	0.793547	0.0115059	0.143481	0.0514667	1.465266	1.210718	2.736135	1.428219
26628	-1814.339	-2097.553	283.2141	0.732674	0.00339877	0.205561	0.0583663	1.465266	1.502803	2.641067	1.471374
26634	-1803.443	-2087.114	283.6714	0.644423	0.0106924	0.265696	0.0791879	1.572033	1.421042	2.259714	1.63576
26640	-1806.665	-2090.208	283.5429	0.64538	0.0687751	0.211417	0.0744288	1.001754	1.402893	2.852682	1.311985
26646	-1807.142	-2088.002	280.8597	0.765803	0.0434556	0.158245	0.0324967	1.182493	1.087783	4.350809	1.5957
26652	-1809.599	-2090.606	281.0074	0.748176	0.0424554	0.153943	0.0554254	1.421299	1.476964	3.541962	2.473781
26658	-1811.565	-2093.515	281.9497	0.780581	0.00744891	0.1283	0.08367	2.147063	1.425967	2.890489	1.953545
26664	-1825.176	-2108.806	283.6307	0.631422	0.168347	0.132594	0.0676362	0.9814521	1.432477	2.31748	2.270988
26670	-1800.659	-2082.538	281.8788	0.6812	0.141868	0.0403773	0.136554	1.509731	1.392572	3.094511	2.320964
26676	-1818.452	-2098.803	280.3513	0.550307	0.226945	0.12071	0.102038	1.554934	1.608522	3.249747	4.055516
26682	-1806.661	-2088.592	281.9307	0.680081	0.161452	0.085875	0.0725915	1.631228	1.42682	2.803452	2.767415
26688	-1827.659	-2109.399	281.7395	0.77817	0.0561291	0.0470558	0.118646	1.394389	1.34942	3.08787	2.767415
26694	-1803.967	-2085.803	281.8361	0.713284	0.116471	0.0680018	0.102243	1.550495	1.445045	3.141828	2.145805
26700	-1813.381	-2096.585	283.2035	0.753204	0.0675374	0.0853811	0.093878	1.685852	1.508871	2.29829	1.918216
26706	-1809.368	-2092.86	283.4918	0.420876	0.392904	0.10439	0.0818296	1.371602	1.580957	2.582143	1.272868
26712	-1799.716	-2082.72	283.0036	0.337103	0.449739	0.119491	0.0936667	1.50988	1.552385	2.984276	0.9982422
26718	-1801.635	-2085.445	283.8099	0.307766	0.549398	0.0944516	0.0483842	0.853354	1.681059	2.642775	1.257016
26724	-1800.279	-2084.734	284.4555	0.521415	0.300986	0.095627	0.0819723	1.417473	1.858496	1.844934	1.120628
26730	-1811.064	-2094.47	283.4053	0.582455	0.270305	0.134694	0.0125464	1.696355	1.698345	2.151505	1.700233
26736	-1829.067	-2112.093	283.026	0.596798	0.278645	0.0812645	0.0432921	1.398258	1.700546	2.552329	1.700233
26742	-1809.798	-2091.478	281.6798	0.69871	0.0598401	0.133974	0.107475	1.548152	1.363421	3.65216	1.363006
26748	-1805.747	-2086.284	280.5363	0.636603	0.241664	0.0238113	0.0979221	1.74092	1.262901	4.215881	1.476898
26754	-1798.939	-2080.636	281.6964	0.658538	0.215534	0.0246318	0.101296	1.155316	1.235349	3.766701	1.674796
26760	-1811.94	-2094.292	282.3521	0.49257	0.44302	0.00408669	0.060323	1.340373	1.385699	3.254474	1.555181
26766	-1806.538	-2088.589	282.0503	0.507384	0.456343	0.0042096	0.0320633	1.489817	1.526261	3.125589	1.858063
26772	-1799.611	-2082.473	282.8621	0.477063	0.429073	0.00395804	0.0899057	1.190536	1.510395	3.073647	1.336592
26778	-1801.995	-2084.066	282.0714	0.481004	0.432617	0.0270339	0.0593456	1.164834	1.556195	3.626985	1.152071
26784	-1806.247	-2088.528	282.2815	0.391548	0.406871	0.0223868	0.179195	1.164834	1.44438	3.545151	1.19683
26790	-1814.368	-2095.914	281.5453	0.409708	0.469976	0.0871336	0.033183	1.325592	1.284508	3.912452	1.315789
26796	-1813.74	-2095.685	281.9448	0.413882	0.474764	0.0880214	0.0233318	0.9722752	1.24989	3.897356	1.315789
26802	-1809.878	-2091.782	281.9037	0.481387	0.370804	0.116557	0.0312527	1.511151	1.262297	3.746026	1.092165
26808	-1803.729	-2085.264	281.5352	0.521771	0.256283	0.13503	0.0869164	1.511151	1.250495	3.96453	1.092165
26814	-1792.59	-2075.63	283.0401	0.414749	0.207024	0.299066	0.0791606	1.371627	1.351017	3.049145	1.180834
26820	-1820.394	-2100.374	279.9803	0.723085	0.0405876	0.105598	0.130729	1.320878	1.165642	4.239928	2.802676
26826	-1813.782	-2096.057	282.2748	0.759601	0.0433325	0.112739	0.0843274	1.095607	1.101605	3.28415	2.255511
26832	-1791.121	-2072.782	281.6606	0.673782	0.0163784	0.220869	0.0889701	1.506698	1.26682	3.504856	1.846035
26838	-1792.408	-2073.392	280.9839	0.637095	0.16393	0.11485	0.0841257	1.713694	1.303028	3.708026	1.999309
26844	-1797.331	-2079.028	281.6973	0.689646	0.0866377	0.124323	0.0993933	1.607723	1.410422	2.835589	3.125083
26850	-1803.793	-2084.614	280.8214	0.725352	0.0114628	0.205538	0.057647	1.319949	1.47575	3.101867	4.298292
26856	-1826.729	-2107.911	281.1827	0.792767	0.0992006	0.0450278	0.0630047	1.319949	1.414671	3.101867	3.699877
26862	-1808.431	-2090.521	282.0895	0.759235	0.0212183	0.111233	0.108313	1.89941	1.547977	2.314943	3.254202
26868	-1808.388	-2090.252	281.8638	0.767682	0.0214543	0.0499494	0.160914	1.402688	1.390787	2.697683	3.581718
26874	-1823.627	-2105.917	282.2902	0.690543	0.050527	0.0449303	0.214	1.712284	1.473585	2.328871	3.254033
26880	-1807.908	-2089.929	282.0206	0.55876	0.209901	0.0610055	0.170333	1.712284	1.559746	2.328871	3.585539
26886	-1803.505	-2086.46	282.9547	0.686023	0.169636	0.0380637	0.106277	1.250416	1.514134	2.210356	3.048875
26892	-1811.915	-2093.803	281.8883	0.558114	0.138007	0.031512	0.272367	2.562741	1.528848	2.555705	2.252361
26898	-1810.858	-2090.716	279.8573	0.41588	0.32351	0.0166595	0.24395	1.554635	1.096079	4.449725	2.224632
26904	-1819.142	-2097.954	278.8121	0.664966	0.107638	0.0341531	0.193242	1.312814	1.053648	4.956677	2.819117
26910	-1807.405	-2086.77	279.3648	0.728307	0.117891	0.0875528	0.0662487	1.959383	1.130267	4.452419	2.410089
26916	-1799.389	-2078.945	279.5564	0.754382	0.122112	0.054885	0.0686206	2.453796	1.21324	4.067353	2.487411
26922	-1794.998	-2078.362	283.3638	0.563925	0.192372	0.155744	0.0879591	1.284905	1.411197	2.408477	2.066219
26928	-1799.58	-2081.405	281.8255	0.518491	0.152874	0.247762	0.0808725	1.09725	1.211559	3.496977	2.219959
26934	-1798.501	-2077.754	279.2534	0.734472	0.0368004	0.172441	0.0562869	1.976652	1.237669	4.277775	2.875066
26940	-1810.439	-2089.79	279.351	0.766493	0.0402027	0.113921	0.0793831	2.160599	1.098797	4.22033	2.88627
26946	-1800.882	-2079.939	279.0568	0.782949	0.0278806	0.151447	0.0377233	1.12052	1.145866	4.062036	5.754514
26952	-1802.16	-2082.648	280.4874	0.664949	0.168256	0.10415	0.0626448	1.513019	1.200867	3.561141	3.620311
26958	-1797.464	-2075.882	278.4182	0.547664	0.274111	0.0761686	0.102057	1.961155	1.190463	4.435228	3.986014
26964	-1807.411	-2089.518	282.1068	0.501537	0.0343853	0.451241	0.0128368	1.640532	1.270316	3.155594	1.885726
26970	-1806.144	-2086.25	280.1063	0.578113	0.0747057	0.332384	0.0147968	1.731525	1.290077	4.245578	1.915634
26976	-1822.932	-2103.729	280.7976	0.613331	0.0849958	0.275975	0.0256978	1.986169	1.121812	4.158003	1.244207
26982	-1815.674	-2095.674	279.9995	0.553835	0.0552382	0.315002	0.0759252	1.112208	1.411242	4.332382	2.444314
26988	-1793.178	-2074.445	281.2672	0.629065	0.0368344	0.245176	0.0889248	1.147744	1.328092	3.777506	2.094081
26994	-1803.444	-2085.904	282.4604	0.68976	0.047497	0.112968	0.149775	1.329	1.581391	2.718472	2.337885
27000	-1794.557	-2077.109	282.5521	0.737934	0.0944952	0.0737232	0.0938476	1.50414	1.581391	2.448725	2.619632
27006	-1793.328	-2075.455	282.1272	0.670807	0.041988	0.183621	0.103584	1.578063	1.588313	2.791063	2.32285
27012	-1808.724	-2090.804	282.08	0.704731	0.0231486	0.101233	0.170887	0.9205306	1.497335	3.0801	2.731637
27018	-1807.878	-2090.325	282.4473	0.766503	0.0148675	0.108875	0.109755	1.167977	1.320859	3.174881	1.880789
27024	-1811.209	-2092.849	281.6406	0.751744	0.0212255	0.171015	0.0560161	2.064307	1.301713	3.299158	1.710092
27030	-1802.909	-2083.63	280.7212	0.435802	0.285933	0.19024	0.0880247	1.214575	1.279162	4.250347	1.710092
27036	-1822.272	-2104.747	282.4753	0.547044	0.276878	0.0919687	0.0841101	0.8762486	1.32959	3.436794	1.641792
27042	-1810.773	-2093.307	282.5341	0.441712	0.411319	0.0107505	0.136219	1.296056	1.489766	3.188961	1.399689
27048	-1809.977	-2090.601	280.624	0.548899	0.295112	0.0155933	0.140395	1.419811	1.274058	4.351607	1.399689
27054	-1808.537	-2090.717	282.1797	0.454491	0.422828	0.0206902	0.101992	1.098115	1.224601	3.841685	1.064998
27060	-1806.34	-2088.091	281.7518	0.591317	0.320047	0.0235678	0.0650675	1.336405	1.173302	3.582366	1.871012
27066	-1800.418	-2083.229	282.8118	0.453456	0.321435	0.0617879	0.163321	1.335783	1.429307	2.8351	1.80113
27072	-1810.745	-2093.464	282.7182	0.475503	0.329729	0.0456246	0.149144	1.474435	1.394174	2.768558	1.949348
27078	-1806.168	-2087.903	281.7348	0.586951	0.308735	0.0241248	0.0801889	1.283303	1.403452	3.026821	3.017977
27084	-1825.651	-2107.879	282.2277	0.546737	0.296467	0.0198801	0.136916	1.335577	1.328397	2.996275	2.369113
27090	-1816.456	-2097.582	281.1259	0.587622	0.231632	0.0345351	0.146211	1.36362	1.220117	3.729988	2.277336
27096	-1788.11	-2068.05	279.9393	0.502821	0.29368	0.0114102	0.192088	1.36362	0.9728285	4.771248	1.741158
27102	-1800.963	-2080.456	279.4932	0.455185	0.29739	0.23418	0.013245	1.838365	1.129028	4.885659	1.372031
27108	-1804.65	-2084.704	280.0539	0.45373	0.29644	0.223976	0.025855	2.07252	1.082856	4.252573	1.895177
27114	-1814.567	-2097.77	283.2028	0.557319	0.107927	0.302079	0.0326742	1.463205	1.34382	2.655963	1.645759
27120	-1811.196	-2092.371	281.1751	0.538825	0.336404	0.102328	0.0224422	1.634908	1.425417	3.369807	2.467191
27126	-1827.449	-2106.909	279.4593	0.477505	0.389722	0.0858993	0.0468747	2.405342	1.427236	4.049642	2.408669
27132	-1803.044	-2085.312	282.2681	0.620001	0.234442	0.0846943	0.0608629	1.672966	1.580516	2.805531	1.996177
27138	-1803.639	-2084.263	280.6239	0.629068	0.245051	0.0859329	0.0399482	1.832795	1.336039	3.711736	2.311486
27144	-1810.3	-2090.509	280.2089	0.448296	0.42519	0.116442	0.010072	1.297731	1.263663	4.716745	1.27339
27150	-1806.148	-2088.253	282.1053	0.567574	0.294485	0.122997	0.0149438	1.225348	1.270782	3.665805	1.287771
27156	-1809.76	-2089.1	279.3408	0.513796	0.266582	0.111343	0.108279	1.897133	1.161805	4.840332	1.549895
27162	-1812.28	-2093.173	280.8931	0.397103	0.464265	0.0428437	0.0957878	1.312817	1.163004	4.242625	1.549895
27168	-1811.176	-2091.225	280.0483	0.425193	0.497106	0.0097882	0.0679131	1.366464	1.045296	4.836615	1.385745
27174	-1804.378	-2084.984	280.6058	0.456724	0.44297	0.0709395	0.029367	1.34646	1.135375	4.583967	1.192096
27180	-1825.024	-2105.182	280.1585	0.49048	0.405842	0.0649936	0.0386849	1.366101	1.099218	4.831685	1.216488
27186	-1817.94	-2094.661	276.7209	0.657269	0.12077	0.0904199	0.131541	1.197067	1.113022	6.245069	2.497898
27192	-1819.741	-2096.593	276.8512	0.614633	0.118356	0.165354	0.101657	1.797937	1.20919	5.848874	2.469027
27198	-1809.13	-2087.42	278.2901	0.689391	0.0168354	0.181927	0.111846	1.939191	1.163711	4.873611	2.882354
27204	-1801.69	-2083.655	281.965	0.716087	0.00915752	0.158578	0.116177	1.213238	1.301442	3.266235	2.295118
27210	-1812.799	-2095.288	282.4892	0.703664	0.0225774	0.168591	0.105168	1.582855	1.411058	2.943923	1.732497
27216	-1804.815	-2087.091	282.2756	0.745034	0.0239048	0.11971	0.111351	1.749724	1.378742	2.96496	1.824969
27222	-1808.932	-2090.292	281.3604	0.731055	0.034737	0.0976792	0.136528	1.660002	1.374877	3.102717	2.931703
27228	-1814.386	-2097.842	283.4564	0.78946	0.0398181	0.0827355	0.0879869	1.295495	1.446756	2.121928	2.507038
27234	-1806.282	-2088.485	282.2033	0.583266	0.201852	0.0369011	0.177981	1.109186	1.381427	3.108218	2.363756
27240	-1807.799	-2087.896	280.0972	0.588336	0.203607	0.184173	0.0238849	0.8996153	1.267736	4.932359	1.392481
27246	-1800.309	-2079.755	279.4462	0.586312	0.19689	0.19191	0.0248883	1.436771	1.258913	4.737422	2.001743
27252	-1794.287	-2073.411	279.1242	0.646539	0.201391	0.107186	0.044885	1.47539	1.082278	4.824291	2.436412
27258	-1786.625	-2065.061	278.4357	0.682934	0.23103	0.0444374	0.0415991	1.742384	1.150011	4.99295	2.578789
27264	-1790.76	-2071.014	280.254	0.62956	0.212974	0.0279628	0.129502	1.382509	1.190751	3.684676	3.898355
27270	-1796.456	-2078.883	282.427	0.705054	0.082885	0.0497595	0.162302	1.382509	1.56735	2.712497	2.351039
27276	-1797.468	-2078.607	281.1391	0.765942	0.0657742	0.0394872	0.128796	2.012681	1.367562	3.296403	2.351039
27282	-1793.798	-2074.906	281.1073	0.71338	0.087274	0.0719685	0.127377	2.036297	1.207333	3.35196	2.468768
27288	-1801.672	-2080.842	279.1703	0.782799	0.0845406	0.00927223	0.123388	1.577424	1.138224	4.741732	2.375385
27294	-1793.775	-2074.449	280.6739	0.734136	0.0792852	0.00869582	0.177883	1.585377	1.123959	3.63405	3.090471
27300	-1801.102	-2081.045	279.9424	0.563321	0.240423	0.00744349	0.188812	1.491622	1.110489	4.328524	2.470052
27306	-1797.948	-2078.621	280.6735	0.823439	0.0448246	0.0242431	0.107493	1.657357	1.325264	3.574365	2.828763
27312	-1805.654	-2086.062	280.4076	0.829792	0.0451705	0.0167144	0.108323	1.657357	1.451131	3.515195	3.234807
27318	-1810.408	-2091.726	281.3182	0.762809	0.0987749	0.0441639	0.0942521	1.657357	1.509097	3.31542	2.245108
27324	-1813.219	-2094.38	281.1607	0.616932	0.075213	0.194172	0.113683	1.502375	1.526715	3.038651	3.429361
27330	-1809.601	-2091.009	281.408	0.558894	0.213841	0.0939605	0.133305	1.086873	1.472829	3.565701	2.288554
27336	-1798.875	-2079.895	281.0205	0.482434	0.321392	0.0811062	0.115068	1.086873	1.16574	4.113583	1.935014
27342	-1794.538	-2075.71	281.1717	0.650434	0.176798	0.0613893	0.111379	1.607385	1.257601	3.817202	1.687701
27348	-1814.614	-2094.053	279.4384	0.683819	0.185316	0.0230467	0.107818	2.637303	1.109186	4.028047	2.749575
27354	-1813.2	-2093.425	280.2243	0.540121	0.304989	0.0427457	0.112145	1.484885	1.043201	4.640015	1.468988
27360	-1804.005	-2085.158	281.1527	0.647833	0.100193	0.0512701	0.200704	1.68877	1.164713	3.598997	2.243655
27366	-1813.045	-2094.84	281.7947	0.586484	0.0457206	0.230247	0.137548	1.68877	1.346643	3.130332	2.206934
27372	-1813.538	-2095.303	281.7654	0.61972	0.0483116	0.168039	0.163929	1.68877	1.50638	3.073119	2.158902
27378	-1798.568	-2081.733	283.1652	0.633891	0.140592	0.0875934	0.137923	1.421511	1.601436	2.452816	1.823394
27384	-1801.629	-2084.789	283.1594	0.703879	0.14598	0.058317	0.0918248	1.436851	1.633089	2.428048	1.823394
27390	-1801.795	-2083.32	281.5247	0.675358	0.046127	0.182238	0.0962768	4.494715	1.563413	2.328819	1.760366
27396	-1784.794	-2067.688	282.8942	0.698653	0.0333884	0.196885	0.0710741	1.541036	1.661763	2.675595	1.517105
27402	-1790.887	-2073.265	282.3783	0.553738	0.118934	0.266155	0.0611727	1.774619	1.602846	2.943876	1.449295
27408	-1798.366	-2079.653	281.2867	0.63531	0.136454	0.068497	0.159739	1.774619	1.500433	3.67168	1.403173
27414	-1795.428	-2075.473	280.045	0.652949	0.181344	0.0455611	0.120146	1.835901	1.181747	4.447547	1.578754
27420	-1820.705	-2101.027	280.3224	0.620154	0.0923995	0.237223	0.0502234	1.471179	1.129916	4.340337	1.908719
27426	-1812.579	-2095.341	282.7618	0.648252	0.095651	0.178336	0.0777611	1.75243	1.306583	2.701701	1.847125
27432	-1800.652	-2082.297	281.6448	0.71408	0.144342	0.0983039	0.0432738	1.524473	1.462087	3.353587	1.928384
27438	-1820.003	-2102.001	281.9978	0.658406	0.124565	0.0935615	0.123467	1.132896	1.374085	3.30362	2.164844
27444	-1812.363	-2094.968	282.6044	0.443569	0.28387	0.0606963	0.211864	1.15426	1.212404	3.58836	1.036414
27450	-1812.613	-2094.3	281.687	0.474912	0.398856	0.0717765	0.0544558	1.377191	1.221999	3.706586	1.580625
27456	-1806.115	-2088.227	282.1121	0.638683	0.0918444	0.228348	0.0411241	1.56782	1.339259	2.985765	2.252514
27462	-1791.884	-2074.942	283.0574	0.844306	0.0570258	0.0443044	0.0543639	1.702543	1.41717	2.481654	1.833435
27468	-1797.281	-2079.453	282.172	0.777077	0.132112	0.0407766	0.0500351	1.702543	1.580963	2.681	2.379996
27474	-1798.996	-2079.553	280.5571	0.712001	0.0979648	0.0871736	0.102861	1.496116	1.217472	3.917411	2.465365
27480	-1801.807	-2083.012	281.2045	0.715767	0.142163	0.0397951	0.102275	1.496116	1.346596	3.846575	1.593043
27486	-1798.626	-2081.035	282.4089	0.49637	0.267917	0.151397	0.084316	1.210989	1.346596	3.058582	2.102954
27492	-1807.089	-2090.05	282.961	0.666549	0.159298	0.114913	0.0592396	1.294935	1.379562	2.852999	1.687111
27498	-1812.129	-2095.427	283.2983	0.518836	0.331719	0.0842463	0.0651985	1.295063	1.585795	2.570178	1.587642
27504	-1825.038	-2107.709	282.6715	0.773348	0.00511663	0.0775521	0.143984	1.64885	1.389839	2.522065	2.368908
27510	-1809.488	-2090.84	281.3522	0.842172	0.038413	0.0410318	0.0783833	1.64885	1.258588	3.346598	2.493695
27516	-1812.909	-2095.274	282.3643	0.820478	0.0313481	0.0806309	0.067543	1.64885	1.378792	2.669026	2.488608
27522	-1813.033	-2096.697	283.664	0.791006	0.0464523	0.0788489	0.0836931	1.194942	1.391099	2.669026	1.316023
27528	-1802.148	-2084.085	281.937	0.776775	0.0256123	0.0774303	0.120182	1.246484	1.211793	3.42916	2.030839
27534	-1798.724	-2081.245	282.5214	0.776775	0.0256123	0.0774303	0.120182	1.396682	1.603353	2.708385	2.157686
27540	-1803.637	-2084.585	280.9481	0.626847	0.232196	0.0774951	0.0634623	1.443594	1.425754	3.814125	1.942398
27546	-1810.524	-2088.844	278.3203	0.573728	0.226389	0.192105	0.00777781	1.907222	1.123764	5.162477	2.151247
27552	-1813.961	-2095.75	281.7889	0.793004	0.0915077	0.0417096	0.0737782	1.691091	1.391903	3.3938	1.577514
27558	-1799.934	-2082.738	282.8035	0.621398	0.264875	0.0343861	0.0793408	1.303449	1.322466	3.166321	1.321039
27564	-1798.371	-2081.843	283.4723	0.672351	0.140819	0.0499806	0.136849	1.120204	1.427908	2.688637	1.536463
27570	-1819.609	-2101.079	281.4702	0.521731	0.2676	0.118642	0.0920266	1.576982	1.29148	3.822781	1.320528
27576	-1797.953	-2079	281.0476	0.57778	0.257057	0.0752944	0.0898681	1.576982	1.452168	3.784801	1.701567
27582	-1796.163	-2079.433	283.2702	0.614718	0.20956	0.0801081	0.0956135	1.362324	1.400892	2.535759	1.843271
27588	-1800.088	-2083.536	283.4475	0.451526	0.370088	0.099775	0.0786113	1.314867	1.523002	2.606618	1.398723
27594	-1810.598	-2093.087	282.489	0.573673	0.337533	0.0523805	0.0364139	1.314867	1.345562	3.214761	1.547532
27600	-1807.612	-2089.792	282.1804	0.481815	0.370496	0.0239978	0.123691	1.597438	1.427558	3.297641	1.363716
27606	-1813.967	-2093.26	279.2936	0.601659	0.242997	0.0242819	0.131062	1.508975	1.143575	4.224559	3.808143
27612	-1796.392	-2077.323	280.9315	0.660429	0.169233	0.0180236	0.152314	1.390345	1.116455	3.870777	2.319858
27618	-1797.722	-2078.411	280.6892	0.606135	0.166999	0.0241194	0.202747	1.390345	1.288466	3.911081	2.319858
27624	-1796.412	-2077.643	281.2307	0.751299	0.10576	0.0152748	0.127666	1.546159	1.414023	3.42161	2.381492
27630	-1793.128	-2076.12	282.9922	0.754994	0.10628	0.0104318	0.128294	1.089576	1.502802	2.569245	2.358363
27636	-1802.508	-2083.875	281.3672	0.720786	0.134231	0.0120346	0.132948	2.086465	1.524557	2.968651	2.515216
27642	-1808.464	-2090.175	281.7112	0.835715	0.0510809	0.0174922	0.0957119	1.673686	1.361841	3.052028	2.515216
27648	-1807.437	-2088.749	281.3116	0.712998	0.098583	0.00719537	0.181223	1.419198	1.349177	3.434766	2.48742
27654	-1799.605	-2080.114	280.5088	0.626594	0.123571	0.0724315	0.177403	1.480634	1.179778	4.200054	1.912972
27660	-1797.976	-2079.942	281.9655	0.521171	0.305645	0.0602451	0.112939	0.9522758	1.070803	3.724046	1.887468
27666	-1789.615	-2070.095	280.4801	0.514638	0.301814	0.0594898	0.124059	1.769751	1.335947	4.053558	1.771772
27672	-1794.575	-2076.396	281.8216	0.762153	0.0967826	0.104739	0.0363258	1.468479	1.289332	3.363413	1.964533
27678	-1795.427	-2076.368	280.9408	0.754049	0.114256	0.0888112	0.042884	1.953048	1.303395	3.879872	1.451771
27684	-1817.225	-2099.885	282.66	0.655882	0.154634	0.0835098	0.105975	1.190196	1.353637	2.991793	1.933062
27690	-1799.715	-2083.25	283.5345	0.743333	0.0517827	0.0913272	0.113557	1.329242	1.518729	2.408772	1.656924
27696	-1794.982	-2080.487	285.5057	0.34898	0.472473	0.062931	0.115616	0.6620232	1.534075	1.826172	1.167859
27702	-1793.176	-2075.777	282.6007	0.560986	0.191563	0.186364	0.0610873	1.137497	1.382008	3.426502	1.167859
27708	-1803.727	-2085.843	282.115	0.478116	0.119341	0.189732	0.212811	2.051712	1.26626	3.266665	1.277143
27714	-1807.793	-2089.861	282.0685	0.729154	0.0834746	0.088314	0.0990568	1.602109	1.299047	3.393696	1.446057
27720	-1818.245	-2100.2	281.955	0.675046	0.168073	0.11403	0.042851	1.616543	1.223545	3.569243	1.307791
27726	-1812.416	-2096.27	283.8543	0.618248	0.141952	0.126594	0.113206	1.279262	1.382173	2.512542	1.307791
27732	-1810.058	-2089.803	279.7451	0.657674	0.206287	0.0205959	0.115443	1.440232	1.32339	4.152057	3.008436
27738	-1792.302	-2072.965	280.663	0.635153	0.199223	0.0198907	0.145733	1.210446	1.102691	4.078774	2.44156
27744	-1799.47	-2080.797	281.3277	0.712096	0.093499	0.0223002	0.172105	1.210446	1.159258	3.755022	2.215706
27750	-1783.91	-2066.123	282.2125	0.734542	0.0967791	0.0996404	0.0690388	1.079028	1.262828	3.396141	1.885464
27756	-1799.908	-2081.279	281.3704	0.644741	0.074544	0.137362	0.143352	0.9692047	1.136758	3.975769	1.984301
27762	-1808.089	-2091.232	283.1422	0.58471	0.160712	0.124573	0.130005	1.459272	1.278597	2.904626	1.324381
27768	-1814.752	-2095.901	281.1489	0.641139	0.176222	0.0447009	0.137938	0.789958	1.068154	4.417535	1.602383
27774	-1808.705	-2089.69	280.9851	0.695222	0.111757	0.0434471	0.149574	1.542763	1.112904	4.062601	1.635856
27780	-1812.084	-2091.186	279.1025	0.639552	0.102159	0.0581382	0.200151	1.382507	1.315863	4.786928	2.344025
27786	-1813.971	-2096.205	282.2343	0.589371	0.0559592	0.0636979	0.290972	1.159593	1.278914	3.427594	1.67285
27792	-1790.667	-2072.394	281.7277	0.648036	0.191279	0.0470612	0.113624	1.474003	1.204988	3.731054	1.405456
27798	-1796.55	-2078.784	282.2334	0.645866	0.190638	0.0502525	0.113243	2.217654	1.626807	2.458184	2.180237
27804	-1809.823	-2093.614	283.791	0.599788	0.203121	0.131557	0.0655345	1.129078	1.445709	2.256788	1.963758
27810	-1817.562	-2098.817	281.2545	0.673039	0.129789	0.0431278	0.154044	1.920577	1.249788	3.561209	1.833556
27816	-1813.8	-2093.169	279.3689	0.690055	0.130248	0.0877713	0.0919255	1.18673	1.193734	4.76824	2.445513
27822	-1809.629	-2091.195	281.566	0.697762	0.187149	0.0729057	0.042183	1.1004	1.151873	4.036023	1.435975
27828	-1813.098	-2094.992	281.8936	0.516719	0.320071	0.0821176	0.0810926	1.042387	1.263468	3.81699	1.435975
27834	-1812.274	-2091.245	278.9707	0.682777	0.0648518	0.188983	0.0633885	2.106778	1.220277	4.315124	3.10415
27840	-1797.819	-2080.361	282.5419	0.575519	0.098624	0.295693	0.030164	1.36351	1.233265	3.157572	1.681511
27846	-1815.322	-2097.526	282.2037	0.684282	0.119527	0.163205	0.0329869	1.184293	1.321322	3.402728	1.681511
27852	-1815.165	-2096.627	281.462	0.569888	0.276436	0.111896	0.0417794	1.655102	1.173607	3.907257	1.227147
27858	-1802.697	-2085.262	282.5655	0.417875	0.456819	0.117608	0.0076985	1.567845	1.359474	3.260377	1.118015
27864	-1801.442	-2083.881	282.4392	0.421919	0.461241	0.109067	0.00777301	1.001191	1.218187	3.814801	0.9539063
27870	-1803.895	-2085.785	281.8901	0.508121	0.311709	0.176135	0.00403463	1.529205	1.326872	3.686879	1.129268
27876	-1808.575	-2090.134	281.5588	0.495396	0.325221	0.175366	0.004017	0.8766347	1.452303	3.872362	1.692372
27882	-1804.383	-2087.526	283.1431	0.601063	0.235063	0.147687	0.0161868	1.608712	1.780459	2.418811	1.503102
27888	-1796.117	-2079.925	283.8076	0.466785	0.162371	0.279993	0.0908512	1.577301	1.863702	2.024317	1.377308
27894	-1802.641	-2086.425	283.7836	0.408355	0.510513	0.0261698	0.0549622	1.617125	1.870574	2.013537	1.377308
27900	-1813.113	-2097.946	284.8334	0.378193	0.549165	0.0374095	0.0352329	1.336451	1.927475	1.606629	1.083442
27906	-1809.331	-2091.629	282.2986	0.715345	0.15514	0.0490392	0.080475	2.412348	1.654382	2.250107	2.321534
27912	-1808.162	-2087.238	279.076	0.679645	0.189495	0.0680704	0.0627894	3.40033	1.10838	4.116634	2.371822
27918	-1809.441	-2090.867	281.4261	0.593208	0.32829	0.0594133	0.0190883	3.40033	1.599596	2.779154	1.629491
27924	-1802.97	-2084.259	281.289	0.773218	0.0120464	0.168175	0.0465606	2.315038	1.261598	3.122638	2.396917
27930	-1800.36	-2081.355	280.9957	0.76115	0.0485061	0.106796	0.0835481	1.955284	1.393967	3.634905	1.784527
27936	-1802.747	-2085.217	282.4701	0.713809	0.0674053	0.139064	0.0797217	1.502186	1.527579	2.685372	2.258841
27942	-1807.862	-2091.321	283.4586	0.493513	0.453541	0.00596925	0.0469775	1.011454	1.488256	2.92791	1.167016
27948	-1807.076	-2089.935	282.8598	0.463746	0.432038	0.0044321	0.0997831	1.222898	1.518128	3.024133	1.388719
27954	-1803.891	-2085.768	281.8765	0.446706	0.410616	0.00421234	0.138465	2.051628	1.414618	3.039007	1.833822
27960	-1804.091	-2087.305	283.2142	0.383003	0.514133	0.002027	0.100837	1.54991	1.345151	2.886797	1.124537
27966	-1798.358	-2081.192	282.8342	0.410161	0.550588	0.00688127	0.0323696	1.297815	1.410112	2.886797	1.733639
27972	-1802.053	-2084.759	282.7067	0.403886	0.435441	0.116345	0.0443267	1.870238	1.529068	2.886797	1.190791
27978	-1812.956	-2097.018	284.0622	0.434131	0.46805	0.0501729	0.0476461	1.563319	1.63103	1.94225	1.505737
27984	-1825.088	-2110.121	285.033	0.618346	0.242328	0.0714627	0.0678636	1.000116	1.787898	1.606945	1.360683
27990	-1815.552	-2099.386	283.8338	0.495753	0.277127	0.141425	0.0856959	1.765134	1.71695	2.140319	1.150451
27996	-1810.786	-2092.683	281.897	0.534234	0.27142	0.118679	0.0756672	2.71097	1.689309	2.667147	1.667128
28002	-1795.43	-2077.195	281.765	0.549653	0.218257	0.154239	0.0778512	3.940845	1.486704	2.424751	1.702597
28008	-1803.438	-2085.523	282.0853	0.663965	0.14687	0.153269	0.0358952	2.882854	1.520759	2.183845	2.53758
28014	-1818.92	-2103.087	284.1673	0.487671	0.200365	0.209095	0.102869	1.54573	1.555621	2.033356	1.33454
28020	-1808.612	-2092.09	283.4786	0.797555	0.0442948	0.0631738	0.0949761	1.757063	1.588429	2.006388	1.964964
28026	-1817.798	-2099.603	281.8058	0.78972	0.0322407	0.108074	0.0699655	1.882968	1.483859	2.923721	2.266443
28032	-1797.256	-2080.408	283.1524	0.635545	0.144436	0.137623	0.0823961	1.168674	1.383005	2.677789	1.953822
28038	-1819.157	-2100.929	281.7722	0.682162	0.119561	0.113922	0.0843542	2.062291	1.379713	3.062079	1.953822
28044	-1802.055	-2085.848	283.7924	0.715087	0.111876	0.0846109	0.0884256	1.005692	1.414129	2.466127	1.73517
28050	-1806.136	-2089.248	283.1126	0.671631	0.0921644	0.225125	0.0110797	1.519676	1.402023	2.466127	2.012729
28056	-1794.436	-2077.915	283.4788	0.604799	0.0829934	0.302231	0.00997723	1.268209	1.450176	2.527165	1.646482
28062	-1802.557	-2085.231	282.6737	0.696943	0.070747	0.214487	0.0178226	1.138482	1.390047	2.662172	2.711851
28068	-1809.543	-2092.838	283.2946	0.633868	0.0332435	0.213793	0.119096	1.50886	1.671919	1.915597	2.594323
28074	-1819.629	-2099.86	280.2304	0.676365	0.0209779	0.175577	0.12708	2.4839	1.195748	3.637974	2.594323
28080	-1806.699	-2086.936	280.2369	0.687807	0.0789228	0.10404	0.12923	1.872653	1.28998	4.050823	2.048451
28086	-1803.561	-2085.275	281.7138	0.688578	0.17347	0.00857645	0.129375	1.872653	1.439668	3.406228	1.417161
28092	-1790.742	-2072.508	281.7657	0.591288	0.300262	0.00856244	0.0998874	1.633547	1.418447	3.399488	1.618449
28098	-1801.683	-2083.998	282.3148	0.538105	0.306838	0.00874996	0.146308	1.238861	1.532996	3.399488	1.258395
28104	-1810.253	-2092.275	282.0218	0.373215	0.496859	0.00733175	0.122594	1.001349	1.410929	3.801889	1.206633
28110	-1796.344	-2076.507	280.1634	0.393235	0.487615	0.00497551	0.114174	1.305508	1.308704	4.712762	1.273806
28116	-1797.977	-2077.637	279.6592	0.594106	0.220275	0.0131231	0.172495	1.290249	1.343537	4.824793	1.595202
28122	-1821.54	-2104.07	282.5301	0.501571	0.334063	0.016196	0.14817	1.110975	1.488087	3.143634	1.701234
28128	-1799.629	-2079.869	280.24	0.555478	0.342402	0.0118201	0.0902993	1.99487	1.407641	4.335365	1.193279
28134	-1808.566	-2090.791	282.2254	0.574484	0.29369	0.0152586	0.116567	1.159583	1.312716	3.562919	1.373228
28140	-1803.78	-2086.829	283.049	0.435558	0.434092	0.01887	0.11148	1.439637	1.531623	2.847709	1.271304
28146	-1797.851	-2081.496	283.6445	0.394957	0.502529	0.00300581	0.0995088	0.6994629	1.493658	2.88227	1.391616
28152	-1816.777	-2100.115	283.3381	0.427084	0.477652	0.00285702	0.0924064	1.249835	1.358591	2.542786	1.928419
28158	-1815.047	-2097.242	282.1953	0.64069	0.198862	0.00481197	0.155637	1.576441	1.306866	2.969025	2.209896
28164	-1822.379	-2104.63	282.2509	0.685247	0.212692	0.00125054	0.100811	1.185122	1.221949	3.163942	2.284917
28170	-1804.519	-2085.726	281.2071	0.72762	0.126459	0.00132787	0.144593	1.309982	1.129917	4.009512	1.708002
28176	-1801.453	-2082.735	281.2818	0.570854	0.316495	0.00248098	0.11017	1.100955	1.134486	3.923378	2.053791
28182	-1813.474	-2094.965	281.4914	0.624842	0.252334	0.00223423	0.120589	0.9851679	1.218247	4.063029	1.522059
28188	-1805.996	-2086.532	280.536	0.62134	0.242452	0.0881189	0.0480898	1.821912	1.344146	3.558301	2.850826
28194	-1808.96	-2091.202	282.2426	0.599327	0.255239	0.113535	0.0318994	1.83116	1.282894	3.208604	1.412463
28200	-1801.035	-2082.704	281.6688	0.614252	0.238924	0.0453354	0.101488	1.475799	1.385016	3.656494	1.412463
28206	-1813.637	-2095.047	281.4102	0.619963	0.189685	0.0430966	0.147256	1.051697	1.358446	4.000343	1.504231
28212	-1806.866	-2086.456	279.59	0.547192	0.249664	0.0935563	0.109588	2.256406	1.241453	4.704425	1.161151
28218	-1823.851	-2103.437	279.5858	0.493853	0.275682	0.164237	0.0662285	1.842821	1.463381	4.754347	1.161151
28224	-1816.332	-2097.759	281.4264	0.540985	0.143861	0.260694	0.0544594	1.522133	1.275344	3.738388	1.610805
28230	-1809.705	-2091.082	281.377	0.49936	0.209736	0.240635	0.0502691	1.560917	1.371259	4.02667	0.9772993
28236	-1813.999	-2095.183	281.1833	0.477909	0.246236	0.230298	0.0455569	2.159835	1.16889	3.854893	1.211771
28242	-1815.224	-2096.898	281.6738	0.505549	0.340038	0.137057	0.0173558	1.305395	1.372561	3.95883	1.0227
28248	-1816.002	-2099.414	283.4127	0.489556	0.403676	0.0479843	0.0587836	1.458128	1.457184	2.730897	1.150412
28254	-1808.023	-2090.183	282.1603	0.555	0.290758	0.0795307	0.0747108	0.2891083	1.301887	4.206605	1.150412
28260	-1834.227	-2115.376	281.1485	0.610674	0.299869	0.0464613	0.0429966	1.347361	1.185605	3.882234	1.951405
28266	-1824.035	-2102.837	278.8017	0.482621	0.443961	0.0167692	0.0566483	1.199125	1.12269	5.312266	1.951405
28272	-1792.221	-2074.501	282.2793	0.515553	0.303115	0.121348	0.0599845	1.911577	1.34846	2.972932	1.683114
28278	-1801.472	-2084.079	282.6069	0.387183	0.48632	0.0415706	0.0849259	1.104032	1.354273	3.292473	1.477941
28284	-1802.814	-2085.36	282.5463	0.458537	0.42161	0.0553944	0.0644585	1.466499	1.490999	3.077101	1.424845
28290	-1797.873	-2081.823	283.9505	0.513356	0.230771	0.210362	0.045511	1.34712	1.560788	2.162271	1.550343
28296	-1803.85	-2087.564	283.714	0.562034	0.210758	0.186796	0.0404126	1.56539	1.511652	2.285442	1.439127
28302	-1802.264	-2086.257	283.9925	0.502	0.295061	0.166843	0.0360959	1.84846	1.615628	1.925917	1.366191
28308	-1802.265	-2086.259	283.9948	0.508187	0.266799	0.1689	0.0561141	1.426788	1.521778	2.458013	0.9686567
28314	-1802.098	-2082.585	280.4873	0.582695	0.191622	0.164297	0.0613863	1.934232	1.181475	4.030403	1.846902
28320	-1791.352	-2072.909	281.5565	0.669436	0.0712852	0.188755	0.0705245	1.239574	1.249714	3.765807	1.733267
28326	-1789.25	-2069.554	280.3046	0.757061	0.0994975	0.0450058	0.0984357	1.622057	1.181775	4.3541	1.673559
28332	-1802.984	-2082.353	279.3692	0.568168	0.266873	0.0461259	0.118834	1.378927	1.071304	4.905885	2.02036
28338	-1801.993	-2085.346	283.3533	0.240979	0.679595	0.0257688	0.0536571	0.6849438	1.311999	3.344847	1.082866
28344	-1809.403	-2092.384	282.9812	0.250416	0.682034	0.0117914	0.0557584	1.280911	1.408262	3.384894	0.7035813
28350	-1804.265	-2087.599	283.3341	0.371085	0.450102	0.0174733	0.16134	0.9578026	1.408262	2.538038	2.26307
28356	-1795.223	-2078.333	283.1099	0.625501	0.26978	0.00801579	0.0967035	1.539743	1.463593	2.538038	1.765705
28362	-1799.196	-2082.381	283.1846	0.567944	0.268902	0.0315526	0.131602	1.262152	1.470859	2.582704	1.883637
28368	-1816.577	-2096.492	279.9154	0.651431	0.0576242	0.0744651	0.216479	2.11127	1.379567	3.69607	3.063267
28374	-1799.421	-2081.398	281.9771	0.728087	0.0449517	0.058089	0.168872	1.698421	1.378504	2.912211	2.410811
28380	-1789.972	-2071.14	281.1684	0.761824	0.0470346	0.019535	0.171607	1.698421	1.405989	2.77589	4.169729
28386	-1792.749	-2073.135	280.3868	0.632047	0.196767	0.0288122	0.142374	1.698421	1.207804	3.799017	2.800137
28392	-1814.945	-2096.006	281.0611	0.497273	0.257581	0.0420338	0.203112	1.433263	1.268171	4.090866	1.418442
28398	-1811.728	-2093.014	281.2866	0.391788	0.47741	0.101481	0.0293215	0.9014259	1.289739	4.170148	1.557414
28404	-1801.983	-2082.195	280.2115	0.682087	0.112836	0.0743289	0.130748	1.733652	1.253973	3.255374	4.771083
28410	-1804.156	-2086.664	282.5085	0.767884	0.0232662	0.168004	0.0408453	1.160945	1.554298	2.434658	3.287699
28416	-1802.374	-2084.926	282.5519	0.625679	0.120708	0.0810842	0.172529	1.645614	1.356495	2.851557	1.848748
28422	-1807.274	-2089.45	282.1764	0.625679	0.120708	0.0810842	0.172529	1.592864	1.121613	3.391652	1.539552
28428	-1804.625	-2087.388	282.7631	0.679371	0.10418	0.0909473	0.125502	1.592864	1.312462	3.072299	1.271553
28434	-1802.433	-2083.725	281.2929	0.738247	0.121515	0.0656809	0.0745571	2.989258	1.312462	2.850822	2.343178
28440	-1808.362	-2091.98	283.6181	0.539185	0.342511	0.0638509	0.0544534	0.9371454	1.653274	2.586638	1.508173
28446	-1812.599	-2096.513	283.9143	0.517674	0.38688	0.0339385	0.0615074	1.291512	1.618814	2.408679	1.155408
28452	-1812.331	-2093.161	280.8304	0.656245	0.192139	0.073644	0.0779717	1.349909	1.24024	4.295321	1.387668
28458	-1798.208	-2079.337	281.1286	0.741885	0.125094	0.0479468	0.0850739	1.763575	1.328347	3.559436	2.061231
28464	-1815.342	-2097.152	281.8096	0.779701	0.0926011	0.0746861	0.0530117	1.189528	1.171745	3.721975	1.669146
28470	-1818.333	-2100.495	282.1624	0.671135	0.165252	0.0645633	0.0990497	1.686819	1.251716	3.21222	1.671703
28476	-1797.021	-2079.308	282.2876	0.652887	0.182112	0.0558455	0.109156	1.37243	1.470059	3.104544	1.804118
28482	-1806.152	-2088.964	282.8122	0.663952	0.185199	0.0567921	0.0940568	1.429614	1.372796	2.87982	1.675196
28488	-1788.749	-2071.658	282.9089	0.585125	0.302842	0.0291434	0.0828899	1.429614	1.369626	2.961331	1.406984
28494	-1799.224	-2082.85	283.6261	0.439348	0.369992	0.0218827	0.168778	0.9772179	1.57297	2.528438	1.657049
28500	-1810.992	-2094.733	283.7416	0.415924	0.307003	0.103465	0.173609	1.056967	1.549172	2.426061	1.647805
28506	-1802.159	-2086.502	284.3433	0.641204	0.146069	0.0598034	0.152924	1.199209	1.597428	1.876619	1.715059
28512	-1796.05	-2079.486	283.4363	0.786645	0.0315749	0.118728	0.0630524	1.807169	1.510966	1.876619	2.341872
28518	-1793.086	-2076.895	283.8088	0.641313	0.103499	0.212317	0.0428711	1.027183	1.577512	2.175067	2.066214
28524	-1807.431	-2091.552	284.1209	0.627075	0.276203	0.0246397	0.0720825	1.027183	1.812491	2.156809	1.422601
28530	-1807.817	-2092.061	284.2441	0.352646	0.461902	0.0472434	0.138209	1.581774	1.685102	2.030121	1.087991
28536	-1810.621	-2094.944	284.3235	0.440794	0.364585	0.0170558	0.177565	1.253954	1.718599	1.92493	1.449417
28542	-1818.34	-2103.34	285	0.455612	0.422987	0.0176291	0.103772	1.033689	1.726001	1.594408	1.449417
28548	-1817.367	-2100.131	282.7636	0.503389	0.266499	0.0246735	0.205439	1.503351	1.62428	2.57772	1.962166
28554	-1809.085	-2093.592	284.5073	0.585054	0.321424	0.00500019	0.0885219	1.129865	2.022657	1.734509	1.343922
28560	-1809.755	-2093.884	284.1295	0.58493	0.325956	0.0169977	0.072116	1.176622	1.700577	1.93425	1.773534
28566	-1823.239	-2106.653	283.4138	0.688948	0.179897	0.00568249	0.125473	1.363461	1.598036	2.374986	1.735315
28572	-1829.718	-2111.535	281.817	0.869761	0.008366	0.040391	0.0814821	1.875348	1.792423	2.374986	3.171005
28578	-1821.242	-2102.649	281.4063	0.751634	0.0171665	0.122449	0.10875	1.326585	1.416072	3.138042	3.171005
28584	-1819.033	-2101.212	282.1787	0.815827	0.00906125	0.083258	0.091854	1.326585	1.360102	2.679351	3.245702
28590	-1815.153	-2096.9	281.7476	0.784575	0.0469478	0.073481	0.0949961	1.479727	1.447203	2.806571	3.245702
28596	-1801.197	-2085.317	284.1202	0.635717	0.268324	0.039629	0.0563306	1.209895	1.690664	1.975707	1.682029
28602	-1792.124	-2076.942	284.8183	0.674232	0.164079	0.0420299	0.11966	0.9381588	1.690664	1.72528	1.601349
28608	-1797.405	-2081.439	284.0346	0.622496	0.199018	0.0309288	0.147557	1.086903	1.598733	2.213607	1.601349
28614	-1793.332	-2076.986	283.654	0.661411	0.21146	0.00731235	0.119817	1.137807	1.635464	1.938825	2.564083
28620	-1791.038	-2075.014	283.9759	0.645597	0.101327	0.128273	0.124803	1.137807	1.597461	1.938825	2.151631
28626	-1810.026	-2093.225	283.1991	0.747075	0.0375191	0.118856	0.0965503	1.137807	1.340475	2.661688	2.022232
28632	-1792.333	-2071.579	279.2461	0.609181	0.120802	0.172271	0.0977465	2.100806	1.379662	4.453262	2.074176
28638	-1794.083	-2075.72	281.6372	0.553785	0.132172	0.225185	0.0888579	2.191998	1.384636	3.271363	1.559245
28644	-1802.847	-2084.066	281.2188	0.695152	0.0938469	0.194912	0.0160885	0.9675844	1.18897	3.609929	3.093872
28650	-1804.949	-2085.659	280.7097	0.735291	0.038709	0.170065	0.0559344	1.324884	1.284238	4.294887	1.501908
28656	-1795.522	-2076.253	280.7312	0.708968	0.045656	0.217142	0.0282341	2.590676	1.438729	3.384441	2.04819
28662	-1794.092	-2077.287	283.1954	0.766611	0.0778472	0.124541	0.0310007	1.481504	1.460957	2.235704	2.367198
28668	-1789.702	-2072.72	283.018	0.719103	0.137853	0.116823	0.026221	1.742423	1.428954	2.645282	1.507208
28674	-1802.155	-2085.002	282.8466	0.543027	0.218418	0.125331	0.113224	1.559755	1.705896	2.427463	1.998728
28680	-1804.284	-2088.624	284.3398	0.689096	0.0910777	0.0775154	0.142311	1.123665	1.858898	1.508039	2.149622
28686	-1820.686	-2104.918	284.2321	0.681961	0.0901347	0.0767128	0.151192	1.120782	1.858898	1.827891	1.709734
28692	-1811.995	-2095.591	283.5957	0.794037	0.0746471	0.0635315	0.0677841	1.063567	1.546816	2.338791	2.003067
28698	-1790.326	-2073.494	283.1685	0.499672	0.357137	0.0358701	0.107321	1.063567	1.375442	2.712143	2.003067
28704	-1801.591	-2086.485	284.8942	0.44684	0.425109	0.0320774	0.0959736	1.063567	1.596905	1.959831	1.103577
28710	-1796.359	-2079.611	283.2518	0.837349	0.0676767	0.0237916	0.0711829	1.148364	1.560026	2.035558	3.083565
28716	-1812.258	-2096.779	284.5209	0.656175	0.19929	0.0165303	0.128005	1.288897	2.033162	1.020793	2.252298
28722	-1844.784	-2127.991	283.2068	0.497117	0.358205	0.0514356	0.0932422	1.206199	1.538173	2.597872	1.804724
28728	-1832.6	-2116.018	283.4182	0.433991	0.284835	0.140705	0.140468	1.512772	1.648242	2.332682	1.590595
28734	-1834.055	-2117.349	283.2943	0.683405	0.149436	0.10174	0.0654187	1.404169	1.588411	2.364488	1.873546
28740	-1825.66	-2108.346	282.6853	0.5238	0.182462	0.21034	0.0833983	2.647927	1.642245	2.132036	1.848472
28746	-1818.406	-2101.327	282.9216	0.662609	0.13061	0.0395452	0.167236	2.27134	1.597616	2.079229	2.034622
28752	-1817.243	-2098.334	281.091	0.785606	0.0515955	0.0241879	0.13861	2.240502	1.352677	2.874147	3.324719
28758	-1822.296	-2103.863	281.5668	0.716869	0.0846515	0.0294893	0.16899	1.737761	1.353243	2.968714	2.891888
28764	-1817.774	-2098.052	280.2784	0.856896	0.0238408	0.00538141	0.113881	2.117666	1.309489	3.694695	2.587747
28770	-1826.695	-2108.896	282.2014	0.621102	0.0965279	0.102453	0.179917	2.271188	1.425052	2.727575	1.860796
28776	-1810.623	-2092.222	281.5989	0.602086	0.107437	0.105395	0.185083	1.895445	1.172855	3.33099	2.023666
28782	-1816.772	-2100.485	283.7135	0.554044	0.0938177	0.181823	0.170315	1.683497	1.521894	2.184043	1.49585
28788	-1812.245	-2095.564	283.319	0.587472	0.190263	0.062969	0.159296	1.202725	1.613283	2.623214	1.531092
28794	-1789.658	-2073.14	283.4822	0.587472	0.190263	0.062969	0.159296	1.110216	1.513604	2.458917	1.886352
28800	-1799.284	-2082.109	282.8257	0.608451	0.238539	0.0398455	0.113164	0.79925	1.570306	3.22902	1.45615
28806	-1792.049	-2075.113	283.0644	0.579612	0.241992	0.0457816	0.132614	1.388355	1.570306	2.637982	1.654329
28812	-1801.097	-2084.147	283.05	0.626108	0.0765685	0.153659	0.143665	1.388355	1.461242	2.913883	1.277149
28818	-1800.42	-2083.16	282.7401	0.735472	0.0614073	0.14379	0.0593306	1.899771	1.474945	2.277199	2.418297
28824	-1818.868	-2101.585	282.7167	0.753554	4.65177e-05	0.147325	0.0990736	1.767182	1.343708	2.728538	1.78669
28830	-1813.888	-2096.482	282.5935	0.729176	0.00076194	0.138878	0.131184	1.166413	1.266851	3.164904	1.78669
28836	-1806.64	-2089.86	283.2198	0.795471	0.00672498	0.0974108	0.100393	1.347441	1.652167	2.225666	2.250228
28842	-1810.829	-2093.488	282.6593	0.695016	0.00346286	0.148487	0.153034	1.483166	1.524009	2.584717	2.250228
28848	-1815.132	-2098.281	283.1486	0.7321	0.00676938	0.115297	0.145834	1.044663	1.58754	2.584717	2.047437
28854	-1812.11	-2094.97	282.8603	0.72445	0.0938921	0.129702	0.0519559	2.061287	1.4402	2.312668	2.047437
28860	-1803.987	-2085.992	282.0051	0.726327	0.0572295	0.130038	0.086406	1.934409	1.179986	3.399377	1.341633
28866	-1815.901	-2097.675	281.7748	0.614423	0.212526	0.110003	0.0630479	1.018638	1.275789	3.774434	1.676199
28872	-1813.904	-2094.799	280.8949	0.784141	0.00251879	0.135055	0.0782853	1.363645	1.202929	3.774434	2.528733
28878	-1816.686	-2096.972	280.2856	0.800325	0.00257078	0.137842	0.0592614	2.499953	1.353894	3.528452	2.540038
28884	-1823.273	-2104.873	281.5995	0.674699	0.00216725	0.122733	0.200401	1.726035	1.204546	3.480504	1.823283
28890	-1836.854	-2119.239	282.3848	0.741721	0.00726217	0.134925	0.116091	1.019891	1.181644	3.318633	2.01565
28896	-1824.728	-2105.221	280.4929	0.744638	0.00335822	0.135456	0.116548	1.796173	1.123521	4.112662	1.866819
28902	-1823.43	-2103.254	279.824	0.777818	0.00350785	0.096933	0.121741	1.796173	1.088316	4.384952	2.165529
28908	-1813.58	-2092.749	279.1691	0.781676	0.0131248	0.0997685	0.105431	2.706181	1.201786	4.426409	1.927471
28914	-1819.063	-2100.603	281.5395	0.70586	0.1738	0.0886771	0.0316627	1.904728	1.290221	3.34614	1.903738
28920	-1807.964	-2089.883	281.9194	0.646973	0.221706	0.102197	0.0291233	2.323957	1.563388	3.055378	1.341915
28926	-1807.507	-2090.554	283.0462	0.299944	0.51787	0.0639305	0.118256	1.460709	1.479421	3.055378	0.9528858
28932	-1816.503	-2099.236	282.7328	0.372719	0.263315	0.217876	0.14609	1.20518	1.45639	3.452992	0.8506499
28938	-1795.196	-2076.427	281.2312	0.261527	0.577341	0.0561541	0.104978	1.089672	1.111759	4.529165	0.9244687
28944	-1804.373	-2085.993	281.6204	0.483202	0.27434	0.0481167	0.194342	1.969694	1.321792	3.416729	1.554503
28950	-1800.837	-2082.935	282.0978	0.447197	0.325278	0.0476654	0.17986	1.578793	1.408081	2.560443	3.253812
28956	-1807.591	-2089.477	281.8861	0.776929	0.107593	0.0322047	0.0832733	3.217187	1.203196	2.612814	2.024196
28962	-1797.472	-2079.106	281.6345	0.461988	0.273364	0.142539	0.122108	1.066496	1.153735	3.952386	1.562408
28968	-1793.409	-2074.613	281.2031	0.710474	0.130288	0.117942	0.0412968	1.087648	1.173792	3.690579	2.721178
28974	-1809.352	-2091.761	282.4097	0.421677	0.397482	0.0891808	0.0916601	1.129149	1.302276	3.372424	1.582022
28980	-1804.404	-2086.126	281.7216	0.691799	0.010824	0.147	0.150377	1.381665	1.27037	3.254483	2.500677
28986	-1811.604	-2092.954	281.3501	0.846227	0.0371646	0.0632011	0.0534072	1.164509	1.349647	3.525126	2.547889
28992	-1801.86	-2081.615	279.7549	0.554833	0.290642	0.0789683	0.0755563	1.615849	1.180171	4.306234	2.547889
28998	-1820.149	-2101.443	281.2938	0.685504	0.227449	0.0299869	0.0570601	1.296304	1.085693	3.77107	2.215509
29004	-1819.507	-2101.159	281.6522	0.779521	0.110068	0.022488	0.0879238	1.179397	1.39115	3.267623	2.673196
29010	-1797.076	-2080.208	283.1325	0.593446	0.296622	0.0105609	0.0993704	1.179397	1.33574	2.750505	1.873552
29016	-1806.005	-2088.814	282.8081	0.610395	0.261679	0.020983	0.106943	1.634547	1.493011	2.529136	2.033958
29022	-1812.492	-2094.305	281.8121	0.543152	0.343014	0.0186715	0.0951619	1.553992	1.267353	3.291346	2.072133
29028	-1807.709	-2088.991	281.2825	0.643176	0.225021	0.0455986	0.0862049	1.133989	1.266888	3.962343	1.751419
29034	-1812.483	-2093.454	280.9709	0.678135	0.183659	0.0622963	0.0759101	1.409335	1.266888	3.652397	2.575121
29040	-1816.204	-2098.104	281.8998	0.489526	0.252375	0.178624	0.0794749	1.386322	1.365654	3.397185	1.78459
29046	-1813.782	-2096.138	282.3558	0.488244	0.302241	0.130249	0.0792667	1.19341	1.490214	3.397185	1.311055
29052	-1815.793	-2098.311	282.5184	0.380329	0.414939	0.112275	0.0924574	1.19341	1.272646	3.26895	1.624332
29058	-1818.226	-2100.526	282.3005	0.399455	0.347427	0.114992	0.138126	0.9496193	1.389075	3.576655	1.408659
29064	-1821.229	-2103.681	282.452	0.583486	0.211775	0.157295	0.0474442	1.419191	1.401158	3.404391	1.072363
29070	-1810.244	-2093.794	283.5499	0.567051	0.207604	0.154197	0.0711471	1.419191	1.483301	2.716714	1.041475
29076	-1821.415	-2104.096	282.6802	0.575416	0.21285	0.158094	0.05364	1.320917	1.483301	3.005272	1.56772
29082	-1816.839	-2098.688	281.8489	0.577661	0.19986	0.158711	0.0637686	1.217029	1.428793	3.400226	1.961715
29088	-1814.941	-2098.304	283.3629	0.757954	0.126262	0.100266	0.0155182	1.217029	1.537146	2.418704	1.961715
29094	-1832.875	-2114.593	281.7188	0.699305	0.199701	0.0832811	0.0177122	1.715983	1.471586	3.380341	1.569305
29100	-1820.915	-2103.557	282.6421	0.531691	0.397844	0.0210507	0.0494145	1.028948	1.372749	3.488459	1.134293
29106	-1811.631	-2091.718	280.0876	0.511046	0.328171	0.0202333	0.14055	1.435997	1.304585	4.584926	1.487644
29112	-1804.749	-2084.367	279.6185	0.520819	0.334446	0.0204261	0.124309	2.020625	1.022557	4.584926	1.824349
29118	-1813.815	-2094.925	281.1098	0.777269	0.0691622	0.0776486	0.0759207	1.649992	1.135806	3.83942	1.824349
29124	-1809.541	-2093.531	283.9893	0.734695	0.0653739	0.0733956	0.126535	1.474605	1.624453	1.869929	1.824349
29130	-1801.51	-2086.209	284.6992	0.748616	0.0476655	0.0747862	0.128933	1.241197	1.668851	1.482661	1.822128
29136	-1798.877	-2083.918	285.0415	0.798003	0.0508101	0.0690675	0.0821197	1.257437	1.721226	1.403761	1.452484
29142	-1804.331	-2088.727	284.3953	0.65803	0.175932	0.0732736	0.0927644	0.7527547	1.752803	2.096618	1.608024
29148	-1792.89	-2076.321	283.4316	0.663919	0.198488	0.0707519	0.0668411	0.7666008	1.566611	2.691778	1.849079
29154	-1815.831	-2098.204	282.3732	0.484121	0.313666	0.0515914	0.150621	1.475109	1.504266	2.957396	1.849079
29160	-1789.689	-2073.483	283.7937	0.422784	0.308341	0.218975	0.0499003	1.032893	1.615848	2.631939	1.168463
29166	-1794.972	-2079.455	284.4829	0.364338	0.50323	0.0761568	0.0562751	1.31276	1.768517	2.087114	0.91507
29172	-1799.184	-2083.218	284.0343	0.48484	0.307699	0.0706365	0.136825	1.772292	1.768517	1.841862	1.353908
29178	-1798.703	-2083.196	284.493	0.461902	0.293141	0.100515	0.144442	0.9658092	1.627435	2.114756	1.353908
29184	-1813.238	-2097.507	284.269	0.47996	0.355127	0.0441228	0.120789	0.906731	1.704649	2.29382	1.277133
29190	-1809.114	-2092.234	283.1204	0.812047	0.00255598	0.0843578	0.10104	1.277852	1.40627	2.634028	1.924341
29196	-1816.703	-2098.029	281.3258	0.77573	0.00336594	0.0805852	0.140319	1.81014	1.265666	3.373283	2.265129
29202	-1815.319	-2099.164	283.8456	0.530118	0.305937	0.0478111	0.116134	1.053458	1.517059	2.300555	1.808041
29208	-1814.539	-2098.338	283.7984	0.333095	0.488329	0.105605	0.0729717	1.04323	1.632423	2.444295	1.464552
29214	-1816.291	-2098.743	282.452	0.561179	0.282395	0.0922745	0.0641519	2.202522	1.632423	2.513681	1.780492
29220	-1804.619	-2086.63	282.011	0.67879	0.165694	0.117874	0.0376409	1.355521	1.384485	3.134795	2.240862
29226	-1807.536	-2089.464	281.928	0.568586	0.203933	0.179821	0.0476611	1.015531	1.370196	3.756889	1.424326
29232	-1833.186	-2113.058	279.8726	0.583438	0.326866	0.0149451	0.0747507	1.313905	1.03244	4.976005	1.36981
29238	-1822.029	-2102.347	280.3181	0.56523	0.302567	0.0407655	0.0914372	1.313905	1.054976	4.402228	2.054002
29244	-1805.368	-2088.148	282.7802	0.648044	0.203375	0.0871203	0.0614609	1.146948	1.310145	3.260727	1.346091
29250	-1799.751	-2081.021	281.2693	0.627598	0.171865	0.0843717	0.116165	1.386596	1.085889	4.146056	1.327359
29256	-1807.911	-2091.138	283.2273	0.639375	0.14136	0.0862383	0.133027	1.236855	1.137043	3.100907	1.248238
29262	-1811.691	-2093.045	281.354	0.662958	0.0317555	0.112286	0.193	1.521332	1.316187	3.496213	2.192987
29268	-1806.611	-2089.889	283.2782	0.664037	0.0989526	0.0436963	0.193314	1.050646	1.270864	2.82538	1.77296
29274	-1812.936	-2094.624	281.6881	0.680409	0.0941306	0.041567	0.183894	2.144993	1.392191	2.669028	2.927654
29280	-1821.467	-2103.033	281.5656	0.691362	0.168429	0.00578606	0.134422	1.943731	1.606493	2.669028	3.023508
29286	-1804.355	-2084.423	280.0679	0.69412	0.171498	0.00706071	0.127321	2.011614	1.424448	4.004237	2.062289
29292	-1797.487	-2078.286	280.7988	0.540881	0.33397	0.0304428	0.0947061	1.130853	1.149109	3.992058	2.509533
29298	-1793.389	-2073.988	280.5986	0.63676	0.228885	0.0326823	0.101673	1.088309	1.225433	4.188521	2.246877
29304	-1792.933	-2074.731	281.7979	0.555763	0.316941	0.0309649	0.0963304	1.118468	1.316502	3.828404	1.37777
29310	-1794.483	-2075.535	281.0517	0.52825	0.293307	0.115667	0.0627761	1.24408	1.204523	4.224502	1.42878
29316	-1788.643	-2067.877	279.2346	0.518637	0.306208	0.113536	0.0616193	1.91362	1.175386	4.924954	1.466242
29322	-1794.134	-2073.97	279.8354	0.518637	0.306208	0.113536	0.0616193	1.396251	1.19504	4.833579	1.433122
29328	-1805.754	-2084.797	279.0431	0.697812	0.214875	0.0440736	0.0432399	1.47012	1.262685	4.592025	2.937732
29334	-1806.641	-2087.549	280.9081	0.717873	0.0784629	0.119067	0.0845971	1.33988	1.160084	3.848394	2.413142
29340	-1815.195	-2097.139	281.9439	0.615294	0.233591	0.0483569	0.102758	1.876187	1.654174	2.677489	2.413142
29346	-1821.045	-2104.16	283.1153	0.456246	0.328734	0.0688063	0.146213	1.17371	1.410339	2.982966	1.352315
29352	-1830.439	-2113.05	282.6109	0.428616	0.308826	0.195276	0.0672818	1.387611	1.521982	3.018935	1.506492
29358	-1824.861	-2108.26	283.3991	0.566403	0.183111	0.186297	0.0641883	1.387611	1.534264	2.530428	1.506492
29364	-1809.009	-2090.141	281.1322	0.661963	0.164799	0.0487625	0.124475	1.387611	1.322532	3.782775	1.972756
29370	-1814.125	-2094.8	280.6749	0.639939	0.165099	0.11692	0.0780425	1.369282	1.217353	4.538221	1.098049
29376	-1824.185	-2103.069	278.884	0.621387	0.275298	0.0275352	0.07578	1.552289	1.141549	5.245049	1.581849
29382	-1821.467	-2106.017	284.55	0.476182	0.382536	0.105352	0.0359295	0.8855218	1.470183	2.341719	1.170522
29388	-1813.617	-2097.559	283.9421	0.435883	0.417614	0.0964363	0.0500663	1.168252	1.74143	2.244183	1.397333
29394	-1816.786	-2098.488	281.7017	0.328721	0.421199	0.214558	0.035522	1.168252	1.366418	3.817501	1.397333
29400	-1821.776	-2102.108	280.3321	0.45203	0.400241	0.0330027	0.114726	1.871682	1.200667	4.580438	0.9620997
29406	-1793.587	-2072.199	278.6121	0.423917	0.363688	0.120032	0.0923632	1.493511	1.297774	5.308606	1.642967
29412	-1786.12	-2066.319	280.1997	0.377848	0.398877	0.11007	0.113205	1.298834	1.272865	4.535098	1.642967
29418	-1790.451	-2072.711	282.2601	0.490816	0.301566	0.139961	0.0676577	1.589858	1.331317	3.392456	1.213031
29424	-1794.938	-2077.005	282.0661	0.477084	0.293129	0.0970853	0.132702	1.361387	1.391959	3.392456	1.586294
29430	-1802.024	-2083.386	281.3622	0.673225	0.173429	0.0647886	0.088557	1.111067	1.147081	3.911228	1.945202
29436	-1816.508	-2095.801	279.2929	0.570055	0.272034	0.0910289	0.0668826	1.113298	1.141446	5.112259	1.865374
29442	-1812.313	-2092.654	280.341	0.612598	0.146332	0.168393	0.0726764	1.858658	1.117897	4.130198	1.967793
29448	-1796.736	-2075.886	279.1499	0.524674	0.225622	0.203858	0.0458466	1.858658	1.164995	5.008005	1.452855
29454	-1811.833	-2090.579	278.7464	0.540583	0.232463	0.155979	0.0709742	1.663596	1.171952	5.171432	1.761147
29460	-1807.305	-2089.541	282.2357	0.48821	0.308141	0.139963	0.0636863	0.9660839	1.153843	3.762933	1.365696
29466	-1805.564	-2087.958	282.3938	0.425857	0.416841	0.120908	0.0363939	1.240365	1.293252	3.481285	1.279577
29472	-1819.018	-2100.677	281.6582	0.51213	0.39904	0.0709431	0.0178879	0.8433496	1.33747	3.481285	2.70204
29478	-1796.794	-2080.234	283.4396	0.475742	0.41365	0.0659025	0.0447054	0.8373725	1.566912	2.811525	1.509445
29484	-1797.304	-2079.116	281.8118	0.508027	0.347203	0.126354	0.018416	1.408993	1.412338	3.318111	1.985872
29490	-1817.109	-2097.74	280.631	0.807503	0.0735727	0.0182635	0.10066	1.465779	1.288143	4.1859	1.670317
29496	-1818.522	-2099.938	281.4161	0.568801	0.361745	0.0117282	0.0577252	0.8607883	1.08981	4.154794	1.725727
29502	-1823.183	-2104.847	281.6643	0.641267	0.207854	0.103092	0.047787	1.179451	1.348978	3.490738	2.157844
29508	-1823.318	-2105.28	281.9625	0.59601	0.29631	0.0625041	0.0451763	1.976328	1.481422	3.134738	1.52061
29514	-1805.45	-2086.358	280.9086	0.705281	0.16729	0.0199035	0.107525	1.596503	1.496677	3.570739	2.296601
29520	-1803.657	-2086.992	283.3345	0.627802	0.228289	0.0318514	0.112057	1.136071	1.443181	2.734356	1.574911
29526	-1796.881	-2079.43	282.5487	0.671065	0.244021	0.0340463	0.0508677	1.671457	1.430838	2.932672	1.56992
29532	-1806.373	-2087.609	281.2364	0.594941	0.173302	0.158395	0.0733617	2.106453	1.24509	3.159022	2.632836
29538	-1815.926	-2097.111	281.1853	0.624195	0.181823	0.166184	0.0277988	1.59158	1.329806	3.377183	2.632836
29544	-1807.236	-2088.303	281.0665	0.54641	0.23151	0.168343	0.0537372	3.134929	1.425527	3.117337	1.78071
29550	-1802.448	-2084.371	281.9226	0.686409	0.160359	0.143566	0.00966614	2.058572	1.40574	2.988111	1.888488
29556	-1804.516	-2085.955	281.4394	0.686746	0.0484849	0.248067	0.0167021	2.058572	1.406786	2.905569	2.780366
29562	-1840.218	-2122.834	282.6153	0.712333	0.143967	0.126375	0.0173243	1.762453	1.352663	2.355089	2.775425
29568	-1812.129	-2094.868	282.7391	0.728077	0.113766	0.129168	0.0289885	1.220335	1.453695	2.840291	1.990463
29574	-1809.172	-2092.472	283.2996	0.639669	0.0991068	0.230946	0.0302779	1.524876	1.376056	2.442997	1.844638
29580	-1804.14	-2087.53	283.3904	0.616288	0.2035	0.0986474	0.0815641	1.198075	1.528585	2.4388	1.91847
29586	-1823.679	-2105.307	281.6281	0.409622	0.432547	0.0405384	0.117293	1.704102	1.547775	3.186108	2.014003
29592	-1811.689	-2095.817	284.1271	0.431882	0.456054	0.0427414	0.069323	1.097348	1.455923	2.19239	1.689561
29598	-1819.466	-2103.59	284.1239	0.516108	0.252236	0.0927204	0.138935	1.097348	1.611245	1.977029	1.910642
29604	-1815.667	-2099.53	283.8629	0.563604	0.275448	0.113945	0.0470029	2.119805	1.938945	1.640096	1.380212
29610	-1815.978	-2100.005	284.0269	0.592335	0.173805	0.174599	0.0592608	1.561672	1.838978	2.008953	1.204929
29616	-1805.024	-2088.014	282.9894	0.543217	0.165431	0.234946	0.0564055	1.837019	1.613145	2.237739	2.028192
29622	-1810.524	-2093.362	282.8378	0.655311	0.222337	0.0422683	0.0800837	1.157156	1.267615	3.124156	1.581774
29628	-1807.328	-2085.69	278.3617	0.646974	0.253774	0.0605655	0.038686	2.539328	1.123377	5.049129	1.774084
29634	-1812.96	-2094.357	281.397	0.621825	0.281949	0.0532448	0.0429811	1.435778	1.099521	3.891753	1.6271
29640	-1816.969	-2099.337	282.368	0.650965	0.0246316	0.22458	0.0998238	1.39021	1.303026	2.636845	3.038821
29646	-1821.839	-2105.044	283.2054	0.597502	0.107201	0.219243	0.0760543	1.515387	1.245122	2.636845	1.746221
29652	-1810.828	-2092.47	281.6419	0.386986	0.409399	0.161623	0.041992	1.288996	1.11524	4.190714	0.9209288
29658	-1813.643	-2093.598	279.9546	0.497663	0.275569	0.172854	0.0539129	1.185406	1.15479	4.792689	1.653716
29664	-1805.109	-2086.24	281.131	0.549161	0.241396	0.159649	0.0497941	1.386052	1.451472	4.04583	1.271876
29670	-1802.184	-2084.348	282.1649	0.553236	0.243187	0.160833	0.0427438	1.386052	1.486577	3.3206	1.477309
29676	-1798.303	-2081.5	283.1974	0.526883	0.318901	0.0544656	0.0997504	1.556941	1.548313	2.612143	1.402174
29682	-1798.215	-2079.896	281.6803	0.721251	0.0478797	0.074558	0.156311	2.154905	1.340111	2.941076	2.319579
29688	-1794.893	-2077.554	282.6608	0.706725	0.0551344	0.085855	0.152285	1.459012	1.428682	2.887448	1.745606
29694	-1811.342	-2095.056	283.7141	0.472967	0.466867	0.033722	0.0264444	1.459012	1.439011	2.437629	1.35379
29700	-1811.547	-2096.17	284.6223	0.434012	0.394176	0.0339778	0.137834	1.208762	1.738568	1.677927	1.542211
29706	-1815.424	-2099.446	284.0214	0.343872	0.536524	0.0103973	0.109207	0.9653744	1.632865	2.529143	1.156536
29712	-1804.306	-2089.014	284.7073	0.389875	0.501956	0.018904	0.0892652	0.8277772	1.582599	2.351167	0.9421565
29718	-1801.178	-2085.036	283.8583	0.644274	0.246602	0.0455862	0.0635381	1.229562	1.587693	2.474655	1.19711
29724	-1799.1	-2083.263	284.1633	0.508708	0.332267	0.05164	0.107385	1.530656	1.647458	2.157196	1.055652
29730	-1790.561	-2074.717	284.1568	0.519985	0.339633	0.0306157	0.109766	0.8269635	1.682451	2.463341	1.2224
29736	-1792.451	-2075.993	283.542	0.457791	0.346069	0.0995029	0.096637	1.31373	1.454687	2.591531	1.39793
29742	-1792.682	-2075.517	282.8354	0.598003	0.210641	0.073732	0.117624	1.371672	1.40177	2.925423	1.583454
29748	-1817.083	-2098.458	281.3748	0.572751	0.243974	0.0706184	0.112657	1.383285	1.506571	3.679385	1.663748
29754	-1798.029	-2079.799	281.769	0.667903	0.284506	0.0168454	0.0307456	1.170957	1.384552	3.635107	1.663748
29760	-1795.671	-2077.854	282.1827	0.272305	0.58304	0.118815	0.0258388	1.170957	1.278504	3.803274	1.004183
29766	-1803.613	-2086.601	282.9884	0.46909	0.43258	0.068662	0.029668	0.9517376	1.251133	3.360321	1.20954
29772	-1807.741	-2090.124	282.383	0.404478	0.451014	0.0638795	0.0806283	0.9642441	1.209601	3.793049	1.094649
29778	-1818.352	-2099.695	281.3436	0.37762	0.421067	0.163004	0.0383088	1.548307	1.077128	4.15313	1.094649
29784	-1816.278	-2098.377	282.0988	0.500611	0.239573	0.228466	0.0313505	0.910685	1.186287	3.769838	1.535606
29790	-1822.034	-2105.391	283.3563	0.565924	0.354494	0.0667346	0.0128468	1.350696	1.480591	2.869168	1.048684
29796	-1822.379	-2105.178	282.7993	0.407248	0.369942	0.190894	0.031916	1.554758	1.480591	2.961368	1.285633
29802	-1828.425	-2111.309	282.8841	0.284836	0.417338	0.271766	0.0260604	0.844503	1.218678	3.674974	0.9114891
29808	-1821.468	-2103.698	282.2294	0.485006	0.256361	0.241855	0.0167786	1.331474	1.464673	3.449837	1.239699
29814	-1810.985	-2095.179	284.1932	0.370557	0.398486	0.184783	0.0461739	1.829588	1.695436	1.890075	1.137177
29820	-1821.832	-2105.256	283.4239	0.469459	0.286027	0.132401	0.112113	1.574131	1.644544	2.549533	1.146035
29826	-1824.922	-2107.978	283.0564	0.54009	0.3018	0.0267178	0.131392	1.740748	1.45602	2.472565	1.764916
29832	-1803.846	-2086.691	282.8454	0.631934	0.204536	0.0312612	0.132269	1.323862	1.496556	2.601374	2.188182
29838	-1800.99	-2083.497	282.5077	0.799574	0.0719095	0.0231098	0.105407	1.323862	1.526295	2.686705	2.431987
29844	-1801.423	-2081.731	280.3079	0.759092	0.0770416	0.0943368	0.06953	1.323862	1.26676	3.836753	3.264694
29850	-1790.347	-2072.168	281.8212	0.714345	0.0676771	0.125488	0.0924897	1.323862	1.219205	3.515709	1.884723
29856	-1784.999	-2067.588	282.5887	0.551523	0.270115	0.0906589	0.0877029	0.934419	1.251852	3.363807	1.677198
29862	-1781.897	-2062.543	280.6466	0.724681	0.0409577	0.119123	0.115238	1.141455	1.013328	4.216586	2.337439
29868	-1780.584	-2061.755	281.171	0.706457	0.10736	0.102005	0.084179	1.277353	1.083883	3.929286	2.032373
29874	-1793.573	-2074.859	281.2859	0.444324	0.310795	0.191937	0.0529441	1.417308	1.236501	3.77778	1.86152
29880	-1802.611	-2084.392	281.7812	0.696123	0.0998417	0.0677909	0.136245	1.934465	1.434893	2.845812	2.504676
29886	-1803.762	-2085.335	281.5732	0.772011	0.0422747	0.0346164	0.151097	1.607513	1.336991	3.27598	2.281136
29892	-1802.845	-2083.474	280.6289	0.89943	0.0140866	0.0272553	0.0592279	1.945264	1.267895	3.27598	3.488402
29898	-1801.195	-2080.728	279.5331	0.619485	0.0951442	0.0873662	0.198005	1.048873	1.118499	4.884053	2.209847
29904	-1800.036	-2078.817	278.7811	0.64557	0.0800878	0.16034	0.114002	1.010824	1.087641	5.171084	2.65891
29910	-1811.492	-2090.363	278.871	0.730184	0.0297958	0.105467	0.134553	1.592	1.013273	4.914618	2.526971
29916	-1803.869	-2085.657	281.788	0.728648	0.00830449	0.128777	0.13427	1.592	1.523805	2.982705	2.432606
29922	-1814.885	-2097.185	282.2999	0.723311	0.0247194	0.124134	0.127835	1.343064	1.606233	2.982705	1.908685
29928	-1808.011	-2090.39	282.3789	0.740451	0.0253051	0.151839	0.0824042	1.438129	1.564212	2.595625	2.638519
29934	-1802.702	-2085.485	282.7833	0.718558	0.034293	0.135476	0.111673	1.438129	1.787436	2.335671	2.319729
29940	-1799.168	-2081.842	282.6737	0.631522	0.115771	0.161314	0.0913924	1.360526	1.77543	2.306329	2.674819
29946	-1800.888	-2082.464	281.5759	0.654134	0.0635548	0.187647	0.0946647	1.820062	1.569545	3.121496	2.076344
29952	-1800.192	-2082.246	282.0542	0.683828	0.13215	0.122316	0.0617064	1.534531	1.359299	3.121496	2.030599
29958	-1820.893	-2103.672	282.7783	0.602597	0.149282	0.138173	0.109948	1.332412	1.274617	3.04631	1.605336
29964	-1828.432	-2110.967	282.5355	0.643428	0.159397	0.0879296	0.109246	1.316653	1.462007	3.098169	1.584908
29970	-1820.146	-2102.714	282.5681	0.794143	0.0229983	0.0735231	0.109335	1.547566	1.557095	2.74029	1.910877
29976	-1805.415	-2088.325	282.91	0.53598	0.250699	0.0481123	0.165209	1.362993	1.471784	2.597669	2.092721
29982	-1817.425	-2097.906	280.4804	0.583851	0.258498	0.0613682	0.0962826	0.708488	1.015685	4.560011	2.330939
29988	-1802.338	-2083.523	281.1849	0.48278	0.405779	0.0233232	0.0881173	1.157042	1.246747	3.933055	1.938987
29994	-1805.873	-2086.704	280.8309	0.549598	0.287558	0.0488529	0.11399	0.9360656	1.366137	4.109347	2.132404
30000	-1807.534	-2087.556	280.0225	0.731523	0.0598894	0.00979856	0.198789	1.312094	1.184874	4.438376	2.195871
30006	-1806.417	-2086.796	280.3799	0.730982	0.0587354	0.0116409	0.198642	1.233164	1.061625	4.406059	2.053068
30012	-1829.555	-2112.599	283.0447	0.80349	0.0198121	0.0757435	0.100954	0.999293	1.268926	2.75064	2.323591
30018	-1806.328	-2089.086	282.7581	0.793751	0.01096	0.0674792	0.12781	0.886282	1.268926	2.770452	2.890401
30024	-1819.471	-2100.439	280.9674	0.737646	0.0271031	0.00579619	0.229455	1.367303	1.224166	3.490816	3.162456
30030	-1822.888	-2105.639	282.751	0.704716	0.0500756	0.0331633	0.212045	1.367303	1.483584	2.407017	2.753348
30036	-1807.905	-2090.656	282.7504	0.583874	0.199817	0.0322876	0.184021	1.363145	1.339885	2.680854	2.311899
30042	-1823.442	-2103.814	280.3727	0.663137	0.119521	0.0324418	0.1849	1.150328	1.153807	4.412272	2.029298
30048	-1805.698	-2085.837	280.1385	0.734241	0.113764	0.0308793	0.121115	1.255156	1.09053	4.168039	2.972383
30054	-1811.488	-2094.551	283.0636	0.740332	0.150227	0.0208297	0.0886111	1.025816	1.516792	2.629428	2.187471
30060	-1807.425	-2088.349	280.9239	0.490563	0.386615	0.0298726	0.0929488	1.034749	1.262447	4.420149	1.344689
30066	-1804.813	-2087.033	282.2197	0.590433	0.228043	0.0725812	0.108943	1.258132	1.161575	3.386426	1.808805
30072	-1812.93	-2094.471	281.5411	0.451265	0.303508	0.0554735	0.189753	1.875925	1.268845	3.704565	1.228347
30078	-1796.585	-2078.123	281.5375	0.442987	0.391437	0.072932	0.0926434	1.361626	1.176871	3.956225	1.322889
30084	-1817.296	-2098.313	281.0174	0.56577	0.271791	0.0139342	0.148504	1.256655	1.121972	4.310595	1.375992
30090	-1825.753	-2109.949	284.1959	0.599206	0.300199	0.0913088	0.00928614	1.101544	1.989154	1.290645	2.608286
30096	-1834.158	-2119.816	285.6583	0.38581	0.48378	0.109583	0.0208265	0.9433344	1.957734	1.226551	1.096396
30102	-1819.396	-2103.801	284.4052	0.647448	0.185858	0.12846	0.0382342	1.427255	1.957734	1.154318	2.143804
30108	-1816.747	-2099.894	283.1474	0.46812	0.499703	0.0216374	0.0105388	2.184937	1.896035	1.359919	2.849175
30114	-1810.489	-2094.342	283.8535	0.45309	0.467623	0.0276892	0.0515982	1.481775	1.752152	1.556967	2.434951
30120	-1805.063	-2088.484	283.4213	0.555007	0.394623	0.0395665	0.0108038	1.275159	1.465696	2.332804	2.08854
30126	-1813.76	-2096.602	282.8421	0.446377	0.492735	0.0379396	0.0229487	1.483478	1.631144	2.658659	1.708467
30132	-1801.939	-2084.959	283.0199	0.820952	0.0929398	0.0445235	0.0415845	1.186344	1.432707	2.504808	2.435917
30138	-1796.672	-2080.868	284.1956	0.545368	0.292523	0.122567	0.0395428	1.134993	1.761884	2.193173	1.218745
30144	-1808.155	-2092.665	284.5101	0.395595	0.515067	0.0538933	0.035444	1.066299	1.781171	1.797239	1.585341
30150	-1799.117	-2083.098	283.9809	0.402945	0.50924	0.0620742	0.0257407	1.013438	1.714625	2.409541	1.264185
30156	-1809.469	-2090.965	281.4963	0.407882	0.515479	0.0551515	0.0214875	2.976093	1.6116	2.790965	1.806328
30162	-1823.339	-2105.714	282.3752	0.417992	0.402889	0.00189079	0.177229	1.083434	1.295552	3.550334	1.331661
30168	-1822.983	-2105.644	282.6605	0.464517	0.447732	0.00210125	0.0856496	1.35683	1.215961	3.030814	1.827709
30174	-1822.906	-2104.185	281.2795	0.692044	0.164841	0.0067941	0.136321	1.080266	1.074451	3.882607	2.266674
30180	-1812.823	-2091.185	278.3614	0.516418	0.347136	0.00682834	0.129618	3.166876	1.15406	4.572717	2.363291
30186	-1811.895	-2092.852	280.9571	0.648704	0.274653	0.00540255	0.071241	1.498848	1.495639	3.031284	3.901274
30192	-1810.271	-2091.685	281.4138	0.641892	0.271769	0.0158466	0.0704929	1.200237	1.447433	3.486758	2.355431
30198	-1824.564	-2107.179	282.6144	0.739544	0.191459	0.00888188	0.0601152	0.9772396	1.515445	2.874269	2.327228
30204	-1806.017	-2087.232	281.2154	0.481495	0.321562	0.0457146	0.151229	1.5451	1.431667	3.710408	1.712162
30210	-1819.132	-2101.032	281.8996	0.750782	0.121724	0.0496952	0.077798	1.832358	1.424764	2.973256	2.157634
30216	-1813.26	-2095.991	282.731	0.773908	0.0946712	0.051226	0.0801943	1.761688	1.284746	2.585759	2.157634
30222	-1812.395	-2094.406	282.0108	0.697108	0.0968512	0.0433994	0.162642	1.297907	1.263551	3.272155	2.159161
30228	-1825.984	-2107.699	281.7154	0.588743	0.201101	0.102509	0.107646	0.9788392	1.289297	3.89569	1.526758
30234	-1812.27	-2095.895	283.6248	0.573979	0.237685	0.121157	0.0671796	0.9304814	1.54307	2.728124	1.372087
30240	-1805.262	-2087.797	282.5355	0.634814	0.191705	0.0977198	0.0757613	1.00494	1.234557	3.163888	2.114533
30246	-1802.364	-2084.077	281.7134	0.706804	0.155868	0.0529756	0.0843529	1.130048	1.556759	3.386468	2.114533
30252	-1785.57	-2069.013	283.4425	0.659527	0.095906	0.0999168	0.14465	1.516172	1.578327	2.267803	1.766609
30258	-1796.053	-2078.031	281.9773	0.757624	0.0587173	0.0531267	0.130532	1.381707	1.578327	2.675118	3.142341
30264	-1815.638	-2097.323	281.6845	0.720835	0.0579555	0.0317402	0.18947	1.590764	1.461038	2.785785	3.225716
30270	-1818.537	-2099.769	281.2323	0.474152	0.402539	0.0167845	0.106524	0.9213436	1.270359	4.161104	1.640012
30276	-1814.988	-2096.986	281.9988	0.542022	0.340985	0.0159248	0.101068	1.086212	1.455159	3.477297	1.72822
30282	-1807.665	-2089.372	281.7068	0.43692	0.421178	0.0195442	0.122358	1.110032	1.568241	3.552221	1.762023
30288	-1825.373	-2107.158	281.7853	0.649359	0.214078	0.029047	0.107516	1.133932	1.352961	3.552221	1.906887
30294	-1808.848	-2090.294	281.4458	0.725229	0.157459	0.00633971	0.110972	1.512519	1.195067	3.604936	1.988662
30300	-1813.341	-2094.899	281.5574	0.641704	0.121493	0.0240862	0.212718	1.443997	1.325613	3.355823	2.326585
30306	-1823.867	-2104.983	281.116	0.89089	0.0244346	0.02253	0.062145	2.328725	1.453851	2.947947	2.800762
30312	-1808.792	-2091.277	282.4855	0.661757	0.0115538	0.115673	0.211017	1.320183	1.576295	2.818594	2.09063
30318	-1822.295	-2105.152	282.8573	0.757495	0.0612566	0.0776216	0.103627	1.320183	1.370352	2.700101	2.129227
30324	-1806.967	-2086.251	279.2836	0.656083	0.12218	0.094961	0.126775	1.541138	1.220261	4.922682	1.717988
30330	-1805.458	-2086.338	280.8803	0.627989	0.226427	0.0908946	0.05469	1.498425	1.058551	4.349892	1.28207
30336	-1808.745	-2091.45	282.7044	0.604479	0.13859	0.192074	0.0648568	1.252341	1.408504	3.151098	1.41663
30342	-1820.586	-2102.369	281.7832	0.6725	0.154185	0.10116	0.0721551	1.252341	1.341961	3.89521	1.105323
30348	-1814.597	-2095.999	281.4015	0.469414	0.319102	0.152132	0.0593519	1.291038	1.327018	3.755004	1.794239
30354	-1796.319	-2078.422	282.1027	0.496089	0.252579	0.188608	0.0627246	0.8363399	1.328352	3.800818	1.394575
30360	-1804.354	-2082.7	278.3459	0.723037	0.136491	0.0750648	0.0654068	2.272117	1.125108	4.855857	2.522949
30366	-1810.39	-2090.865	280.4741	0.570925	0.241105	0.130799	0.0571709	1.043583	0.9996861	4.612763	1.770042
30372	-1805.501	-2085.061	279.5596	0.528672	0.270239	0.146605	0.0544841	1.202473	1.045408	4.96862	1.86904
30378	-1801.999	-2082.823	280.8239	0.566208	0.147299	0.19062	0.0958733	1.174236	1.081776	4.262821	1.849162
30384	-1807.276	-2089.446	282.1698	0.600235	0.172704	0.101799	0.125262	1.105587	1.346178	3.401338	1.789288
30390	-1816.322	-2098.879	282.5564	0.621917	0.178942	0.0988664	0.100274	1.268254	1.292702	3.45751	1.123454
30396	-1805.689	-2087.16	281.4711	0.498324	0.266355	0.133164	0.102157	1.022568	1.219475	4.170726	1.288204
30402	-1827.201	-2108.221	281.0205	0.453218	0.409575	0.0022376	0.134969	1.196801	1.338238	3.955029	1.934727
30408	-1827.069	-2109.405	282.3355	0.583041	0.257606	0.00572318	0.153629	1.513964	1.490975	3.201048	1.381323
30414	-1824.904	-2106.106	281.2019	0.501418	0.431161	0.00492196	0.0624995	1.369536	1.104604	4.229278	1.237606
30420	-1808.725	-2088.292	279.5671	0.567636	0.388515	0.00109059	0.0427574	1.485956	0.9494416	5.127775	1.327774
30426	-1826.809	-2105.157	278.3479	0.575306	0.376976	0.0062308	0.0414875	1.634904	1.13907	5.625794	1.327784
30432	-1813.689	-2094.79	281.1013	0.442681	0.43397	0.0429288	0.0804196	1.120475	1.050613	4.474983	1.186016
30438	-1825.683	-2104.59	278.9073	0.506673	0.257402	0.120881	0.115043	1.42284	0.9520599	5.511052	1.347563
30444	-1816.209	-2097.184	280.9758	0.54702	0.189416	0.130507	0.133058	1.35923	1.390463	3.894409	1.868093
30450	-1815.128	-2098.465	283.3376	0.441327	0.482496	0.027595	0.0485821	0.9468086	1.525253	2.8043	1.559945
30456	-1809.463	-2092.959	283.4961	0.39234	0.506517	0.0487691	0.0523741	1.041713	1.648532	2.572798	1.559957
30462	-1810.537	-2093.913	283.3763	0.48932	0.440953	0.0248644	0.0448625	1.143147	1.520844	2.872645	1.180067
30468	-1817.661	-2101.024	283.3632	0.463692	0.394768	0.0235622	0.117978	1.265396	1.56963	2.756125	1.223266
30474	-1791.526	-2073.961	282.4354	0.634167	0.278382	0.0213462	0.0661049	1.176726	1.399636	3.236641	1.656346
30480	-1802.428	-2083.826	281.398	0.482651	0.390464	0.0561668	0.0707187	1.19185	1.52722	3.507799	2.223563
30486	-1792.388	-2072.974	280.586	0.496626	0.426025	0.0492135	0.0281353	1.19185	1.1708	4.6425	1.216308
30492	-1800.826	-2081.336	280.5104	0.504262	0.432575	0.0499701	0.0131927	2.043458	1.355994	3.955008	1.662364
30498	-1801.387	-2081.19	279.8026	0.434713	0.469952	0.0810028	0.0143327	0.6596255	1.242684	5.180633	1.534535
30504	-1792.211	-2073.49	281.2798	0.602825	0.360921	0.0221046	0.0141501	1.023545	1.342358	3.860693	2.026173
30510	-1784.821	-2065.48	280.6587	0.532956	0.409374	0.050303	0.007367	1.239959	1.405733	4.247059	1.61046
30516	-1790.503	-2069.721	279.2179	0.481021	0.492722	0.022903	0.0033542	1.542539	1.255065	5.099902	1.378038
30522	-1781.182	-2061.811	280.6282	0.639515	0.298106	0.0578487	0.00452992	1.542539	1.513966	3.933834	1.861427
30528	-1789.356	-2070.279	280.9229	0.63079	0.283186	0.0795124	0.00651188	1.542539	1.416231	4.077235	1.328452
30534	-1792.256	-2073.314	281.058	0.665455	0.201057	0.097941	0.0355473	1.38839	1.303406	4.077235	1.45433
30540	-1799.046	-2080.583	281.5374	0.45315	0.307872	0.153514	0.0854636	1.200737	1.410949	3.815795	1.502395
30546	-1792.748	-2076.182	283.434	0.534949	0.353252	0.0327824	0.0790168	1.112895	1.58753	2.839499	1.137563
30552	-1785.059	-2068.169	283.11	0.512991	0.365277	0.0400245	0.0817068	1.162749	1.491145	2.96515	1.313256
30558	-1796.195	-2080.106	283.9115	0.463525	0.316762	0.127359	0.0923546	1.122172	1.577746	2.471919	1.26471
30564	-1797.189	-2079.583	282.3935	0.539851	0.299198	0.0124527	0.148498	2.043315	1.558988	2.471919	2.197797
30570	-1809.878	-2092.696	282.8178	0.747531	0.103747	0.041093	0.107629	3.052111	1.571061	1.943414	1.814956
30576	-1798.063	-2081.916	283.8532	0.68955	0.0979233	0.113245	0.0992814	1.349224	1.525595	2.166473	1.699608
30582	-1800.497	-2084.542	284.0447	0.64029	0.0725896	0.221634	0.0654863	1.054826	1.631351	1.833682	2.339199
30588	-1805.963	-2090.345	284.3829	0.681826	0.00882268	0.256867	0.0524834	1.095085	1.47485	1.911211	1.881423
30594	-1806.781	-2089.671	282.8898	0.675092	0.0445022	0.204291	0.0761153	2.001518	1.692503	1.773906	2.903836
30600	-1802.521	-2086.513	283.9914	0.754815	0.0401287	0.0622479	0.142808	1.919219	1.623549	1.482909	2.057809
30606	-1814.926	-2097.986	283.0592	0.757771	0.106765	0.0660283	0.0694357	4.092038	1.689408	1.422319	1.580542
30612	-1812.557	-2095.772	283.2154	0.732859	0.141605	0.0166327	0.108903	2.114024	1.676349	1.686787	2.482554
30618	-1808.915	-2092.157	283.2421	0.634641	0.153647	0.0935472	0.118165	1.90062	1.58044	1.961616	2.236174
30624	-1817.238	-2100.383	283.1445	0.727032	0.133498	0.0368015	0.102669	1.18946	1.512694	2.285224	2.647977
30630	-1819.508	-2102.592	283.0838	0.72396	0.0626916	0.0761366	0.137212	1.367665	1.623624	2.133854	2.67889
30636	-1816.163	-2097.812	281.6489	0.717732	0.0341317	0.112105	0.136031	1.864082	1.436911	3.015271	2.361874
30642	-1823.086	-2106.497	283.4103	0.520294	0.290085	0.184819	0.00480168	1.993103	1.726591	1.695515	2.238472
30648	-1827.885	-2109.903	282.0179	0.766987	0.111022	0.119542	0.00244968	2.077453	1.553157	2.677863	2.231925
30654	-1811.449	-2094.263	282.8149	0.602706	0.219465	0.1705	0.00732867	1.084095	1.463373	2.555894	2.727611
30660	-1815.582	-2096.184	280.6021	0.651945	0.204693	0.127328	0.0160334	2.007285	1.469466	2.832903	4.522821
30666	-1824.31	-2105.887	281.5765	0.586036	0.161947	0.227568	0.0244484	1.067225	1.381959	3.235355	3.076592
30672	-1807.831	-2089.36	281.5298	0.620366	0.169711	0.107977	0.101946	1.218058	1.27941	3.165385	3.288609
30678	-1805.21	-2087.066	281.8559	0.726168	0.121316	0.0331844	0.119332	1.540968	1.29464	3.063963	2.535534
30684	-1813.266	-2093.741	280.475	0.814367	0.047516	0.031002	0.107115	1.536577	1.263575	3.847336	2.653199
30690	-1822.396	-2103.487	281.0903	0.808891	0.0589024	0.0204197	0.111787	1.842013	1.398006	3.401993	2.306812
30696	-1814.811	-2097.006	282.1953	0.679028	0.15962	0.0155873	0.145765	1.842013	1.377958	2.915217	1.941839
30702	-1825.614	-2107.202	281.5878	0.51168	0.135114	0.250711	0.102495	1.41768	1.436959	3.44912	1.944148
30708	-1809.751	-2093.25	283.4991	0.535761	0.141473	0.215447	0.107319	1.488602	1.610845	2.064133	2.090326
30714	-1816.316	-2099.992	283.6754	0.663437	0.161661	0.0522691	0.122633	1.627108	1.641845	2.114087	1.580283
30720	-1811.306	-2094.858	283.5517	0.776729	0.0739116	0.0640035	0.085356	1.343323	1.414964	2.293442	1.980858
30726	-1814.993	-2097.579	282.5867	0.463568	0.093492	0.40172	0.04122	2.221096	1.29603	2.567483	1.910925
30732	-1810.839	-2093.995	283.1556	0.552649	0.176345	0.242092	0.0289133	0.9613583	1.294024	3.222472	1.224458
30738	-1819.467	-2100.321	280.8545	0.509407	0.235026	0.22315	0.0324165	1.340276	1.35693	4.180558	1.467554
30744	-1829.143	-2107.789	278.6458	0.586596	0.181105	0.131937	0.100362	2.135333	1.152772	5.013635	1.811611
30750	-1808.804	-2089.583	280.7792	0.693646	0.053362	0.215178	0.0378146	1.381026	1.301152	4.090786	1.770117
30756	-1819.7	-2099.932	280.2327	0.712452	0.016859	0.12695	0.143739	1.484853	1.371695	3.824168	3.006291
30762	-1811.501	-2093.077	281.5767	0.823601	0.0140868	0.106075	0.0562371	1.652975	1.371695	3.244859	2.248123
30768	-1815.526	-2098.631	283.1053	0.639707	0.0844183	0.0823906	0.193485	2.167855	1.631106	1.879545	2.248123
30774	-1807.375	-2090.373	282.9973	0.797703	0.105291	0.0139089	0.0830973	1.611609	1.680978	1.676582	3.513155
30780	-1795.89	-2078.204	282.3138	0.637696	0.293781	0.0185249	0.0499986	2.082632	1.4709	2.769858	1.744529
30786	-1813.73	-2095.68	281.9499	0.523411	0.357377	0.0785873	0.0406246	2.349419	1.416691	2.908384	1.744529
30792	-1819.014	-2102.239	283.225	0.523411	0.357377	0.0785873	0.0406246	1.456597	1.576333	2.451059	1.744529
30798	-1827.673	-2111.26	283.5866	0.607038	0.210416	0.0911436	0.0914021	2.603796	1.765288	1.692413	1.429568
30804	-1807.527	-2089.442	281.9151	0.382457	0.40507	0.146243	0.0662299	1.081908	1.301785	3.882141	1.20297
30810	-1811.291	-2093.899	282.6075	0.451965	0.395214	0.0997418	0.0530788	1.219103	1.264575	3.187337	1.663836
30816	-1810.895	-2091.654	280.7588	0.426369	0.459591	0.0717428	0.0422973	1.231711	1.275873	4.009274	2.200765
30822	-1809.011	-2089.855	280.8443	0.705137	0.0454001	0.17951	0.0699522	1.247994	1.126555	4.066378	2.12929
30828	-1804.409	-2084.706	280.2969	0.632921	0.138343	0.164596	0.0641401	1.247994	1.069229	4.627216	1.629989
30834	-1827.346	-2107.218	279.8715	0.361729	0.517469	0.0341992	0.0866036	1.065961	1.254633	4.872191	1.600691
30840	-1822.205	-2103.081	280.876	0.528632	0.205088	0.244447	0.0218324	1.065961	1.210367	4.349302	1.567476
30846	-1820.055	-2099.229	279.1735	0.775232	0.0706525	0.139698	0.0144172	1.719322	1.240768	4.349302	3.12838
30852	-1803.436	-2085.524	282.0876	0.700235	0.0953467	0.111001	0.0934173	1.06427	1.352587	3.015364	2.894553
30858	-1809.533	-2092.53	282.9974	0.628533	0.168383	0.110277	0.0928079	1.296189	1.416662	3.015364	1.289908
30864	-1810.223	-2092.156	281.9326	0.628533	0.168383	0.110277	0.0928079	0.9932056	1.282761	3.397585	2.354924
30870	-1830.197	-2110.08	279.8837	0.784885	0.0598159	0.0131041	0.142195	1.697913	1.241132	3.755423	3.75945
30876	-1819.235	-2100.596	281.361	0.714051	0.137652	0.0237732	0.124524	1.431687	1.351662	3.147543	3.170693
30882	-1807.59	-2089.98	282.3901	0.562172	0.353514	0.0316238	0.05269	1.126908	1.293832	3.314318	1.738753
30888	-1807.038	-2089.328	282.2901	0.568649	0.369678	0.0197065	0.0419669	1.468714	1.31182	3.198479	1.6954
30894	-1802.598	-2085.257	282.6591	0.733406	0.120952	0.0183131	0.127329	1.468714	1.358917	2.834114	1.938284
30900	-1805.922	-2088.631	282.7088	0.718909	0.106887	0.0219044	0.152299	1.434817	1.42968	2.79253	1.909152
